日期,时间段,气温,风向编码,风力编码,降水强度,天气_多云,天气_晴,天气_阴,天气_雨,天气_雪,天气_雾霾沙尘
2011/1/2,0,0.0,9,0,1,0,0,0,0,1,0
2011/1/2,1,-6.0,8,0,0,0,0,1,0,0,0
2011/1/3,0,0.0,9,0,0,0,0,1,0,0,0
2011/1/3,1,-5.0,8,0,0,1,0,0,0,0,0
2011/1/4,0,0.0,9,0,0,0,0,1,0,0,0
2011/1/4,1,-5.0,8,0,0,0,0,1,0,0,0
2011/1/5,0,0.0,9,0,0,0,0,0,0,0,1
2011/1/5,1,-6.0,8,0,0,1,0,0,0,0,0
2011/1/6,0,-1.0,9,0,0,0,0,1,0,0,0
2011/1/6,1,-6.0,9,0,0,0,0,1,0,0,0
2011/1/7,0,1.0,9,0,0,1,0,0,0,0,0
2011/1/7,1,-5.0,8,0,0,1,0,0,0,0,0
2011/1/8,0,0.0,9,0,0,1,0,0,0,0,0
2011/1/8,1,-6.0,8,0,0,1,0,0,0,0,0
2011/1/9,0,1.0,9,0,0,0,0,1,0,0,0
2011/1/9,1,-4.0,8,0,0,1,0,0,0,0,0
2011/1/10,0,1.0,9,0,0,1,0,0,0,0,0
2011/1/10,1,-5.0,8,0,0,0,1,0,0,0,0
2011/1/11,0,1.0,9,0,0,0,1,0,0,0,0
2011/1/11,1,-4.0,8,0,0,1,0,0,0,0,0
2011/1/12,0,4.0,9,0,0,1,0,0,0,0,0
2011/1/12,1,-4.0,8,0,0,1,0,0,0,0,0
2011/1/13,0,2.0,9,0,0,1,0,0,0,0,0
2011/1/13,1,-5.0,0,2,0,1,0,0,0,0,0
2011/1/14,0,3.0,9,0,0,1,0,0,0,0,0
2011/1/14,1,-6.0,8,0,0,0,1,0,0,0,0
2011/1/15,0,1.0,9,0,0,0,1,0,0,0,0
2011/1/15,1,-6.0,8,0,0,1,0,0,0,0,0
2011/1/16,0,3.0,9,0,0,0,0,1,0,0,0
2011/1/16,1,-6.0,8,0,0,0,0,1,0,0,0
2011/1/17,0,0.0,9,0,0,0,0,0,0,1,0
2011/1/17,1,-5.0,8,0,0,0,0,1,0,0,0
2011/1/18,0,0.0,9,0,0,0,0,1,0,0,0
2011/1/18,1,-5.0,8,0,0,0,0,1,0,0,0
2011/1/19,0,0.0,9,0,0,0,0,1,0,0,0
2011/1/19,1,-4.0,8,0,0,0,0,1,0,0,0
2011/1/20,0,2.0,9,0,0,0,0,1,0,0,0
2011/1/20,1,-4.0,9,0,0,1,0,0,0,0,0
2011/1/21,0,4.0,9,0,0,1,0,0,0,0,0
2011/1/21,1,-4.0,9,0,0,1,0,0,0,0,0
2011/1/22,0,2.0,9,0,0,1,0,0,0,0,0
2011/1/22,1,-5.0,9,0,0,0,1,0,0,0,0
2011/1/23,0,3.0,9,0,0,1,0,0,0,0,0
2011/1/23,1,-5.0,8,0,0,1,0,0,0,0,0
2011/1/24,0,4.0,9,0,0,0,1,0,0,0,0
2011/1/24,1,-5.0,8,0,0,1,0,0,0,0,0
2011/1/25,0,2.0,9,0,0,0,0,1,0,0,0
2011/1/25,1,-5.0,8,0,0,0,0,1,0,0,0
2011/1/26,0,2.0,9,0,1,0,0,0,0,1,0
2011/1/26,1,-3.0,8,0,2,0,0,0,0,1,0
2011/1/27,0,0.0,9,0,2,0,0,0,0,1,0
2011/1/27,1,-4.0,8,0,1,0,0,0,0,1,0
2011/1/28,0,0.0,9,0,0,0,0,1,0,0,0
2011/1/28,1,-5.0,8,0,0,1,0,0,0,0,0
2011/1/29,0,3.0,9,0,0,0,1,0,0,0,0
2011/1/29,1,-6.0,8,0,0,0,1,0,0,0,0
2011/1/30,0,3.0,9,0,0,0,1,0,0,0,0
2011/1/30,1,-5.0,8,0,0,1,0,0,0,0,0
2011/1/31,0,4.0,9,0,0,0,1,0,0,0,0
2011/1/31,1,-5.0,9,0,0,0,1,0,0,0,0
2011/2/1,0,5.0,9,0,0,0,1,0,0,0,0
2011/2/1,1,-4.0,8,0,0,0,1,0,0,0,0
2011/2/2,0,9.0,9,0,0,1,0,0,0,0,0
2011/2/2,1,-3.0,8,0,0,1,0,0,0,0,0
2011/2/3,0,10.0,9,0,0,0,1,0,0,0,0
2011/2/3,1,-2.0,8,0,0,0,1,0,0,0,0
2011/2/4,0,11.0,9,0,0,0,1,0,0,0,0
2011/2/4,1,0.0,8,0,0,0,1,0,0,0,0
2011/2/5,0,14.0,9,0,0,0,1,0,0,0,0
2011/2/5,1,1.0,8,0,0,0,1,0,0,0,0
2011/2/6,0,11.0,9,0,0,0,0,1,0,0,0
2011/2/6,1,2.0,8,0,0,0,0,1,0,0,0
2011/2/7,0,13.0,9,0,0,0,1,0,0,0,0
2011/2/7,1,2.0,8,0,0,0,0,1,0,0,0
2011/2/8,0,9.0,9,0,0,0,0,1,0,0,0
2011/2/8,1,0.0,8,0,1,0,0,0,1,0,0
2011/2/9,0,4.0,1,2,1,0,0,0,1,0,0
2011/2/9,1,-1.0,8,0,1,0,0,0,0,1,0
2011/2/10,0,6.0,9,0,0,1,0,0,0,0,0
2011/2/10,1,0.0,8,0,0,1,0,0,0,0,0
2011/2/11,0,6.0,9,0,0,0,0,1,0,0,0
2011/2/11,1,0.0,8,0,0,0,0,1,0,0,0
2011/2/12,0,4.0,9,0,1,0,0,0,0,1,0
2011/2/12,1,-2.0,8,0,0,0,0,1,0,0,0
2011/2/13,0,7.0,9,0,0,0,1,0,0,0,0
2011/2/13,1,-3.0,8,0,0,0,1,0,0,0,0
2011/2/14,0,10.0,9,0,0,1,0,0,0,0,0
2011/2/14,1,-2.0,8,0,0,1,0,0,0,0,0
2011/2/15,0,6.0,9,0,0,0,0,1,0,0,0
2011/2/15,1,-2.0,9,0,0,0,0,1,0,0,0
2011/2/16,0,6.0,9,0,0,1,0,0,0,0,0
2011/2/16,1,-2.0,8,0,0,1,0,0,0,0,0
2011/2/17,0,7.0,9,0,0,0,0,1,0,0,0
2011/2/17,1,1.0,8,0,0,0,0,1,0,0,0
2011/2/18,0,6.0,9,0,1,0,0,0,0,1,0
2011/2/18,1,1.0,8,0,0,0,0,1,0,0,0
2011/2/19,0,8.0,9,0,0,0,0,1,0,0,0
2011/2/19,1,3.0,9,0,0,0,0,1,0,0,0
2011/2/20,0,11.0,9,0,0,0,0,1,0,0,0
2011/2/20,1,2.0,8,0,0,0,0,1,0,0,0
2011/2/21,0,11.0,9,0,0,0,0,1,0,0,0
2011/2/21,1,3.0,9,0,0,0,0,1,0,0,0
2011/2/22,0,11.0,9,0,0,0,0,1,0,0,0
2011/2/22,1,4.0,8,0,0,1,0,0,0,0,0
2011/2/23,0,17.0,9,0,0,1,0,0,0,0,0
2011/2/23,1,4.0,8,0,0,1,0,0,0,0,0
2011/2/24,0,17.0,9,0,0,1,0,0,0,0,0
2011/2/24,1,4.0,8,0,1,0,0,0,1,0,0
2011/2/25,0,8.0,2,2,1,0,0,0,1,0,0
2011/2/25,1,3.0,2,2,2,0,0,0,1,0,0
2011/2/26,0,5.0,1,2,1,0,0,0,1,0,0
2011/2/26,1,0.0,8,0,1,0,0,0,0,1,0
2011/2/27,0,4.0,1,2,1,0,0,0,0,1,0
2011/2/27,1,0.0,9,0,1,0,0,0,0,1,0
2011/2/28,0,5.0,9,0,1,0,0,0,0,1,0
2011/2/28,1,0.0,8,0,0,0,0,1,0,0,0
2011/3/1,0,8.0,9,0,0,1,0,0,0,0,0
2011/3/1,1,0.0,8,0,0,0,1,0,0,0,0
2011/3/2,0,12.0,9,0,0,0,1,0,0,0,0
2011/3/2,1,1.0,8,0,0,0,1,0,0,0,0
2011/3/3,0,10.0,9,0,0,1,0,0,0,0,0
2011/3/3,1,1.0,8,0,0,1,0,0,0,0,0
2011/3/4,0,12.0,9,0,0,1,0,0,0,0,0
2011/3/4,1,4.0,8,0,0,0,0,1,0,0,0
2011/3/5,0,9.0,9,0,0,0,0,1,0,0,0
2011/3/5,1,3.0,8,0,0,0,0,1,0,0,0
2011/3/6,0,13.0,9,0,0,0,0,1,0,0,0
2011/3/6,1,2.0,8,0,0,0,1,0,0,0,0
2011/3/7,0,16.0,9,0,0,0,1,0,0,0,0
2011/3/7,1,3.0,8,0,0,0,1,0,0,0,0
2011/3/8,0,17.0,9,0,0,1,0,0,0,0,0
2011/3/8,1,4.0,8,0,0,1,0,0,0,0,0
2011/3/9,0,13.0,9,0,0,1,0,0,0,0,0
2011/3/9,1,3.0,8,0,0,0,1,0,0,0,0
2011/3/10,0,15.0,9,0,0,1,0,0,0,0,0
2011/3/10,1,5.0,8,0,0,1,0,0,0,0,0
2011/3/11,0,17.0,9,0,0,0,1,0,0,0,0
2011/3/11,1,5.0,8,0,0,0,1,0,0,0,0
2011/3/12,0,19.0,9,0,0,0,1,0,0,0,0
2011/3/12,1,9.0,8,0,0,1,0,0,0,0,0
2011/3/13,0,20.0,9,0,0,1,0,0,0,0,0
2011/3/13,1,5.0,5,2,0,1,0,0,0,0,0
2011/3/14,0,10.0,7,2,0,0,0,1,0,0,0
2011/3/14,1,1.0,7,2,0,1,0,0,0,0,0
2011/3/15,0,12.0,9,0,0,0,1,0,0,0,0
2011/3/15,1,1.0,8,0,0,0,1,0,0,0,0
2011/3/16,0,15.0,9,0,0,0,1,0,0,0,0
2011/3/16,1,3.0,8,0,0,0,1,0,0,0,0
2011/3/17,0,19.0,9,0,0,1,0,0,0,0,0
2011/3/17,1,6.0,8,0,0,0,0,1,0,0,0
2011/3/18,0,15.0,9,0,0,1,0,0,0,0,0
2011/3/18,1,7.0,8,0,0,0,0,1,0,0,0
2011/3/19,0,9.0,9,0,1,0,0,0,1,0,0
2011/3/19,1,3.0,8,0,1,0,0,0,1,0,0
2011/3/20,0,6.0,9,0,1,0,0,0,1,0,0
2011/3/20,1,3.0,8,0,1,0,0,0,1,0,0
2011/3/21,0,7.0,9,0,0,0,0,1,0,0,0
2011/3/21,1,1.0,8,0,0,0,0,1,0,0,0
2011/3/22,0,12.0,9,0,0,1,0,0,0,0,0
2011/3/22,1,2.0,8,0,0,1,0,0,0,0,0
2011/3/23,0,12.0,9,0,0,1,0,0,0,0,0
2011/3/23,1,2.0,8,0,0,1,0,0,0,0,0
2011/3/24,0,11.0,9,0,0,1,0,0,0,0,0
2011/3/24,1,3.0,8,0,0,1,0,0,0,0,0
2011/3/25,0,15.0,9,0,0,0,1,0,0,0,0
2011/3/25,1,3.0,8,0,0,0,1,0,0,0,0
2011/3/26,0,17.0,9,0,0,0,1,0,0,0,0
2011/3/26,1,4.0,9,0,0,0,1,0,0,0,0
2011/3/27,0,17.0,9,0,0,0,1,0,0,0,0
2011/3/27,1,5.0,8,0,0,1,0,0,0,0,0
2011/3/28,0,19.0,9,0,0,0,1,0,0,0,0
2011/3/28,1,7.0,8,0,0,0,1,0,0,0,0
2011/3/29,0,21.0,9,0,0,1,0,0,0,0,0
2011/3/29,1,9.0,8,0,0,1,0,0,0,0,0
2011/3/30,0,22.0,9,0,0,0,1,0,0,0,0
2011/3/30,1,11.0,8,0,0,1,0,0,0,0,0
2011/3/31,0,22.0,9,0,0,1,0,0,0,0,0
2011/3/31,1,12.0,8,0,0,0,0,1,0,0,0
2011/4/1,0,17.0,8,1,1,0,0,0,1,0,0
2011/4/1,1,7.0,8,1,1,0,0,0,1,0,0
2011/4/2,0,13.0,8,1,1,0,0,0,1,0,0
2011/4/2,1,4.0,8,1,0,1,0,0,0,0,0
2011/4/3,0,13.0,8,1,0,1,0,0,0,0,0
2011/4/3,1,4.0,8,1,0,1,0,0,0,0,0
2011/4/4,0,13.0,8,1,0,0,0,1,0,0,0
2011/4/4,1,5.0,8,1,0,0,0,1,0,0,0
2011/4/5,0,14.0,8,1,1,0,0,0,1,0,0
2011/4/5,1,8.0,1,2,1,0,0,0,1,0,0
2011/4/6,0,13.0,8,1,0,0,0,1,0,0,0
2011/4/6,1,8.0,8,1,0,0,0,1,0,0,0
2011/4/7,0,15.0,8,1,0,1,0,0,0,0,0
2011/4/7,1,7.0,8,1,0,1,0,0,0,0,0
2011/4/8,0,19.0,8,1,0,1,0,0,0,0,0
2011/4/8,1,10.0,8,1,0,1,0,0,0,0,0
2011/4/9,0,24.0,8,1,0,1,0,0,0,0,0
2011/4/9,1,10.0,8,1,0,0,1,0,0,0,0
2011/4/10,0,24.0,8,1,0,0,1,0,0,0,0
2011/4/10,1,9.0,8,1,0,0,1,0,0,0,0
2011/4/11,0,20.0,8,1,0,1,0,0,0,0,0
2011/4/11,1,11.0,8,1,0,1,0,0,0,0,0
2011/4/12,0,24.0,8,1,0,1,0,0,0,0,0
2011/4/12,1,12.0,8,1,0,0,1,0,0,0,0
2011/4/13,0,27.0,8,1,0,0,1,0,0,0,0
2011/4/13,1,15.0,8,1,0,1,0,0,0,0,0
2011/4/14,0,28.0,8,1,0,1,0,0,0,0,0
2011/4/14,1,15.0,8,1,0,1,0,0,0,0,0
2011/4/15,0,27.0,8,1,0,0,1,0,0,0,0
2011/4/15,1,17.0,8,1,0,1,0,0,0,0,0
2011/4/16,0,27.0,0,2,0,0,0,1,0,0,0
2011/4/16,1,15.0,8,1,0,0,1,0,0,0,0
2011/4/17,0,26.0,8,1,0,0,1,0,0,0,0
2011/4/17,1,15.0,8,1,0,0,1,0,0,0,0
2011/4/18,0,28.0,8,1,0,0,1,0,0,0,0
2011/4/18,1,15.0,8,1,0,0,1,0,0,0,0
2011/4/19,0,28.0,8,1,0,1,0,0,0,0,0
2011/4/19,1,15.0,8,1,0,1,0,0,0,0,0
2011/4/20,0,22.0,8,1,1,0,0,0,1,0,0
2011/4/20,1,12.0,8,1,0,0,0,1,0,0,0
2011/4/21,0,25.0,8,1,0,0,1,0,0,0,0
2011/4/21,1,12.0,8,1,0,0,1,0,0,0,0
2011/4/22,0,28.0,8,1,0,0,1,0,0,0,0
2011/4/22,1,13.0,0,2,0,0,1,0,0,0,0
2011/4/23,0,30.0,8,1,0,0,1,0,0,0,0
2011/4/23,1,14.0,8,1,0,0,1,0,0,0,0
2011/4/24,0,30.0,0,2,0,0,1,0,0,0,0
2011/4/24,1,15.0,0,2,0,0,1,0,0,0,0
2011/4/25,0,31.0,7,2,0,0,1,0,0,0,0
2011/4/25,1,17.0,6,2,0,0,1,0,0,0,0
2011/4/26,0,31.0,5,2,0,0,1,0,0,0,0
2011/4/26,1,18.0,8,1,0,1,0,0,0,0,0
2011/4/27,0,29.0,8,1,0,1,0,0,0,0,0
2011/4/27,1,19.0,8,1,0,1,0,0,0,0,0
2011/4/28,0,32.0,8,1,0,1,0,0,0,0,0
2011/4/28,1,18.0,8,1,0,1,0,0,0,0,0
2011/4/29,0,33.0,8,1,0,0,0,1,0,0,0
2011/4/29,1,15.0,7,2,0,1,0,0,0,0,0
2011/4/30,0,28.0,8,1,0,1,0,0,0,0,0
2011/4/30,1,18.0,8,1,0,0,0,1,0,0,0
2011/5/1,0,27.0,8,1,1,0,0,0,1,0,0
2011/5/1,1,9.0,8,1,1,0,0,0,1,0,0
2011/5/2,0,22.0,8,1,0,1,0,0,0,0,0
2011/5/2,1,10.0,8,1,0,0,1,0,0,0,0
2011/5/3,0,26.0,8,1,0,1,0,0,0,0,0
2011/5/3,1,13.0,8,1,0,0,0,1,0,0,0
2011/5/4,0,29.0,8,1,0,0,1,0,0,0,0
2011/5/4,1,15.0,8,1,0,0,1,0,0,0,0
2011/5/5,0,30.0,8,1,0,1,0,0,0,0,0
2011/5/5,1,18.0,8,1,0,1,0,0,0,0,0
2011/5/6,0,31.0,8,1,0,1,0,0,0,0,0
2011/5/6,1,20.0,1,1,0,1,0,0,0,0,0
2011/5/7,0,32.0,8,1,0,0,0,1,0,0,0
2011/5/7,1,22.0,8,1,0,0,0,1,0,0,0
2011/5/8,0,31.0,8,1,3,0,0,0,1,0,0
2011/5/8,1,15.0,8,1,3,0,0,0,1,0,0
2011/5/9,0,21.0,8,1,1,0,0,0,1,0,0
2011/5/9,1,13.0,8,1,2,0,0,0,1,0,0
2011/5/10,0,21.0,8,1,1,0,0,0,1,0,0
2011/5/10,1,11.0,8,1,0,1,0,0,0,0,0
2011/5/11,0,26.0,8,1,0,0,1,0,0,0,0
2011/5/11,1,14.0,8,1,0,1,0,0,0,0,0
2011/5/12,0,25.0,8,1,0,0,1,0,0,0,0
2011/5/12,1,14.0,8,1,0,1,0,0,0,0,0
2011/5/13,0,23.0,8,1,0,1,0,0,0,0,0
2011/5/13,1,13.0,8,1,0,0,0,1,0,0,0
2011/5/14,0,25.0,8,1,0,0,0,1,0,0,0
2011/5/14,1,15.0,8,1,0,0,1,0,0,0,0
2011/5/15,0,29.0,8,1,0,0,1,0,0,0,0
2011/5/15,1,15.0,8,1,0,0,1,0,0,0,0
2011/5/16,0,31.0,8,1,0,0,1,0,0,0,0
2011/5/16,1,19.0,8,1,0,0,1,0,0,0,0
2011/5/17,0,35.0,8,1,0,0,1,0,0,0,0
2011/5/17,1,22.0,8,1,0,1,0,0,0,0,0
2011/5/18,0,36.0,8,1,0,1,0,0,0,0,0
2011/5/18,1,23.0,7,2,0,1,0,0,0,0,0
2011/5/19,0,31.0,8,1,0,0,0,1,0,0,0
2011/5/19,1,21.0,8,1,0,0,0,1,0,0,0
2011/5/20,0,24.0,8,1,3,0,0,0,1,0,0
2011/5/20,1,13.0,8,1,2,0,0,0,1,0,0
2011/5/21,0,17.0,8,1,1,0,0,0,1,0,0
2011/5/21,1,11.0,8,1,1,0,0,0,1,0,0
2011/5/22,0,22.0,8,1,0,0,0,1,0,0,0
2011/5/22,1,11.0,8,1,0,1,0,0,0,0,0
2011/5/23,0,24.0,8,1,0,1,0,0,0,0,0
2011/5/23,1,13.0,8,1,0,0,0,1,0,0,0
2011/5/24,0,22.0,8,1,1,0,0,0,1,0,0
2011/5/24,1,14.0,8,1,0,0,0,1,0,0,0
2011/5/25,0,27.0,8,1,0,1,0,0,0,0,0
2011/5/25,1,15.0,8,1,0,0,1,0,0,0,0
2011/5/26,0,29.0,8,1,0,1,0,0,0,0,0
2011/5/26,1,17.0,8,1,0,1,0,0,0,0,0
2011/5/27,0,31.0,8,1,0,0,1,0,0,0,0
2011/5/27,1,19.0,8,1,0,1,0,0,0,0,0
2011/5/28,0,31.0,8,1,0,0,0,1,0,0,0
2011/5/28,1,17.0,8,1,1,0,0,0,1,0,0
2011/5/29,0,25.0,8,1,1,0,0,0,1,0,0
2011/5/29,1,17.0,8,1,0,0,0,1,0,0,0
2011/5/30,0,25.0,8,1,0,1,0,0,0,0,0
2011/5/30,1,17.0,8,1,0,1,0,0,0,0,0
2011/5/31,0,30.0,8,1,0,0,1,0,0,0,0
2011/5/31,1,19.0,8,1,0,0,1,0,0,0,0
2011/6/1,0,32.0,8,1,0,0,1,0,0,0,0
2011/6/1,1,18.0,8,1,0,1,0,0,0,0,0
2011/6/2,0,30.0,8,1,0,1,0,0,0,0,0
2011/6/2,1,19.0,8,1,0,1,0,0,0,0,0
2011/6/3,0,30.0,8,1,0,0,0,1,0,0,0
2011/6/3,1,19.0,8,1,0,0,0,1,0,0,0
2011/6/4,0,29.0,8,1,0,1,0,0,0,0,0
2011/6/4,1,19.0,8,1,0,1,0,0,0,0,0
2011/6/5,0,30.0,8,1,0,1,0,0,0,0,0
2011/6/5,1,20.0,8,1,0,0,0,1,0,0,0
2011/6/6,0,33.0,8,1,0,0,1,0,0,0,0
2011/6/6,1,21.0,8,1,0,0,1,0,0,0,0
2011/6/7,0,37.0,8,1,0,0,1,0,0,0,0
2011/6/7,1,22.0,8,1,0,0,1,0,0,0,0
2011/6/8,0,37.0,8,1,0,1,0,0,0,0,0
2011/6/8,1,24.0,8,1,0,0,0,1,0,0,0
2011/6/9,0,28.0,8,1,3,0,0,0,1,0,0
2011/6/9,1,18.0,8,1,0,0,0,1,0,0,0
2011/6/10,0,33.0,8,1,0,1,0,0,0,0,0
2011/6/10,1,20.0,8,1,0,1,0,0,0,0,0
2011/6/11,0,35.0,8,1,0,1,0,0,0,0,0
2011/6/11,1,22.0,8,1,0,1,0,0,0,0,0
2011/6/12,0,33.0,8,1,0,0,0,1,0,0,0
2011/6/12,1,22.0,8,1,0,1,0,0,0,0,0
2011/6/13,0,33.0,8,1,0,0,0,1,0,0,0
2011/6/13,1,24.0,8,1,0,0,0,1,0,0,0
2011/6/14,0,34.0,8,1,0,0,0,1,0,0,0
2011/6/14,1,23.0,8,1,0,1,0,0,0,0,0
2011/6/15,0,36.0,8,1,0,0,1,0,0,0,0
2011/6/15,1,24.0,8,1,0,1,0,0,0,0,0
2011/6/16,0,35.0,8,1,0,0,0,1,0,0,0
2011/6/16,1,20.0,8,1,1,0,0,0,1,0,0
2011/6/17,0,26.0,8,1,1,0,0,0,1,0,0
2011/6/17,1,19.0,8,1,1,0,0,0,1,0,0
2011/6/18,0,31.0,8,1,0,1,0,0,0,0,0
2011/6/18,1,21.0,8,1,0,0,0,1,0,0,0
2011/6/19,0,28.0,8,1,0,0,0,1,0,0,0
2011/6/19,1,24.0,8,1,0,0,0,1,0,0,0
2011/6/20,0,27.0,8,1,1,0,0,0,1,0,0
2011/6/20,1,19.0,8,1,1,0,0,0,1,0,0
2011/6/21,0,24.0,8,1,2,0,0,0,1,0,0
2011/6/21,1,19.0,8,1,2,0,0,0,1,0,0
2011/6/22,0,25.0,8,1,1,0,0,0,1,0,0
2011/6/22,1,20.0,8,1,1,0,0,0,1,0,0
2011/6/23,0,35.0,8,1,0,1,0,0,0,0,0
2011/6/23,1,21.0,8,1,0,0,1,0,0,0,0
2011/6/24,0,36.0,8,1,0,0,1,0,0,0,0
2011/6/24,1,23.0,8,1,0,0,1,0,0,0,0
2011/6/25,0,34.0,8,1,0,0,1,0,0,0,0
2011/6/25,1,21.0,8,1,0,1,0,0,0,0,0
2011/6/26,0,25.0,8,1,3,0,0,0,1,0,0
2011/6/26,1,21.0,8,1,1,0,0,0,1,0,0
2011/6/27,0,31.0,8,1,0,1,0,0,0,0,0
2011/6/27,1,20.0,8,1,0,0,1,0,0,0,0
2011/6/28,0,35.0,8,1,0,0,1,0,0,0,0
2011/6/28,1,22.0,8,1,0,0,1,0,0,0,0
2011/6/29,0,35.0,8,1,0,1,0,0,0,0,0
2011/6/29,1,25.0,8,1,0,1,0,0,0,0,0
2011/6/30,0,36.0,8,1,0,1,0,0,0,0,0
2011/6/30,1,27.0,8,1,0,1,0,0,0,0,0
2011/7/1,0,35.0,8,1,0,0,0,1,0,0,0
2011/7/1,1,28.0,8,1,0,1,0,0,0,0,0
2011/7/2,0,36.0,6,2,3,0,0,0,1,0,0
2011/7/2,1,24.0,5,2,3,0,0,0,1,0,0
2011/7/3,0,29.0,8,1,1,0,0,0,1,0,0
2011/7/3,1,23.0,8,1,1,0,0,0,1,0,0
2011/7/4,0,27.0,8,1,1,0,0,0,1,0,0
2011/7/4,1,22.0,8,1,1,0,0,0,1,0,0
2011/7/5,0,26.0,8,1,2,0,0,0,1,0,0
2011/7/5,1,20.0,8,1,3,0,0,0,1,0,0
2011/7/6,0,23.0,8,1,1,0,0,0,1,0,0
2011/7/6,1,19.0,8,1,1,0,0,0,1,0,0
2011/7/7,0,30.0,8,1,0,1,0,0,0,0,0
2011/7/7,1,20.0,8,1,0,0,1,0,0,0,0
2011/7/8,0,36.0,8,1,0,0,1,0,0,0,0
2011/7/8,1,21.0,8,1,0,0,1,0,0,0,0
2011/7/9,0,35.0,8,1,0,1,0,0,0,0,0
2011/7/9,1,22.0,8,1,0,0,0,1,0,0,0
2011/7/10,0,33.0,8,1,0,0,0,1,0,0,0
2011/7/10,1,23.0,8,1,0,0,0,1,0,0,0
2011/7/11,0,29.0,8,1,1,0,0,0,1,0,0
2011/7/11,1,23.0,8,1,0,0,0,1,0,0,0
2011/7/12,0,30.0,8,1,0,1,0,0,0,0,0
2011/7/12,1,24.0,8,1,0,1,0,0,0,0,0
2011/7/13,0,32.0,8,1,0,1,0,0,0,0,0
2011/7/13,1,25.0,8,1,0,1,0,0,0,0,0
2011/7/14,0,36.0,8,1,0,1,0,0,0,0,0
2011/7/14,1,25.0,8,1,0,1,0,0,0,0,0
2011/7/15,0,36.0,8,1,0,1,0,0,0,0,0
2011/7/15,1,24.0,8,1,0,0,1,0,0,0,0
2011/7/16,0,36.0,8,1,0,1,0,0,0,0,0
2011/7/16,1,25.0,8,1,0,1,0,0,0,0,0
2011/7/17,0,36.0,8,1,3,0,0,0,1,0,0
2011/7/17,1,25.0,8,1,0,1,0,0,0,0,0
2011/7/18,0,35.0,8,1,0,1,0,0,0,0,0
2011/7/18,1,24.0,8,1,0,0,1,0,0,0,0
2011/7/19,0,35.0,8,1,0,1,0,0,0,0,0
2011/7/19,1,25.0,8,1,0,1,0,0,0,0,0
2011/7/20,0,34.0,8,1,0,1,0,0,0,0,0
2011/7/20,1,25.0,8,1,0,1,0,0,0,0,0
2011/7/21,0,33.0,8,1,1,0,0,0,1,0,0
2011/7/21,1,22.0,8,1,1,0,0,0,1,0,0
2011/7/22,0,29.0,8,1,1,0,0,0,1,0,0
2011/7/22,1,22.0,8,1,1,0,0,0,1,0,0
2011/7/23,0,29.0,8,1,1,0,0,0,1,0,0
2011/7/23,1,25.0,8,1,0,0,0,1,0,0,0
2011/7/24,0,36.0,8,1,0,1,0,0,0,0,0
2011/7/24,1,27.0,8,1,0,1,0,0,0,0,0
2011/7/25,0,38.0,8,1,0,1,0,0,0,0,0
2011/7/25,1,27.0,8,1,0,1,0,0,0,0,0
2011/7/26,0,36.0,8,1,0,1,0,0,0,0,0
2011/7/26,1,26.0,8,1,1,0,0,0,1,0,0
2011/7/27,0,36.0,8,1,0,0,0,1,0,0,0
2011/7/27,1,25.0,8,1,0,0,1,0,0,0,0
2011/7/28,0,35.0,8,1,0,1,0,0,0,0,0
2011/7/28,1,22.0,6,2,2,0,0,0,1,0,0
2011/7/29,0,29.0,8,1,2,0,0,0,1,0,0
2011/7/29,1,21.0,8,1,1,0,0,0,1,0,0
2011/7/30,0,32.0,8,1,0,1,0,0,0,0,0
2011/7/30,1,22.0,8,1,0,1,0,0,0,0,0
2011/7/31,0,34.0,8,1,0,1,0,0,0,0,0
2011/7/31,1,22.0,8,1,0,1,0,0,0,0,0
2011/8/1,0,23.0,8,1,1,0,0,0,1,0,0
2011/8/1,1,18.0,8,1,0,0,0,1,0,0,0
2011/8/2,0,28.0,8,1,0,0,0,1,0,0,0
2011/8/2,1,20.0,8,1,0,1,0,0,0,0,0
2011/8/3,0,29.0,8,1,0,1,0,0,0,0,0
2011/8/3,1,21.0,8,1,0,0,0,1,0,0,0
2011/8/4,0,24.0,8,1,2,0,0,0,1,0,0
2011/8/4,1,19.0,8,1,2,0,0,0,1,0,0
2011/8/5,0,26.0,8,1,1,0,0,0,1,0,0
2011/8/5,1,19.0,8,1,0,0,0,1,0,0,0
2011/8/6,0,30.0,8,1,0,1,0,0,0,0,0
2011/8/6,1,21.0,8,1,0,0,1,0,0,0,0
2011/8/7,0,33.0,8,1,0,0,1,0,0,0,0
2011/8/7,1,21.0,8,1,0,0,1,0,0,0,0
2011/8/8,0,35.0,8,1,0,0,1,0,0,0,0
2011/8/8,1,24.0,8,1,0,0,1,0,0,0,0
2011/8/9,0,35.0,8,1,0,1,0,0,0,0,0
2011/8/9,1,24.0,8,1,0,1,0,0,0,0,0
2011/8/10,0,34.0,8,1,0,1,0,0,0,0,0
2011/8/10,1,24.0,8,1,0,1,0,0,0,0,0
2011/8/11,0,34.0,8,1,0,1,0,0,0,0,0
2011/8/11,1,24.0,8,1,0,1,0,0,0,0,0
2011/8/12,0,34.0,8,1,0,1,0,0,0,0,0
2011/8/12,1,25.0,8,1,0,1,0,0,0,0,0
2011/8/13,0,34.0,8,1,0,1,0,0,0,0,0
2011/8/13,1,26.0,8,1,0,1,0,0,0,0,0
2011/8/14,0,36.0,8,1,0,1,0,0,0,0,0
2011/8/14,1,27.0,8,1,0,1,0,0,0,0,0
2011/8/15,0,36.0,8,1,0,0,0,1,0,0,0
2011/8/15,1,27.0,8,1,3,0,0,0,1,0,0
2011/8/16,0,33.0,8,1,3,0,0,0,1,0,0
2011/8/16,1,23.0,8,1,0,0,0,1,0,0,0
2011/8/17,0,30.0,8,1,0,0,0,1,0,0,0
2011/8/17,1,25.0,8,1,0,0,0,1,0,0,0
2011/8/18,0,31.0,8,1,1,0,0,0,1,0,0
2011/8/18,1,24.0,8,1,1,0,0,0,1,0,0
2011/8/19,0,27.0,8,1,0,0,0,1,0,0,0
2011/8/19,1,19.0,8,1,1,0,0,0,1,0,0
2011/8/20,0,23.0,8,1,1,0,0,0,1,0,0
2011/8/20,1,17.0,8,1,2,0,0,0,1,0,0
2011/8/21,0,21.0,8,1,2,0,0,0,1,0,0
2011/8/21,1,17.0,8,1,0,0,0,1,0,0,0
2011/8/22,0,26.0,8,1,0,1,0,0,0,0,0
2011/8/22,1,18.0,8,1,0,0,0,1,0,0,0
2011/8/23,0,26.0,8,1,0,1,0,0,0,0,0
2011/8/23,1,19.0,8,1,0,1,0,0,0,0,0
2011/8/24,0,29.0,8,1,0,1,0,0,0,0,0
2011/8/24,1,21.0,8,1,1,0,0,0,1,0,0
2011/8/25,0,28.0,8,1,1,0,0,0,1,0,0
2011/8/25,1,21.0,8,1,0,1,0,0,0,0,0
2011/8/26,0,30.0,8,1,0,1,0,0,0,0,0
2011/8/26,1,20.0,8,1,0,1,0,0,0,0,0
2011/8/27,0,30.0,8,1,0,1,0,0,0,0,0
2011/8/27,1,21.0,8,1,0,1,0,0,0,0,0
2011/8/28,0,30.0,8,1,0,1,0,0,0,0,0
2011/8/28,1,22.0,8,1,0,1,0,0,0,0,0
2011/8/29,0,31.0,8,1,0,1,0,0,0,0,0
2011/8/29,1,22.0,8,1,0,0,1,0,0,0,0
2011/8/30,0,32.0,8,1,0,1,0,0,0,0,0
2011/8/30,1,23.0,8,1,0,1,0,0,0,0,0
2011/8/31,0,32.0,8,1,0,1,0,0,0,0,0
2011/8/31,1,23.0,8,1,0,0,1,0,0,0,0
2011/9/1,0,32.0,8,1,0,0,1,0,0,0,0
2011/9/1,1,23.0,8,1,0,1,0,0,0,0,0
2011/9/2,0,30.0,8,1,0,1,0,0,0,0,0
2011/9/2,1,23.0,8,1,0,1,0,0,0,0,0
2011/9/3,0,30.0,8,1,1,0,0,0,1,0,0
2011/9/3,1,20.0,8,1,1,0,0,0,1,0,0
2011/9/4,0,26.0,8,1,1,0,0,0,1,0,0
2011/9/4,1,17.0,8,1,1,0,0,0,1,0,0
2011/9/5,0,21.0,8,1,2,0,0,0,1,0,0
2011/9/5,1,16.0,8,1,3,0,0,0,1,0,0
2011/9/6,0,18.0,8,1,3,0,0,0,1,0,0
2011/9/6,1,15.0,8,1,2,0,0,0,1,0,0
2011/9/7,0,20.0,8,1,1,0,0,0,1,0,0
2011/9/7,1,15.0,8,1,0,0,0,1,0,0,0
2011/9/8,0,26.0,8,1,0,1,0,0,0,0,0
2011/9/8,1,17.0,8,1,0,0,0,1,0,0,0
2011/9/9,0,26.0,8,1,0,0,0,1,0,0,0
2011/9/9,1,18.0,8,1,0,0,0,1,0,0,0
2011/9/10,0,22.0,8,1,1,0,0,0,1,0,0
2011/9/10,1,15.0,8,1,1,0,0,0,1,0,0
2011/9/11,0,18.0,8,1,2,0,0,0,1,0,0
2011/9/11,1,16.0,8,1,1,0,0,0,1,0,0
2011/9/12,0,21.0,8,1,1,0,0,0,1,0,0
2011/9/12,1,16.0,8,1,1,0,0,0,1,0,0
2011/9/13,0,19.0,8,1,3,0,0,0,1,0,0
2011/9/13,1,17.0,8,1,1,0,0,0,1,0,0
2011/9/14,0,23.0,8,1,0,0,0,1,0,0,0
2011/9/14,1,18.0,8,1,0,0,0,1,0,0,0
2011/9/15,0,24.0,8,1,0,0,0,1,0,0,0
2011/9/15,1,18.0,8,1,0,0,0,1,0,0,0
2011/9/16,0,22.0,8,1,1,0,0,0,1,0,0
2011/9/16,1,15.0,8,1,1,0,0,0,1,0,0
2011/9/17,0,17.0,8,1,3,0,0,0,1,0,0
2011/9/17,1,13.0,8,1,3,0,0,0,1,0,0
2011/9/18,0,16.0,8,1,2,0,0,0,1,0,0
2011/9/18,1,9.0,2,1,1,0,0,0,1,0,0
2011/9/19,0,14.0,8,1,1,0,0,0,1,0,0
2011/9/19,1,10.0,8,1,0,0,0,1,0,0,0
2011/9/20,0,17.0,8,1,0,1,0,0,0,0,0
2011/9/20,1,12.0,8,1,0,0,1,0,0,0,0
2011/9/21,0,22.0,8,1,0,0,1,0,0,0,0
2011/9/21,1,13.0,8,1,0,0,1,0,0,0,0
2011/9/22,0,24.0,8,1,0,0,1,0,0,0,0
2011/9/22,1,14.0,8,1,0,1,0,0,0,0,0
2011/9/23,0,24.0,8,1,0,0,1,0,0,0,0
2011/9/23,1,14.0,8,1,0,1,0,0,0,0,0
2011/9/24,0,25.0,8,1,0,1,0,0,0,0,0
2011/9/24,1,15.0,8,1,0,1,0,0,0,0,0
2011/9/25,0,23.0,8,1,0,1,0,0,0,0,0
2011/9/25,1,17.0,8,1,0,1,0,0,0,0,0
2011/9/26,0,23.0,8,1,0,1,0,0,0,0,0
2011/9/26,1,15.0,8,1,0,0,0,1,0,0,0
2011/9/27,0,19.0,8,1,1,0,0,0,1,0,0
2011/9/27,1,13.0,8,1,2,0,0,0,1,0,0
2011/9/28,0,18.0,8,1,1,0,0,0,1,0,0
2011/9/28,1,12.0,8,1,0,0,0,1,0,0,0
2011/9/29,0,22.0,8,1,0,1,0,0,0,0,0
2011/9/29,1,14.0,8,1,0,1,0,0,0,0,0
2011/9/30,0,24.0,8,1,0,1,0,0,0,0,0
2011/9/30,1,15.0,8,1,0,1,0,0,0,0,0
2011/10/1,0,23.0,8,1,0,1,0,0,0,0,0
2011/10/1,1,16.0,8,1,0,0,0,1,0,0,0
2011/10/2,0,22.0,8,1,1,0,0,0,1,0,0
2011/10/2,1,14.0,8,1,1,0,0,0,1,0,0
2011/10/4,0,19.0,8,1,0,0,0,1,0,0,0
2011/10/4,1,12.0,8,1,0,0,1,0,0,0,0
2011/10/5,0,24.0,8,1,0,0,1,0,0,0,0
2011/10/5,1,13.0,8,1,0,0,1,0,0,0,0
2011/10/6,0,25.0,8,1,0,0,1,0,0,0,0
2011/10/6,1,13.0,8,1,0,0,1,0,0,0,0
2011/10/7,0,23.0,8,1,0,1,0,0,0,0,0
2011/10/7,1,14.0,8,1,0,1,0,0,0,0,0
2011/10/8,0,23.0,8,1,0,0,0,1,0,0,0
2011/10/8,1,16.0,8,1,0,0,0,1,0,0,0
2011/10/9,0,21.0,8,1,1,0,0,0,1,0,0
2011/10/9,1,16.0,8,1,0,0,0,1,0,0,0
2011/10/10,0,22.0,8,1,1,0,0,0,1,0,0
2011/10/10,1,15.0,8,1,1,0,0,0,1,0,0
2011/10/11,0,18.0,8,1,1,0,0,0,1,0,0
2011/10/11,1,13.0,8,1,1,0,0,0,1,0,0
2011/10/12,0,18.0,8,1,0,0,0,1,0,0,0
2011/10/12,1,13.0,8,1,0,0,0,1,0,0,0
2011/10/13,0,21.0,0,2,0,0,0,1,0,0,0
2011/10/13,1,11.0,0,2,0,0,1,0,0,0,0
2011/10/14,0,23.0,8,1,0,0,1,0,0,0,0
2011/10/14,1,9.0,0,2,0,0,1,0,0,0,0
2011/10/15,0,22.0,8,1,0,0,1,0,0,0,0
2011/10/15,1,10.0,8,1,0,0,1,0,0,0,0
2011/10/16,0,23.0,8,1,0,0,1,0,0,0,0
2011/10/16,1,11.0,8,1,0,0,1,0,0,0,0
2011/10/17,0,24.0,8,1,0,0,1,0,0,0,0
2011/10/17,1,11.0,8,1,0,1,0,0,0,0,0
2011/10/18,0,22.0,8,1,0,0,0,1,0,0,0
2011/10/18,1,12.0,8,1,0,0,0,1,0,0,0
2011/10/19,0,20.0,8,1,1,0,0,0,1,0,0
2011/10/19,1,13.0,8,1,0,0,0,1,0,0,0
2011/10/20,0,20.0,8,1,0,1,0,0,0,0,0
2011/10/20,1,13.0,8,1,0,1,0,0,0,0,0
2011/10/21,0,21.0,8,1,0,0,0,1,0,0,0
2011/10/21,1,13.0,8,1,1,0,0,0,1,0,0
2011/10/22,0,17.0,8,1,1,0,0,0,1,0,0
2011/10/22,1,12.0,8,1,1,0,0,0,1,0,0
2011/10/23,0,16.0,8,1,1,0,0,0,1,0,0
2011/10/23,1,10.0,8,1,0,1,0,0,0,0,0
2011/10/24,0,17.0,8,1,0,1,0,0,0,0,0
2011/10/24,1,10.0,8,1,0,0,0,1,0,0,0
2011/10/25,0,15.0,8,1,0,0,0,1,0,0,0
2011/10/25,1,9.0,8,1,1,0,0,0,1,0,0
2011/10/26,0,14.0,8,1,0,1,0,0,0,0,0
2011/10/26,1,10.0,8,1,0,1,0,0,0,0,0
2011/10/27,0,15.0,8,1,0,0,0,1,0,0,0
2011/10/27,1,9.0,8,1,0,1,0,0,0,0,0
2011/10/28,0,17.0,8,1,0,1,0,0,0,0,0
2011/10/28,1,9.0,8,1,0,0,1,0,0,0,0
2011/10/29,0,18.0,8,1,0,0,1,0,0,0,0
2011/10/29,1,9.0,8,1,0,1,0,0,0,0,0
2011/10/30,0,18.0,8,1,0,0,0,1,0,0,0
2011/10/30,1,10.0,8,1,0,0,0,1,0,0,0
2011/10/31,0,16.0,8,1,0,0,0,1,0,0,0
2011/10/31,1,10.0,8,1,0,0,0,1,0,0,0
2011/11/1,0,16.0,8,1,1,0,0,0,1,0,0
2011/11/1,1,11.0,8,1,1,0,0,0,1,0,0
2011/11/2,0,15.0,8,1,1,0,0,0,1,0,0
2011/11/2,1,12.0,8,1,1,0,0,0,1,0,0
2011/11/3,0,16.0,8,1,1,0,0,0,1,0,0
2011/11/3,1,12.0,8,1,1,0,0,0,1,0,0
2011/11/4,0,15.0,8,1,1,0,0,0,1,0,0
2011/11/4,1,11.0,8,1,1,0,0,0,1,0,0
2011/11/5,0,15.0,8,1,0,0,0,1,0,0,0
2011/11/5,1,11.0,8,1,1,0,0,0,1,0,0
2011/11/6,0,14.0,8,1,1,0,0,0,1,0,0
2011/11/6,1,11.0,8,1,1,0,0,0,1,0,0
2011/11/7,0,14.0,8,1,1,0,0,0,1,0,0
2011/11/7,1,8.0,8,1,0,0,0,1,0,0,0
2011/11/8,0,15.0,8,1,0,1,0,0,0,0,0
2011/11/8,1,7.0,8,1,0,0,1,0,0,0,0
2011/11/9,0,17.0,8,1,0,0,1,0,0,0,0
2011/11/9,1,6.0,8,1,0,0,1,0,0,0,0
2011/11/10,0,16.0,8,1,0,0,1,0,0,0,0
2011/11/10,1,7.0,8,1,0,0,1,0,0,0,0
2011/11/11,0,16.0,8,1,0,1,0,0,0,0,0
2011/11/11,1,8.0,8,1,0,0,0,1,0,0,0
2011/11/12,0,13.0,8,1,0,0,0,1,0,0,0
2011/11/12,1,8.0,8,1,0,0,0,1,0,0,0
2011/11/13,0,15.0,8,1,0,1,0,0,0,0,0
2011/11/13,1,7.0,8,1,0,1,0,0,0,0,0
2011/11/14,0,14.0,8,1,0,0,0,1,0,0,0
2011/11/14,1,7.0,8,1,1,0,0,0,1,0,0
2011/11/15,0,11.0,8,1,1,0,0,0,1,0,0
2011/11/15,1,8.0,8,1,1,0,0,0,1,0,0
2011/11/16,0,11.0,8,1,1,0,0,0,1,0,0
2011/11/16,1,9.0,8,1,1,0,0,0,1,0,0
2011/11/17,0,11.0,8,1,1,0,0,0,1,0,0
2011/11/17,1,9.0,8,1,1,0,0,0,1,0,0
2011/11/18,0,13.0,8,1,0,0,0,1,0,0,0
2011/11/18,1,5.0,8,1,0,1,0,0,0,0,0
2011/11/19,0,14.0,8,1,0,0,1,0,0,0,0
2011/11/19,1,5.0,8,1,0,0,1,0,0,0,0
2011/11/20,0,14.0,8,1,0,1,0,0,0,0,0
2011/11/20,1,7.0,8,1,0,1,0,0,0,0,0
2011/11/21,0,13.0,8,1,0,1,0,0,0,0,0
2011/11/21,1,5.0,8,1,0,1,0,0,0,0,0
2011/11/22,0,13.0,8,1,0,0,1,0,0,0,0
2011/11/22,1,3.0,8,1,0,0,1,0,0,0,0
2011/11/23,0,13.0,8,1,0,0,1,0,0,0,0
2011/11/23,1,4.0,8,1,0,0,1,0,0,0,0
2011/11/24,0,11.0,8,1,0,1,0,0,0,0,0
2011/11/24,1,4.0,8,1,0,1,0,0,0,0,0
2011/11/25,0,12.0,8,1,0,1,0,0,0,0,0
2011/11/25,1,4.0,8,1,0,1,0,0,0,0,0
2011/11/26,0,11.0,8,1,0,1,0,0,0,0,0
2011/11/26,1,7.0,8,1,0,0,0,1,0,0,0
2011/11/27,0,11.0,8,1,0,0,0,1,0,0,0
2011/11/27,1,6.0,8,1,1,0,0,0,1,0,0
2011/11/28,0,9.0,8,1,1,0,0,0,1,0,0
2011/11/28,1,6.0,8,1,1,0,0,0,1,0,0
2011/11/29,0,9.0,8,1,1,0,0,0,1,0,0
2011/11/29,1,3.0,8,1,0,0,0,1,0,0,0
2011/11/30,0,7.0,8,1,0,1,0,0,0,0,0
2011/11/30,1,1.0,8,1,0,1,0,0,0,0,0
2011/12/1,0,8.0,8,1,0,0,1,0,0,0,0
2011/12/1,1,1.0,8,1,0,0,1,0,0,0,0
2011/12/2,0,8.0,8,1,0,0,1,0,0,0,0
2011/12/2,1,1.0,8,1,0,0,1,0,0,0,0
2011/12/3,0,7.0,8,1,0,1,0,0,0,0,0
2011/12/3,1,2.0,8,1,0,0,0,1,0,0,0
2011/12/4,0,5.0,8,1,1,0,0,0,1,0,0
2011/12/4,1,3.0,8,1,1,0,0,0,1,0,0
2011/12/5,0,5.0,8,1,1,0,0,0,1,0,0
2011/12/5,1,2.0,8,1,0,0,0,1,0,0,0
2011/12/6,0,5.0,8,1,1,0,0,0,1,0,0
2011/12/6,1,1.0,8,1,1,0,0,0,1,0,0
2011/12/7,0,5.0,6,1,0,0,0,1,0,0,0
2011/12/7,1,1.0,8,1,0,0,1,0,0,0,0
2011/12/8,0,8.0,8,1,0,0,1,0,0,0,0
2011/12/8,1,-1.0,8,1,0,0,1,0,0,0,0
2011/12/9,0,6.0,8,1,0,0,1,0,0,0,0
2011/12/9,1,-3.0,8,1,0,0,1,0,0,0,0
2011/12/10,0,5.0,8,1,0,0,1,0,0,0,0
2011/12/10,1,-2.0,8,1,0,0,1,0,0,0,0
2011/12/11,0,7.0,8,1,0,0,1,0,0,0,0
2011/12/11,1,-2.0,8,1,0,0,1,0,0,0,0
2011/12/12,0,6.0,8,1,0,1,0,0,0,0,0
2011/12/12,1,-3.0,8,1,0,1,0,0,0,0,0
2011/12/13,0,7.0,8,1,0,0,1,0,0,0,0
2011/12/13,1,-2.0,8,1,0,1,0,0,0,0,0
2011/12/14,0,6.0,8,1,0,0,0,1,0,0,0
2011/12/14,1,-1.0,8,1,0,1,0,0,0,0,0
2011/12/15,0,6.0,8,1,0,0,1,0,0,0,0
2011/12/15,1,-3.0,8,1,0,0,1,0,0,0,0
2011/12/16,0,5.0,8,1,0,1,0,0,0,0,0
2011/12/16,1,-2.0,8,1,0,0,0,1,0,0,0
2011/12/17,0,4.0,8,1,0,0,0,1,0,0,0
2011/12/17,1,-2.0,8,1,0,0,0,1,0,0,0
2011/12/18,0,5.0,8,1,0,1,0,0,0,0,0
2011/12/18,1,-2.0,8,1,0,1,0,0,0,0,0
2011/12/19,0,5.0,8,1,0,0,0,1,0,0,0
2011/12/19,1,-1.0,8,1,0,0,0,1,0,0,0
2011/12/20,0,5.0,8,1,0,1,0,0,0,0,0
2011/12/20,1,-2.0,8,1,0,1,0,0,0,0,0
2011/12/21,0,4.0,8,1,1,0,0,0,1,0,0
2011/12/21,1,-2.0,8,1,0,1,0,0,0,0,0
2011/12/22,0,4.0,8,1,0,1,0,0,0,0,0
2011/12/22,1,-3.0,8,1,0,1,0,0,0,0,0
2011/12/23,0,5.0,8,1,0,0,1,0,0,0,0
2011/12/23,1,-3.0,8,1,0,0,1,0,0,0,0
2011/12/24,0,7.0,8,1,0,0,1,0,0,0,0
2011/12/24,1,-2.0,8,1,0,0,1,0,0,0,0
2011/12/25,0,8.0,8,1,0,0,1,0,0,0,0
2011/12/25,1,-2.0,8,1,0,1,0,0,0,0,0
2011/12/26,0,6.0,8,1,0,0,0,1,0,0,0
2011/12/26,1,-1.0,8,1,0,0,0,1,0,0,0
2011/12/27,0,6.0,8,1,0,1,0,0,0,0,0
2011/12/27,1,-2.0,8,1,0,0,1,0,0,0,0
2011/12/28,0,6.0,8,1,0,0,0,1,0,0,0
2011/12/28,1,-1.0,8,1,0,0,0,1,0,0,0
2011/12/29,0,5.0,9,0,0,1,0,0,0,0,0
2011/12/29,1,-2.0,8,0,0,1,0,0,0,0,0
2011/12/30,0,5.0,8,1,0,1,0,0,0,0,0
2011/12/30,1,-2.0,8,1,0,1,0,0,0,0,0
2011/12/31,0,6.0,8,1,0,0,1,0,0,0,0
2011/12/31,1,-2.0,8,1,0,0,1,0,0,0,0
2012/1/1,0,6.0,8,1,0,1,0,0,0,0,0
2012/1/1,1,-2.0,2,1,0,1,0,0,0,0,0
2012/1/2,0,4.0,2,1,0,0,0,1,0,0,0
2012/1/2,1,-4.0,8,1,0,0,1,0,0,0,0
2012/1/3,0,3.0,8,1,0,0,1,0,0,0,0
2012/1/3,1,-4.0,8,1,0,0,1,0,0,0,0
2012/1/4,0,3.0,8,1,0,1,0,0,0,0,0
2012/1/4,1,-3.0,8,1,0,1,0,0,0,0,0
2012/1/5,0,3.0,8,1,0,1,0,0,0,0,0
2012/1/5,1,-3.0,8,1,0,0,0,1,0,0,0
2012/1/6,0,3.0,8,1,0,0,0,1,0,0,0
2012/1/6,1,-4.0,8,1,0,1,0,0,0,0,0
2012/1/7,0,3.0,8,1,0,0,0,1,0,0,0
2012/1/7,1,-2.0,8,1,0,0,0,1,0,0,0
2012/1/8,0,3.0,8,1,0,0,0,1,0,0,0
2012/1/8,1,-3.0,8,1,0,1,0,0,0,0,0
2012/1/9,0,5.0,8,1,0,1,0,0,0,0,0
2012/1/9,1,-3.0,8,1,0,1,0,0,0,0,0
2012/1/10,0,4.0,8,1,0,1,0,0,0,0,0
2012/1/10,1,-4.0,8,1,0,0,0,1,0,0,0
2012/1/11,0,4.0,8,1,0,0,0,1,0,0,0
2012/1/11,1,-3.0,8,1,0,1,0,0,0,0,0
2012/1/12,0,5.0,8,1,0,0,0,1,0,0,0
2012/1/12,1,-2.0,8,1,0,0,0,1,0,0,0
2012/1/13,0,4.0,8,1,0,0,0,1,0,0,0
2012/1/13,1,-2.0,8,1,0,0,0,1,0,0,0
2012/1/14,0,4.0,8,1,0,1,0,0,0,0,0
2012/1/14,1,-1.0,8,1,0,0,0,1,0,0,0
2012/1/15,0,6.0,8,1,0,0,0,1,0,0,0
2012/1/15,1,-2.0,8,1,0,1,0,0,0,0,0
2012/1/16,0,5.0,8,1,0,0,0,1,0,0,0
2012/1/16,1,-1.0,8,1,0,0,0,1,0,0,0
2012/1/17,0,4.0,8,1,0,0,0,1,0,0,0
2012/1/17,1,-1.0,8,1,0,0,0,1,0,0,0
2012/1/18,0,3.0,8,1,1,0,0,0,0,1,0
2012/1/18,1,-2.0,8,1,1,0,0,0,0,1,0
2012/1/19,0,1.0,8,1,1,0,0,0,0,1,0
2012/1/19,1,-1.0,8,1,1,0,0,0,0,1,0
2012/1/20,0,3.0,8,1,2,0,0,0,0,1,0
2012/1/20,1,-1.0,8,1,2,0,0,0,0,1,0
2012/1/21,0,1.0,8,1,2,0,0,0,0,1,0
2012/1/21,1,-4.0,2,1,1,0,0,0,0,1,0
2012/1/22,0,1.0,8,1,0,1,0,0,0,0,0
2012/1/22,1,-6.0,8,1,0,1,0,0,0,0,0
2012/1/23,0,0.0,8,1,0,1,0,0,0,0,0
2012/1/23,1,-7.0,8,1,0,0,1,0,0,0,0
2012/1/24,0,-1.0,8,1,0,0,1,0,0,0,0
2012/1/24,1,-7.0,8,1,0,0,1,0,0,0,0
2012/1/25,0,2.0,8,1,0,0,1,0,0,0,0
2012/1/25,1,-6.0,8,1,0,1,0,0,0,0,0
2012/1/26,0,3.0,8,1,0,1,0,0,0,0,0
2012/1/26,1,-5.0,8,1,0,1,0,0,0,0,0
2012/1/27,0,3.0,8,1,0,0,0,1,0,0,0
2012/1/27,1,-4.0,8,1,0,0,0,1,0,0,0
2012/1/28,0,3.0,8,1,0,0,0,1,0,0,0
2012/1/28,1,-2.0,8,1,0,1,0,0,0,0,0
2012/1/29,0,4.0,8,1,0,0,0,1,0,0,0
2012/1/29,1,-2.0,8,1,0,1,0,0,0,0,0
2012/1/30,0,7.0,8,1,0,0,1,0,0,0,0
2012/1/30,1,-2.0,8,1,0,0,1,0,0,0,0
2012/1/31,0,8.0,8,1,0,0,1,0,0,0,0
2012/1/31,1,-2.0,8,1,0,1,0,0,0,0,0
2012/2/1,0,5.0,8,1,0,1,0,0,0,0,0
2012/2/1,1,-3.0,1,1,0,0,0,1,0,0,0
2012/2/2,0,4.0,1,1,0,0,0,1,0,0,0
2012/2/2,1,-3.0,8,1,0,1,0,0,0,0,0
2012/2/3,0,7.0,8,1,0,1,0,0,0,0,0
2012/2/3,1,-2.0,8,1,0,1,0,0,0,0,0
2012/2/4,0,7.0,8,1,0,0,1,0,0,0,0
2012/2/4,1,-2.0,8,1,0,0,1,0,0,0,0
2012/2/5,0,8.0,8,1,0,1,0,0,0,0,0
2012/2/5,1,-4.0,8,1,0,0,0,1,0,0,0
2012/2/6,0,4.0,0,2,0,1,0,0,0,0,0
2012/2/6,1,-6.0,0,2,0,0,1,0,0,0,0
2012/2/7,0,2.0,0,2,0,0,1,0,0,0,0
2012/2/7,1,-7.0,8,1,0,0,1,0,0,0,0
2012/2/8,0,4.0,8,1,0,0,1,0,0,0,0
2012/2/8,1,-4.0,8,1,0,1,0,0,0,0,0
2012/2/9,0,3.0,8,1,0,0,0,1,0,0,0
2012/2/9,1,-3.0,8,1,0,1,0,0,0,0,0
2012/2/10,0,4.0,8,1,0,1,0,0,0,0,0
2012/2/10,1,-3.0,8,1,0,1,0,0,0,0,0
2012/2/11,0,6.0,8,1,0,0,0,1,0,0,0
2012/2/11,1,-2.0,8,1,0,0,0,1,0,0,0
2012/2/12,0,5.0,8,1,0,0,0,1,0,0,0
2012/2/12,1,-1.0,8,1,0,1,0,0,0,0,0
2012/2/13,0,8.0,8,1,0,1,0,0,0,0,0
2012/2/13,1,0.0,8,1,0,0,0,1,0,0,0
2012/2/14,0,7.0,8,1,0,0,0,1,0,0,0
2012/2/14,1,1.0,8,1,1,0,0,0,0,1,0
2012/2/15,0,6.0,8,1,1,0,0,0,0,1,0
2012/2/15,1,0.0,8,1,0,0,0,1,0,0,0
2012/2/16,0,5.0,8,1,0,1,0,0,0,0,0
2012/2/16,1,-2.0,8,1,0,1,0,0,0,0,0
2012/2/17,0,5.0,8,1,0,1,0,0,0,0,0
2012/2/17,1,-2.0,8,1,0,0,1,0,0,0,0
2012/2/18,0,6.0,8,1,0,0,1,0,0,0,0
2012/2/18,1,-1.0,8,1,0,0,1,0,0,0,0
2012/2/19,0,10.0,8,1,0,1,0,0,0,0,0
2012/2/19,1,0.0,8,1,0,1,0,0,0,0,0
2012/2/20,0,10.0,8,1,0,1,0,0,0,0,0
2012/2/20,1,0.0,8,1,0,1,0,0,0,0,0
2012/2/21,0,12.0,8,1,0,1,0,0,0,0,0
2012/2/21,1,2.0,8,1,0,1,0,0,0,0,0
2012/2/22,0,8.0,8,1,0,1,0,0,0,0,0
2012/2/22,1,3.0,8,1,0,0,0,1,0,0,0
2012/2/23,0,8.0,8,1,0,0,0,1,0,0,0
2012/2/23,1,1.0,2,2,0,0,0,1,0,0,0
2012/2/24,0,7.0,8,1,0,0,0,1,0,0,0
2012/2/24,1,2.0,8,1,0,0,0,1,0,0,0
2012/2/25,0,8.0,8,1,0,0,0,1,0,0,0
2012/2/25,1,1.0,8,1,0,0,0,1,0,0,0
2012/2/26,0,7.0,8,1,0,0,0,1,0,0,0
2012/2/26,1,1.0,8,1,0,0,0,1,0,0,0
2012/2/27,0,7.0,8,1,0,0,0,1,0,0,0
2012/2/27,1,0.0,8,1,0,0,0,1,0,0,0
2012/2/28,0,9.0,8,1,0,0,0,1,0,0,0
2012/2/28,1,1.0,8,1,0,0,0,1,0,0,0
2012/2/29,0,7.0,8,1,1,0,0,0,1,0,0
2012/2/29,1,2.0,8,1,0,0,0,1,0,0,0
2012/3/1,0,7.0,8,1,0,0,0,1,0,0,0
2012/3/1,1,1.0,8,1,0,0,0,1,0,0,0
2012/3/2,0,5.0,8,1,1,0,0,0,1,0,0
2012/3/2,1,2.0,8,1,0,0,0,1,0,0,0
2012/3/3,0,7.0,8,1,1,0,0,0,1,0,0
2012/3/3,1,1.0,8,1,0,0,0,1,0,0,0
2012/3/4,0,10.0,8,1,0,0,0,1,0,0,0
2012/3/4,1,1.0,8,1,0,0,0,1,0,0,0
2012/3/5,0,8.0,8,1,0,0,0,1,0,0,0
2012/3/5,1,2.0,8,1,0,1,0,0,0,0,0
2012/3/6,0,9.0,8,1,0,0,0,1,0,0,0
2012/3/6,1,2.0,8,1,0,0,0,1,0,0,0
2012/3/7,0,9.0,8,1,0,0,0,1,0,0,0
2012/3/7,1,3.0,8,1,0,0,0,1,0,0,0
2012/3/8,0,8.0,8,1,1,0,0,0,1,0,0
2012/3/8,1,2.0,8,1,0,0,0,1,0,0,0
2012/3/9,0,10.0,8,1,0,0,0,1,0,0,0
2012/3/9,1,2.0,8,1,0,1,0,0,0,0,0
2012/3/10,0,12.0,8,1,0,1,0,0,0,0,0
2012/3/10,1,2.0,8,1,0,0,1,0,0,0,0
2012/3/11,0,11.0,8,1,0,1,0,0,0,0,0
2012/3/11,1,4.0,2,2,0,1,0,0,0,0,0
2012/3/12,0,15.0,8,1,0,0,1,0,0,0,0
2012/3/12,1,3.0,8,1,0,0,1,0,0,0,0
2012/3/13,0,14.0,8,1,0,1,0,0,0,0,0
2012/3/13,1,3.0,8,1,0,1,0,0,0,0,0
2012/3/14,0,14.0,8,1,0,0,0,1,0,0,0
2012/3/14,1,5.0,8,1,1,0,0,0,1,0,0
2012/3/15,0,12.0,8,1,1,0,0,0,1,0,0
2012/3/15,1,5.0,8,1,0,0,0,1,0,0,0
2012/3/16,0,16.0,8,1,0,1,0,0,0,0,0
2012/3/16,1,7.0,8,1,0,1,0,0,0,0,0
2012/3/17,0,20.0,8,1,0,1,0,0,0,0,0
2012/3/17,1,7.0,8,1,0,1,0,0,0,0,0
2012/3/18,0,18.0,8,1,0,0,0,1,0,0,0
2012/3/18,1,7.0,1,2,1,0,0,0,1,0,0
2012/3/19,0,15.0,1,1,0,1,0,0,0,0,0
2012/3/19,1,3.0,8,1,0,1,0,0,0,0,0
2012/3/20,0,13.0,8,1,0,0,0,1,0,0,0
2012/3/20,1,4.0,8,1,0,0,0,1,0,0,0
2012/3/21,0,9.0,8,1,0,0,0,1,0,0,0
2012/3/21,1,2.0,8,1,1,0,0,0,1,0,0
2012/3/22,0,12.0,8,1,0,1,0,0,0,0,0
2012/3/22,1,2.0,0,2,0,1,0,0,0,0,0
2012/3/23,0,13.0,0,2,0,1,0,0,0,0,0
2012/3/23,1,4.0,8,1,0,0,1,0,0,0,0
2012/3/24,0,19.0,8,1,0,0,1,0,0,0,0
2012/3/24,1,4.0,8,1,0,0,1,0,0,0,0
2012/3/25,0,21.0,8,1,0,0,1,0,0,0,0
2012/3/25,1,6.0,8,1,0,0,1,0,0,0,0
2012/3/26,0,23.0,9,0,0,0,1,0,0,0,0
2012/3/26,1,7.0,8,0,0,0,1,0,0,0,0
2012/3/27,0,23.0,8,1,0,1,0,0,0,0,0
2012/3/27,1,10.0,8,1,0,0,0,1,0,0,0
2012/3/28,0,17.0,8,1,1,0,0,0,1,0,0
2012/3/28,1,7.0,8,1,1,0,0,0,1,0,0
2012/3/29,0,15.0,6,1,0,1,0,0,0,0,0
2012/3/29,1,6.0,0,2,0,1,0,0,0,0,0
2012/3/30,0,16.0,0,2,0,0,1,0,0,0,0
2012/3/30,1,5.0,0,2,0,0,1,0,0,0,0
2012/3/31,0,22.0,8,1,0,0,1,0,0,0,0
2012/3/31,1,8.0,8,1,0,0,1,0,0,0,0
2012/4/1,0,25.0,8,1,0,0,1,0,0,0,0
2012/4/1,1,9.0,8,1,0,0,0,1,0,0,0
2012/4/2,0,18.0,0,2,0,1,0,0,0,0,0
2012/4/2,1,7.0,8,1,0,0,1,0,0,0,0
2012/4/3,0,21.0,8,1,0,0,1,0,0,0,0
2012/4/3,1,10.0,8,1,0,0,1,0,0,0,0
2012/4/4,0,24.0,8,1,0,0,1,0,0,0,0
2012/4/4,1,11.0,8,1,0,0,1,0,0,0,0
2012/4/5,0,24.0,8,1,0,0,1,0,0,0,0
2012/4/5,1,10.0,8,1,0,0,1,0,0,0,0
2012/4/6,0,22.0,8,1,0,0,1,0,0,0,0
2012/4/6,1,11.0,8,1,0,1,0,0,0,0,0
2012/4/7,0,23.0,8,1,0,1,0,0,0,0,0
2012/4/7,1,12.0,8,1,0,1,0,0,0,0,0
2012/4/8,0,24.0,8,1,0,0,0,1,0,0,0
2012/4/8,1,14.0,8,1,0,0,0,1,0,0,0
2012/4/9,0,22.0,8,1,1,0,0,0,1,0,0
2012/4/9,1,14.0,8,1,0,1,0,0,0,0,0
2012/4/10,0,26.0,8,1,0,1,0,0,0,0,0
2012/4/10,1,14.0,8,1,0,1,0,0,0,0,0
2012/4/11,0,24.0,8,1,0,0,0,1,0,0,0
2012/4/11,1,13.0,6,3,1,0,0,0,1,0,0
2012/4/12,0,18.0,6,3,0,1,0,0,0,0,0
2012/4/12,1,4.0,7,2,0,1,0,0,0,0,0
2012/4/13,0,21.0,8,1,0,1,0,0,0,0,0
2012/4/13,1,10.0,8,1,0,1,0,0,0,0,0
2012/4/14,0,24.0,8,1,0,0,1,0,0,0,0
2012/4/14,1,11.0,8,1,0,0,1,0,0,0,0
2012/4/15,0,25.0,8,1,0,0,1,0,0,0,0
2012/4/15,1,12.0,8,1,0,0,1,0,0,0,0
2012/4/16,0,25.0,8,1,0,1,0,0,0,0,0
2012/4/16,1,13.0,8,1,0,1,0,0,0,0,0
2012/4/17,0,22.0,8,1,0,0,0,1,0,0,0
2012/4/17,1,14.0,8,1,1,0,0,0,1,0,0
2012/4/18,0,25.0,8,1,0,1,0,0,0,0,0
2012/4/18,1,13.0,8,1,0,1,0,0,0,0,0
2012/4/19,0,25.0,8,1,0,1,0,0,0,0,0
2012/4/19,1,14.0,8,1,1,0,0,0,1,0,0
2012/4/20,0,23.0,8,1,0,1,0,0,0,0,0
2012/4/20,1,13.0,8,1,0,1,0,0,0,0,0
2012/4/21,0,28.0,8,1,0,0,1,0,0,0,0
2012/4/21,1,15.0,8,1,0,1,0,0,0,0,0
2012/4/22,0,30.0,9,0,0,1,0,0,0,0,0
2012/4/22,1,16.0,8,0,0,1,0,0,0,0,0
2012/4/23,0,27.0,8,1,1,0,0,0,1,0,0
2012/4/23,1,12.0,8,1,2,0,0,0,1,0,0
2012/4/24,0,22.0,7,2,0,0,0,1,0,0,0
2012/4/24,1,11.0,7,2,0,1,0,0,0,0,0
2012/4/25,0,23.0,8,1,0,0,1,0,0,0,0
2012/4/25,1,11.0,8,1,0,0,1,0,0,0,0
2012/4/26,0,27.0,8,1,0,0,1,0,0,0,0
2012/4/26,1,13.0,8,1,0,1,0,0,0,0,0
2012/4/27,0,29.0,8,1,0,1,0,0,0,0,0
2012/4/27,1,16.0,8,1,0,1,0,0,0,0,0
2012/4/28,0,30.0,8,1,0,1,0,0,0,0,0
2012/4/28,1,17.0,8,1,0,1,0,0,0,0,0
2012/4/29,0,28.0,8,1,0,0,0,1,0,0,0
2012/4/29,1,17.0,8,1,0,1,0,0,0,0,0
2012/4/30,0,27.0,8,1,1,0,0,0,1,0,0
2012/4/30,1,16.0,2,2,1,0,0,0,1,0,0
2012/5/1,0,21.0,8,1,1,0,0,0,1,0,0
2012/5/1,1,15.0,8,1,0,0,0,1,0,0,0
2012/5/2,0,24.0,8,1,0,0,0,1,0,0,0
2012/5/2,1,16.0,8,1,0,0,0,1,0,0,0
2012/5/3,0,21.0,8,1,1,0,0,0,1,0,0
2012/5/3,1,16.0,8,1,1,0,0,0,1,0,0
2012/5/4,0,25.0,8,1,0,0,0,1,0,0,0
2012/5/4,1,17.0,8,1,0,0,0,1,0,0,0
2012/5/5,0,30.0,8,1,0,1,0,0,0,0,0
2012/5/5,1,19.0,8,1,0,1,0,0,0,0,0
2012/5/6,0,29.0,8,1,0,0,0,1,0,0,0
2012/5/6,1,19.0,8,1,1,0,0,0,1,0,0
2012/5/7,0,27.0,9,0,1,0,0,0,1,0,0
2012/5/7,1,18.0,8,0,0,0,0,1,0,0,0
2012/5/8,0,29.0,8,1,0,1,0,0,0,0,0
2012/5/8,1,19.0,8,1,0,1,0,0,0,0,0
2012/5/9,0,30.0,8,1,0,1,0,0,0,0,0
2012/5/9,1,20.0,3,1,0,1,0,0,0,0,0
2012/5/10,0,30.0,8,1,0,1,0,0,0,0,0
2012/5/10,1,20.0,8,1,0,0,0,1,0,0,0
2012/5/11,0,24.0,8,1,1,0,0,0,1,0,0
2012/5/11,1,16.0,7,2,0,0,0,1,0,0,0
2012/5/12,0,24.0,7,2,0,1,0,0,0,0,0
2012/5/12,1,14.0,8,1,0,1,0,0,0,0,0
2012/5/13,0,24.0,8,1,1,0,0,0,1,0,0
2012/5/13,1,14.0,8,1,0,0,0,1,0,0,0
2012/5/14,0,28.0,8,1,0,1,0,0,0,0,0
2012/5/14,1,16.0,1,1,0,0,1,0,0,0,0
2012/5/15,0,31.0,8,1,0,0,1,0,0,0,0
2012/5/15,1,17.0,8,1,0,0,1,0,0,0,0
2012/5/16,0,31.0,0,1,0,0,1,0,0,0,0
2012/5/16,1,18.0,8,1,0,1,0,0,0,0,0
2012/5/17,0,31.0,8,1,0,1,0,0,0,0,0
2012/5/17,1,17.0,8,1,0,1,0,0,0,0,0
2012/5/18,0,29.0,8,1,0,0,0,1,0,0,0
2012/5/18,1,18.0,0,1,0,1,0,0,0,0,0
2012/5/19,0,33.0,1,1,0,0,1,0,0,0,0
2012/5/19,1,20.0,8,1,0,0,1,0,0,0,0
2012/5/20,0,32.0,0,1,0,1,0,0,0,0,0
2012/5/20,1,22.0,8,1,0,0,0,1,0,0,0
2012/5/21,0,28.0,8,1,1,0,0,0,1,0,0
2012/5/21,1,15.0,8,1,1,0,0,0,1,0,0
2012/5/22,0,23.0,7,1,1,0,0,0,1,0,0
2012/5/22,1,14.0,8,1,0,0,0,1,0,0,0
2012/5/23,0,25.0,8,1,0,0,0,1,0,0,0
2012/5/23,1,15.0,8,1,0,0,0,1,0,0,0
2012/5/24,0,25.0,8,1,0,0,0,1,0,0,0
2012/5/24,1,16.0,8,1,0,0,0,1,0,0,0
2012/5/25,0,29.0,8,1,0,1,0,0,0,0,0
2012/5/25,1,16.0,0,1,0,1,0,0,0,0,0
2012/5/26,0,31.0,1,1,0,1,0,0,0,0,0
2012/5/26,1,17.0,8,1,0,0,1,0,0,0,0
2012/5/27,0,32.0,1,1,0,1,0,0,0,0,0
2012/5/27,1,18.0,8,1,0,1,0,0,0,0,0
2012/5/28,0,25.0,8,1,1,0,0,0,1,0,0
2012/5/28,1,16.0,8,1,2,0,0,0,1,0,0
2012/5/29,0,27.0,8,1,0,1,0,0,0,0,0
2012/5/29,1,15.0,7,1,0,0,1,0,0,0,0
2012/5/30,0,31.0,8,1,0,1,0,0,0,0,0
2012/5/30,1,19.0,8,1,0,1,0,0,0,0,0
2012/5/31,0,28.0,8,1,0,0,0,1,0,0,0
2012/5/31,1,19.0,8,1,0,0,0,1,0,0,0
2012/6/1,0,30.0,8,1,0,1,0,0,0,0,0
2012/6/1,1,19.0,8,1,0,0,1,0,0,0,0
2012/6/2,0,32.0,8,1,0,0,1,0,0,0,0
2012/6/2,1,20.0,8,1,0,1,0,0,0,0,0
2012/6/3,0,31.0,8,1,0,0,0,1,0,0,0
2012/6/3,1,21.0,0,1,0,1,0,0,0,0,0
2012/6/4,0,32.0,0,1,0,1,0,0,0,0,0
2012/6/4,1,22.0,8,1,0,0,0,1,0,0,0
2012/6/5,0,29.0,8,1,0,0,0,1,0,0,0
2012/6/5,1,21.0,8,1,1,0,0,0,1,0,0
2012/6/6,0,31.0,8,1,0,1,0,0,0,0,0
2012/6/6,1,21.0,6,1,0,1,0,0,0,0,0
2012/6/7,0,33.0,8,1,0,0,1,0,0,0,0
2012/6/7,1,21.0,8,1,0,0,1,0,0,0,0
2012/6/8,0,34.0,2,1,0,0,1,0,0,0,0
2012/6/8,1,23.0,8,1,0,0,1,0,0,0,0
2012/6/9,0,35.0,8,1,0,1,0,0,0,0,0
2012/6/9,1,23.0,8,1,0,0,1,0,0,0,0
2012/6/10,0,36.0,1,1,0,0,1,0,0,0,0
2012/6/10,1,22.0,0,1,0,0,1,0,0,0,0
2012/6/11,0,34.0,0,1,0,0,1,0,0,0,0
2012/6/11,1,21.0,8,1,0,0,1,0,0,0,0
2012/6/12,0,36.0,8,1,0,0,1,0,0,0,0
2012/6/12,1,22.0,8,1,0,0,1,0,0,0,0
2012/6/13,0,37.0,0,1,0,1,0,0,0,0,0
2012/6/13,1,23.0,8,1,0,1,0,0,0,0,0
2012/6/14,0,34.0,8,1,0,0,1,0,0,0,0
2012/6/14,1,20.0,8,1,0,0,1,0,0,0,0
2012/6/15,0,32.0,8,1,0,0,1,0,0,0,0
2012/6/15,1,20.0,0,1,0,0,1,0,0,0,0
2012/6/16,0,34.0,0,1,0,1,0,0,0,0,0
2012/6/16,1,21.0,8,1,0,1,0,0,0,0,0
2012/6/17,0,34.0,8,1,0,0,0,1,0,0,0
2012/6/17,1,23.0,8,1,0,1,0,0,0,0,0
2012/6/18,0,34.0,0,1,0,0,0,1,0,0,0
2012/6/18,1,22.0,8,1,0,1,0,0,0,0,0
2012/6/19,0,36.0,8,1,0,1,0,0,0,0,0
2012/6/19,1,23.0,8,1,3,0,0,0,1,0,0
2012/6/20,0,34.0,8,1,3,0,0,0,1,0,0
2012/6/20,1,23.0,8,1,0,1,0,0,0,0,0
2012/6/21,0,36.0,8,1,0,1,0,0,0,0,0
2012/6/21,1,25.0,8,1,0,0,1,0,0,0,0
2012/6/22,0,37.0,8,1,0,1,0,0,0,0,0
2012/6/22,1,25.0,0,1,0,0,1,0,0,0,0
2012/6/23,0,37.0,8,1,0,1,0,0,0,0,0
2012/6/23,1,25.0,1,1,0,0,0,1,0,0,0
2012/6/24,0,35.0,1,1,3,0,0,0,1,0,0
2012/6/24,1,24.0,8,1,0,0,0,1,0,0,0
2012/6/25,0,30.0,8,1,1,0,0,0,1,0,0
2012/6/25,1,22.0,1,1,0,0,0,1,0,0,0
2012/6/26,0,27.0,2,1,1,0,0,0,1,0,0
2012/6/26,1,22.0,8,1,1,0,0,0,1,0,0
2012/6/27,0,27.0,8,1,1,0,0,0,1,0,0
2012/6/27,1,23.0,8,1,0,0,0,1,0,0,0
2012/6/28,0,30.0,8,1,1,0,0,0,1,0,0
2012/6/28,1,22.0,8,1,1,0,0,0,1,0,0
2012/6/29,0,26.0,8,1,1,0,0,0,1,0,0
2012/6/29,1,21.0,6,1,0,0,0,1,0,0,0
2012/6/30,0,30.0,8,1,0,1,0,0,0,0,0
2012/6/30,1,21.0,8,1,0,0,0,1,0,0,0
2012/7/1,0,32.0,8,1,0,0,0,1,0,0,0
2012/7/1,1,22.0,8,1,0,0,0,1,0,0,0
2012/7/2,0,27.0,8,1,1,0,0,0,1,0,0
2012/7/2,1,21.0,8,1,1,0,0,0,1,0,0
2012/7/3,0,31.0,8,1,1,0,0,0,1,0,0
2012/7/3,1,23.0,6,1,0,0,0,1,0,0,0
2012/7/4,0,31.0,8,1,1,0,0,0,1,0,0
2012/7/4,1,23.0,0,1,0,1,0,0,0,0,0
2012/7/5,0,32.0,1,1,0,1,0,0,0,0,0
2012/7/5,1,23.0,8,1,0,0,1,0,0,0,0
2012/7/6,0,34.0,1,1,0,1,0,0,0,0,0
2012/7/6,1,24.0,8,1,3,0,0,0,1,0,0
2012/7/7,0,31.0,8,1,3,0,0,0,1,0,0
2012/7/7,1,23.0,8,1,1,0,0,0,1,0,0
2012/7/8,0,27.0,8,1,2,0,0,0,1,0,0
2012/7/8,1,23.0,8,1,2,0,0,0,1,0,0
2012/7/9,0,27.0,8,1,2,0,0,0,1,0,0
2012/7/9,1,22.0,8,1,2,0,0,0,1,0,0
2012/7/10,0,31.0,8,1,0,1,0,0,0,0,0
2012/7/10,1,23.0,8,1,0,0,1,0,0,0,0
2012/7/11,0,37.0,8,1,0,0,1,0,0,0,0
2012/7/11,1,25.0,6,1,0,1,0,0,0,0,0
2012/7/12,0,35.0,8,1,0,1,0,0,0,0,0
2012/7/12,1,24.0,6,1,0,1,0,0,0,0,0
2012/7/13,0,36.0,0,1,0,0,1,0,0,0,0
2012/7/13,1,25.0,8,1,0,0,1,0,0,0,0
2012/7/14,0,35.0,2,1,0,0,1,0,0,0,0
2012/7/14,1,23.0,8,1,0,1,0,0,0,0,0
2012/7/15,0,34.0,8,1,0,1,0,0,0,0,0
2012/7/15,1,23.0,8,1,0,1,0,0,0,0,0
2012/7/16,0,30.0,8,1,0,1,0,0,0,0,0
2012/7/16,1,23.0,8,1,0,0,0,1,0,0,0
2012/7/17,0,32.0,8,1,0,0,0,1,0,0,0
2012/7/17,1,23.0,8,1,0,0,0,1,0,0,0
2012/7/18,0,31.0,8,1,0,0,0,1,0,0,0
2012/7/18,1,25.0,2,1,0,0,0,1,0,0,0
2012/7/19,0,33.0,8,1,0,0,0,1,0,0,0
2012/7/19,1,24.0,2,1,0,0,0,1,0,0,0
2012/7/20,0,32.0,8,1,0,0,0,1,0,0,0
2012/7/20,1,25.0,0,1,1,0,0,0,1,0,0
2012/7/21,0,29.0,1,1,1,0,0,0,1,0,0
2012/7/21,1,22.0,0,1,2,0,0,0,1,0,0
2012/7/22,0,32.0,6,1,0,1,0,0,0,0,0
2012/7/22,1,22.0,8,1,0,0,1,0,0,0,0
2012/7/23,0,32.0,8,1,0,1,0,0,0,0,0
2012/7/23,1,23.0,8,1,0,1,0,0,0,0,0
2012/7/24,0,31.0,8,1,0,1,0,0,0,0,0
2012/7/24,1,23.0,8,1,0,1,0,0,0,0,0
2012/7/25,0,34.0,8,1,0,1,0,0,0,0,0
2012/7/25,1,24.0,8,1,0,1,0,0,0,0,0
2012/7/26,0,33.0,8,1,0,1,0,0,0,0,0
2012/7/26,1,25.0,8,1,0,1,0,0,0,0,0
2012/7/27,0,36.0,0,1,0,1,0,0,0,0,0
2012/7/27,1,26.0,2,1,1,0,0,0,1,0,0
2012/7/28,0,37.0,8,1,0,1,0,0,0,0,0
2012/7/28,1,27.0,0,1,0,1,0,0,0,0,0
2012/7/29,0,37.0,0,1,0,1,0,0,0,0,0
2012/7/29,1,27.0,8,1,0,1,0,0,0,0,0
2012/7/30,0,36.0,0,1,0,1,0,0,0,0,0
2012/7/30,1,25.0,8,1,3,0,0,0,1,0,0
2012/7/31,0,34.0,8,1,1,0,0,0,1,0,0
2012/7/31,1,23.0,8,1,1,0,0,0,1,0,0
2012/8/1,0,30.0,8,1,3,0,0,0,1,0,0
2012/8/1,1,23.0,5,1,1,0,0,0,1,0,0
2012/8/2,0,32.0,8,1,1,0,0,0,1,0,0
2012/8/2,1,24.0,8,1,0,1,0,0,0,0,0
2012/8/3,0,33.0,2,1,0,1,0,0,0,0,0
2012/8/3,1,24.0,1,1,0,1,0,0,0,0,0
2012/8/4,0,33.0,8,1,0,1,0,0,0,0,0
2012/8/4,1,24.0,8,1,0,0,0,1,0,0,0
2012/8/5,0,30.0,2,1,1,0,0,0,1,0,0
2012/8/5,1,24.0,2,1,1,0,0,0,1,0,0
2012/8/6,0,32.0,2,1,1,0,0,0,1,0,0
2012/8/6,1,24.0,8,1,0,1,0,0,0,0,0
2012/8/7,0,33.0,8,1,0,1,0,0,0,0,0
2012/8/7,1,24.0,8,1,0,1,0,0,0,0,0
2012/8/8,0,35.0,8,1,0,1,0,0,0,0,0
2012/8/8,1,25.0,2,1,3,0,0,0,1,0,0
2012/8/9,0,34.0,8,1,3,0,0,0,1,0,0
2012/8/9,1,25.0,8,1,0,1,0,0,0,0,0
2012/8/10,0,34.0,1,1,0,1,0,0,0,0,0
2012/8/10,1,25.0,8,1,0,1,0,0,0,0,0
2012/8/11,0,35.0,8,1,0,1,0,0,0,0,0
2012/8/11,1,25.0,8,1,0,0,0,1,0,0,0
2012/8/12,0,34.0,8,1,0,0,0,1,0,0,0
2012/8/12,1,26.0,8,1,1,0,0,0,1,0,0
2012/8/13,0,30.0,2,1,1,0,0,0,1,0,0
2012/8/13,1,24.0,1,1,1,0,0,0,1,0,0
2012/8/14,0,29.0,8,1,1,0,0,0,1,0,0
2012/8/14,1,21.0,8,1,1,0,0,0,1,0,0
2012/8/15,0,32.0,8,1,0,1,0,0,0,0,0
2012/8/15,1,21.0,8,1,0,1,0,0,0,0,0
2012/8/16,0,31.0,8,1,0,0,0,1,0,0,0
2012/8/16,1,23.0,8,1,0,0,0,1,0,0,0
2012/8/17,0,31.0,8,1,1,0,0,0,1,0,0
2012/8/17,1,22.0,8,1,2,0,0,0,1,0,0
2012/8/18,0,26.0,8,1,2,0,0,0,1,0,0
2012/8/18,1,22.0,6,1,1,0,0,0,1,0,0
2012/8/19,0,26.0,8,1,0,0,0,1,0,0,0
2012/8/19,1,20.0,8,1,2,0,0,0,1,0,0
2012/8/20,0,27.0,7,1,1,0,0,0,1,0,0
2012/8/20,1,20.0,8,1,0,0,0,1,0,0,0
2012/8/21,0,28.0,8,1,0,0,0,1,0,0,0
2012/8/21,1,20.0,8,1,0,1,0,0,0,0,0
2012/8/22,0,30.0,8,1,0,1,0,0,0,0,0
2012/8/22,1,20.0,8,1,0,1,0,0,0,0,0
2012/8/23,0,31.0,8,1,0,1,0,0,0,0,0
2012/8/23,1,20.0,8,1,0,0,1,0,0,0,0
2012/8/24,0,30.0,8,1,0,1,0,0,0,0,0
2012/8/24,1,20.0,8,1,0,0,1,0,0,0,0
2012/8/25,0,30.0,8,1,0,0,0,1,0,0,0
2012/8/25,1,21.0,8,1,1,0,0,0,1,0,0
2012/8/26,0,30.0,8,1,0,1,0,0,0,0,0
2012/8/26,1,21.0,2,1,0,1,0,0,0,0,0
2012/8/27,0,31.0,8,1,0,0,1,0,0,0,0
2012/8/27,1,22.0,8,1,0,0,1,0,0,0,0
2012/8/28,0,33.0,8,1,0,0,1,0,0,0,0
2012/8/28,1,21.0,8,1,0,0,1,0,0,0,0
2012/8/29,0,33.0,8,1,0,0,1,0,0,0,0
2012/8/29,1,22.0,8,1,0,1,0,0,0,0,0
2012/8/30,0,33.0,8,1,0,1,0,0,0,0,0
2012/8/30,1,22.0,6,1,0,0,0,1,0,0,0
2012/8/31,0,25.0,6,2,1,0,0,0,1,0,0
2012/8/31,1,18.0,8,1,4,0,0,0,1,0,0
2012/9/1,0,19.0,2,1,4,0,0,0,1,0,0
2012/9/1,1,16.0,8,1,1,0,0,0,1,0,0
2012/9/2,0,25.0,8,1,0,0,0,1,0,0,0
2012/9/2,1,18.0,8,1,0,0,1,0,0,0,0
2012/9/3,0,31.0,8,1,0,0,1,0,0,0,0
2012/9/3,1,17.0,4,1,0,0,1,0,0,0,0
2012/9/4,0,32.0,8,1,0,1,0,0,0,0,0
2012/9/4,1,18.0,8,1,0,1,0,0,0,0,0
2012/9/5,0,30.0,2,1,0,1,0,0,0,0,0
2012/9/5,1,21.0,8,1,0,1,0,0,0,0,0
2012/9/6,0,28.0,8,1,0,0,0,1,0,0,0
2012/9/6,1,20.0,8,1,0,1,0,0,0,0,0
2012/9/7,0,27.0,8,1,0,0,0,1,0,0,0
2012/9/7,1,19.0,8,1,3,0,0,0,1,0,0
2012/9/8,0,22.0,8,1,1,0,0,0,1,0,0
2012/9/8,1,18.0,1,1,0,0,0,1,0,0,0
2012/9/9,0,26.0,8,1,0,1,0,0,0,0,0
2012/9/9,1,19.0,8,1,0,0,0,1,0,0,0
2012/9/10,0,22.0,8,1,2,0,0,0,1,0,0
2012/9/10,1,17.0,8,1,2,0,0,0,1,0,0
2012/9/11,0,24.0,8,1,0,0,0,1,0,0,0
2012/9/11,1,15.0,6,2,0,1,0,0,0,0,0
2012/9/12,0,24.0,6,2,0,1,0,0,0,0,0
2012/9/12,1,14.0,8,1,0,0,1,0,0,0,0
2012/9/13,0,24.0,8,1,0,0,1,0,0,0,0
2012/9/13,1,14.0,8,1,0,0,1,0,0,0,0
2012/9/14,0,27.0,8,1,0,0,1,0,0,0,0
2012/9/14,1,13.0,8,1,0,0,1,0,0,0,0
2012/9/15,0,26.0,8,1,0,0,1,0,0,0,0
2012/9/15,1,17.0,8,1,0,1,0,0,0,0,0
2012/9/16,0,23.0,8,1,0,0,0,1,0,0,0
2012/9/16,1,15.0,8,1,0,0,0,1,0,0,0
2012/9/17,0,25.0,8,1,0,1,0,0,0,0,0
2012/9/17,1,15.0,8,1,0,0,1,0,0,0,0
2012/9/18,0,27.0,8,1,0,0,1,0,0,0,0
2012/9/18,1,16.0,8,1,0,0,1,0,0,0,0
2012/9/19,0,29.0,8,1,0,1,0,0,0,0,0
2012/9/19,1,17.0,8,1,0,1,0,0,0,0,0
2012/9/20,0,26.0,8,1,0,1,0,0,0,0,0
2012/9/20,1,16.0,8,1,1,0,0,0,1,0,0
2012/9/21,0,26.0,8,1,0,1,0,0,0,0,0
2012/9/21,1,15.0,7,1,0,1,0,0,0,0,0
2012/9/22,0,28.0,8,1,0,0,1,0,0,0,0
2012/9/22,1,16.0,8,1,0,1,0,0,0,0,0
2012/9/23,0,26.0,5,1,0,1,0,0,0,0,0
2012/9/23,1,17.0,8,1,0,0,0,1,0,0,0
2012/9/24,0,26.0,8,1,1,0,0,0,1,0,0
2012/9/24,1,17.0,8,1,1,0,0,0,1,0,0
2012/9/25,0,22.0,8,1,2,0,0,0,1,0,0
2012/9/25,1,16.0,2,1,1,0,0,0,1,0,0
2012/9/26,0,22.0,2,1,0,0,0,1,0,0,0
2012/9/26,1,16.0,0,1,0,0,0,1,0,0,0
2012/9/27,0,25.0,0,1,0,1,0,0,0,0,0
2012/9/27,1,13.0,0,1,0,0,1,0,0,0,0
2012/9/28,0,24.0,7,1,0,0,1,0,0,0,0
2012/9/28,1,11.0,7,1,0,0,1,0,0,0,0
2012/9/29,0,24.0,7,1,0,0,1,0,0,0,0
2012/9/29,1,12.0,6,1,0,0,1,0,0,0,0
2012/9/30,0,25.0,7,1,0,1,0,0,0,0,0
2012/9/30,1,13.0,2,1,0,0,1,0,0,0,0
2012/10/1,0,25.0,2,1,0,1,0,0,0,0,0
2012/10/1,1,14.0,7,1,0,1,0,0,0,0,0
2012/10/2,0,25.0,5,1,0,1,0,0,0,0,0
2012/10/2,1,15.0,6,1,1,0,0,0,1,0,0
2012/10/3,0,23.0,2,1,0,0,0,1,0,0,0
2012/10/3,1,14.0,4,1,0,1,0,0,0,0,0
2012/10/4,0,23.0,4,1,0,0,0,1,0,0,0
2012/10/4,1,15.0,2,1,0,1,0,0,0,0,0
2012/10/5,0,23.0,6,1,0,1,0,0,0,0,0
2012/10/5,1,14.0,2,1,0,1,0,0,0,0,0
2012/10/6,0,23.0,4,1,0,0,0,1,0,0,0
2012/10/6,1,15.0,2,1,1,0,0,0,1,0,0
2012/10/7,0,20.0,4,1,1,0,0,0,1,0,0
2012/10/7,1,14.0,2,1,1,0,0,0,1,0,0
2012/10/8,0,19.0,6,1,1,0,0,0,1,0,0
2012/10/8,1,14.0,6,1,1,0,0,0,1,0,0
2012/10/9,0,23.0,7,1,0,1,0,0,0,0,0
2012/10/9,1,12.0,5,1,0,0,1,0,0,0,0
2012/10/10,0,24.0,1,1,0,1,0,0,0,0,0
2012/10/10,1,13.0,6,1,0,1,0,0,0,0,0
2012/10/11,0,23.0,5,1,0,0,0,1,0,0,0
2012/10/11,1,14.0,3,1,0,0,0,1,0,0,0
2012/10/12,0,21.0,4,1,0,0,0,1,0,0,0
2012/10/12,1,13.0,5,1,0,1,0,0,0,0,0
2012/10/13,0,24.0,7,1,0,1,0,0,0,0,0
2012/10/13,1,14.0,1,1,0,1,0,0,0,0,0
2012/10/14,0,23.0,2,1,0,0,0,1,0,0,0
2012/10/14,1,14.0,2,1,0,0,0,1,0,0,0
2012/10/15,0,19.0,2,1,1,0,0,0,1,0,0
2012/10/15,1,12.0,4,1,1,0,0,0,1,0,0
2012/10/16,0,19.0,7,2,0,0,1,0,0,0,0
2012/10/16,1,8.0,0,1,0,0,1,0,0,0,0
2012/10/17,0,19.0,7,1,0,0,1,0,0,0,0
2012/10/17,1,9.0,1,1,0,0,1,0,0,0,0
2012/10/18,0,20.0,0,1,0,1,0,0,0,0,0
2012/10/18,1,10.0,2,1,0,0,0,1,0,0,0
2012/10/19,0,21.0,1,1,0,1,0,0,0,0,0
2012/10/19,1,12.0,2,1,0,1,0,0,0,0,0
2012/10/20,0,21.0,2,1,0,0,0,1,0,0,0
2012/10/20,1,11.0,5,1,0,0,0,1,0,0,0
2012/10/21,0,17.0,5,2,1,0,0,0,1,0,0
2012/10/21,1,9.0,0,1,0,0,0,1,0,0,0
2012/10/22,0,19.0,0,1,0,1,0,0,0,0,0
2012/10/22,1,8.0,5,1,0,0,1,0,0,0,0
2012/10/23,0,18.0,5,1,0,0,0,1,0,0,0
2012/10/23,1,7.0,4,1,0,0,0,1,0,0,0
2012/10/24,0,17.0,4,1,0,1,0,0,0,0,0
2012/10/24,1,8.0,6,1,0,1,0,0,0,0,0
2012/10/25,0,18.0,1,1,0,0,0,1,0,0,0
2012/10/25,1,9.0,5,1,1,0,0,0,1,0,0
2012/10/26,0,18.0,5,1,0,1,0,0,0,0,0
2012/10/26,1,9.0,6,1,0,0,1,0,0,0,0
2012/10/27,0,19.0,1,1,0,1,0,0,0,0,0
2012/10/27,1,10.0,2,1,0,1,0,0,0,0,0
2012/10/28,0,17.0,2,1,0,1,0,0,0,0,0
2012/10/28,1,10.0,6,1,1,0,0,0,1,0,0
2012/10/29,0,18.0,6,1,0,1,0,0,0,0,0
2012/10/29,1,8.0,6,1,0,1,0,0,0,0,0
2012/10/30,0,18.0,8,1,0,0,1,0,0,0,0
2012/10/30,1,7.0,7,1,0,0,1,0,0,0,0
2012/10/31,0,18.0,6,1,0,0,1,0,0,0,0
2012/10/31,1,6.0,7,1,0,0,1,0,0,0,0
2012/11/1,0,19.0,6,1,0,1,0,0,0,0,0
2012/11/1,1,6.0,8,1,0,1,0,0,0,0,0
2012/11/2,0,15.0,4,1,0,0,0,1,0,0,0
2012/11/2,1,6.0,1,3,1,0,0,0,1,0,0
2012/11/3,0,13.0,1,3,0,1,0,0,0,0,0
2012/11/3,1,2.0,7,2,0,0,1,0,0,0,0
2012/11/4,0,13.0,7,1,0,0,1,0,0,0,0
2012/11/4,1,2.0,6,1,0,0,1,0,0,0,0
2012/11/5,0,14.0,8,1,0,0,1,0,0,0,0
2012/11/5,1,2.0,0,1,0,0,1,0,0,0,0
2012/11/6,0,15.0,6,1,0,1,0,0,0,0,0
2012/11/6,1,4.0,5,1,0,1,0,0,0,0,0
2012/11/7,0,13.0,4,1,0,0,0,1,0,0,0
2012/11/7,1,3.0,5,1,0,0,0,1,0,0,0
2012/11/8,0,13.0,6,1,0,1,0,0,0,0,0
2012/11/8,1,5.0,2,1,0,0,0,1,0,0,0
2012/11/9,0,12.0,4,1,1,0,0,0,1,0,0
2012/11/9,1,6.0,4,1,1,0,0,0,1,0,0
2012/11/10,0,11.0,7,1,0,0,1,0,0,0,0
2012/11/10,1,1.0,0,2,0,0,1,0,0,0,0
2012/11/11,0,13.0,0,1,0,0,1,0,0,0,0
2012/11/11,1,1.0,0,1,0,0,1,0,0,0,0
2012/11/12,0,14.0,0,1,0,0,1,0,0,0,0
2012/11/12,1,2.0,2,1,0,0,1,0,0,0,0
2012/11/13,0,14.0,0,1,0,0,1,0,0,0,0
2012/11/13,1,3.0,2,1,0,1,0,0,0,0,0
2012/11/14,0,13.0,5,1,0,0,0,1,0,0,0
2012/11/14,1,4.0,6,1,0,0,0,1,0,0,0
2012/11/15,0,10.0,1,2,1,0,0,0,1,0,0
2012/11/15,1,2.0,4,1,0,0,0,1,0,0,0
2012/11/16,0,13.0,6,1,0,1,0,0,0,0,0
2012/11/16,1,2.0,0,1,0,0,1,0,0,0,0
2012/11/17,0,16.0,7,1,0,0,1,0,0,0,0
2012/11/17,1,3.0,2,1,0,1,0,0,0,0,0
2012/11/18,0,13.0,6,1,0,1,0,0,0,0,0
2012/11/18,1,4.0,6,1,0,1,0,0,0,0,0
2012/11/19,0,13.0,3,1,0,0,0,1,0,0,0
2012/11/19,1,5.0,6,1,0,0,0,1,0,0,0
2012/11/20,0,11.0,6,1,0,0,0,1,0,0,0
2012/11/20,1,6.0,4,1,0,0,0,1,0,0,0
2012/11/21,0,12.0,0,1,0,1,0,0,0,0,0
2012/11/21,1,6.0,6,2,0,0,0,1,0,0,0
2012/11/22,0,11.0,4,1,1,0,0,0,1,0,0
2012/11/22,1,2.0,3,1,0,1,0,0,0,0,0
2012/11/23,0,11.0,6,1,0,1,0,0,0,0,0
2012/11/23,1,2.0,3,1,0,1,0,0,0,0,0
2012/11/24,0,11.0,2,1,0,0,0,1,0,0,0
2012/11/24,1,3.0,5,3,1,0,0,0,1,0,0
2012/11/25,0,9.0,7,2,1,0,0,0,1,0,0
2012/11/25,1,0.0,0,2,0,0,1,0,0,0,0
2012/11/26,0,10.0,0,2,0,0,1,0,0,0,0
2012/11/26,1,0.0,0,1,0,0,1,0,0,0,0
2012/11/27,0,11.0,7,1,0,0,1,0,0,0,0
2012/11/27,1,-1.0,8,1,0,1,0,0,0,0,0
2012/11/28,0,9.0,0,2,0,1,0,0,0,0,0
2012/11/28,1,-1.0,6,1,0,1,0,0,0,0,0
2012/11/29,0,9.0,6,1,0,1,0,0,0,0,0
2012/11/29,1,-1.0,2,1,0,0,0,1,0,0,0
2012/11/30,0,6.0,0,1,0,1,0,0,0,0,0
2012/11/30,1,0.0,5,1,1,0,0,0,0,1,0
2012/12/1,0,5.0,5,1,1,0,0,0,0,1,0
2012/12/1,1,-2.0,6,1,0,1,0,0,0,0,0
2012/12/2,0,10.0,6,1,0,0,1,0,0,0,0
2012/12/2,1,-2.0,6,2,0,0,1,0,0,0,0
2012/12/3,0,8.0,6,1,0,0,1,0,0,0,0
2012/12/3,1,0.0,6,1,0,0,1,0,0,0,0
2012/12/4,0,11.0,1,1,0,0,1,0,0,0,0
2012/12/4,1,-1.0,0,2,0,0,1,0,0,0,0
2012/12/5,0,9.0,2,1,0,0,1,0,0,0,0
2012/12/5,1,0.0,7,2,0,0,1,0,0,0,0
2012/12/6,0,12.0,7,2,0,0,1,0,0,0,0
2012/12/6,1,0.0,6,1,0,1,0,0,0,0,0
2012/12/7,0,11.0,0,1,0,0,1,0,0,0,0
2012/12/7,1,-1.0,0,1,0,0,1,0,0,0,0
2012/12/8,0,9.0,0,2,0,0,1,0,0,0,0
2012/12/8,1,-2.0,1,1,0,0,1,0,0,0,0
2012/12/9,0,7.0,1,1,0,1,0,0,0,0,0
2012/12/9,1,-1.0,6,1,0,1,0,0,0,0,0
2012/12/10,0,10.0,7,1,0,0,1,0,0,0,0
2012/12/10,1,-2.0,6,1,0,0,1,0,0,0,0
2012/12/11,0,7.0,1,1,0,1,0,0,0,0,0
2012/12/11,1,-1.0,5,1,0,1,0,0,0,0,0
2012/12/12,0,4.0,6,1,0,0,0,1,0,0,0
2012/12/12,1,-1.0,2,1,0,0,0,1,0,0,0
2012/12/13,0,4.0,2,1,1,0,0,0,0,1,0
2012/12/13,1,-1.0,2,1,0,0,0,1,0,0,0
2012/12/14,0,6.0,1,1,0,1,0,0,0,0,0
2012/12/14,1,0.0,3,1,0,1,0,0,0,0,0
2012/12/15,0,5.0,2,1,0,0,0,1,0,0,0
2012/12/15,1,0.0,4,1,0,0,0,1,0,0,0
2012/12/17,0,5.0,6,1,0,0,0,1,0,0,0
2012/12/17,1,0.0,2,1,0,0,0,1,0,0,0
2012/12/18,0,6.0,2,1,0,0,0,1,0,0,0
2012/12/18,1,-2.0,2,1,0,1,0,0,0,0,0
2012/12/19,0,4.0,2,1,0,0,0,1,0,0,0
2012/12/19,1,-1.0,5,1,1,0,0,0,0,1,0
2012/12/20,0,3.0,2,1,1,0,0,0,0,1,0
2012/12/20,1,-2.0,2,1,0,0,0,1,0,0,0
2012/12/21,0,4.0,6,1,0,1,0,0,0,0,0
2012/12/21,1,-3.0,0,1,0,1,0,0,0,0,0
2012/12/22,0,4.0,0,2,0,0,1,0,0,0,0
2012/12/22,1,-5.0,2,1,0,0,1,0,0,0,0
2012/12/23,0,2.0,0,2,0,0,1,0,0,0,0
2012/12/23,1,-7.0,2,1,0,0,1,0,0,0,0
2012/12/24,0,2.0,2,1,0,0,1,0,0,0,0
2012/12/24,1,-5.0,6,1,0,1,0,0,0,0,0
2012/12/25,0,1.0,6,1,0,1,0,0,0,0,0
2012/12/25,1,-5.0,2,1,0,1,0,0,0,0,0
2012/12/26,0,3.0,2,1,0,0,0,1,0,0,0
2012/12/26,1,-4.0,2,1,0,0,0,1,0,0,0
2012/12/27,0,2.0,2,1,0,1,0,0,0,0,0
2012/12/27,1,-5.0,6,1,0,0,0,1,0,0,0
2012/12/28,0,1.0,6,1,1,0,0,0,0,1,0
2012/12/28,1,-4.0,6,2,0,0,0,1,0,0,0
2012/12/29,0,2.0,7,2,0,1,0,0,0,0,0
2012/12/29,1,-7.0,7,1,0,0,1,0,0,0,0
2012/12/30,0,3.0,7,1,0,0,1,0,0,0,0
2012/12/30,1,-6.0,7,1,0,0,1,0,0,0,0
2012/12/31,0,7.0,0,1,0,0,1,0,0,0,0
2012/12/31,1,-6.0,0,1,0,0,1,0,0,0,0
2013/1/1,0,5.0,6,1,0,0,1,0,0,0,0
2013/1/1,1,-5.0,6,1,0,1,0,0,0,0,0
2013/1/2,0,2.0,2,1,0,1,0,0,0,0,0
2013/1/2,1,-5.0,2,1,0,1,0,0,0,0,0
2013/1/3,0,0.0,0,1,0,0,0,1,0,0,0
2013/1/3,1,-7.0,2,1,0,1,0,0,0,0,0
2013/1/4,0,2.0,2,1,0,1,0,0,0,0,0
2013/1/4,1,-6.0,6,1,0,1,0,0,0,0,0
2013/1/5,0,2.0,6,1,0,1,0,0,0,0,0
2013/1/5,1,-6.0,6,1,0,1,0,0,0,0,0
2013/1/6,0,2.0,5,1,0,0,0,1,0,0,0
2013/1/6,1,-6.0,5,1,0,0,0,1,0,0,0
2013/1/7,0,4.0,2,1,0,1,0,0,0,0,0
2013/1/7,1,-4.0,6,1,0,1,0,0,0,0,0
2013/1/8,0,4.0,6,1,0,1,0,0,0,0,0
2013/1/8,1,-5.0,0,1,0,0,1,0,0,0,0
2013/1/9,0,4.0,1,1,0,0,1,0,0,0,0
2013/1/9,1,-5.0,1,1,0,0,1,0,0,0,0
2013/1/10,0,5.0,2,1,0,1,0,0,0,0,0
2013/1/10,1,-5.0,6,1,0,1,0,0,0,0,0
2013/1/11,0,7.0,0,1,0,0,1,0,0,0,0
2013/1/11,1,-4.0,4,1,0,0,1,0,0,0,0
2013/1/13,0,7.0,1,1,0,0,1,0,0,0,0
2013/1/13,1,-4.0,2,1,0,0,1,0,0,0,0
2013/1/14,0,7.0,4,1,0,1,0,0,0,0,0
2013/1/14,1,-4.0,4,1,0,0,0,1,0,0,0
2013/1/15,0,7.0,2,1,0,1,0,0,0,0,0
2013/1/15,1,-2.0,2,1,0,0,1,0,0,0,0
2013/1/16,0,10.0,6,1,0,0,1,0,0,0,0
2013/1/16,1,-3.0,2,1,0,0,1,0,0,0,0
2013/1/17,0,8.0,2,1,0,0,1,0,0,0,0
2013/1/17,1,-3.0,2,1,0,0,1,0,0,0,0
2013/1/18,0,6.0,4,1,0,1,0,0,0,0,0
2013/1/18,1,-2.0,6,1,0,1,0,0,0,0,0
2013/1/19,0,5.0,4,1,0,0,0,1,0,0,0
2013/1/19,1,-1.0,4,1,2,0,0,0,0,1,0
2013/1/20,0,3.0,4,1,1,0,0,0,0,1,0
2013/1/20,1,-2.0,5,1,0,0,0,1,0,0,0
2013/1/21,0,6.0,4,1,0,0,0,1,0,0,0
2013/1/21,1,-3.0,2,1,0,1,0,0,0,0,0
2013/1/22,0,10.0,2,1,0,0,1,0,0,0,0
2013/1/22,1,-2.0,5,1,0,0,1,0,0,0,0
2013/1/23,0,10.0,6,1,0,0,1,0,0,0,0
2013/1/23,1,-2.0,7,1,0,0,1,0,0,0,0
2013/1/24,0,10.0,1,1,0,0,1,0,0,0,0
2013/1/24,1,-1.0,1,1,0,0,1,0,0,0,0
2013/1/25,0,12.0,1,1,0,0,1,0,0,0,0
2013/1/25,1,-2.0,6,1,0,0,1,0,0,0,0
2013/1/26,0,13.0,1,1,0,0,1,0,0,0,0
2013/1/26,1,-1.0,7,1,0,0,1,0,0,0,0
2013/1/27,0,14.0,0,1,0,0,1,0,0,0,0
2013/1/27,1,-1.0,5,1,0,0,1,0,0,0,0
2013/1/28,0,13.0,5,1,0,1,0,0,0,0,0
2013/1/28,1,0.0,2,1,0,1,0,0,0,0,0
2013/1/29,0,11.0,5,1,0,0,0,1,0,0,0
2013/1/29,1,2.0,4,1,0,1,0,0,0,0,0
2013/1/30,0,11.0,2,1,0,1,0,0,0,0,0
2013/1/30,1,2.0,5,1,0,1,0,0,0,0,0
2013/1/31,0,11.0,5,1,0,0,1,0,0,0,0
2013/1/31,1,1.0,2,1,0,0,1,0,0,0,0
2013/3/1,0,8.0,0,2,1,0,0,0,0,1,0
2013/3/1,1,2.0,0,1,0,0,0,1,0,0,0
2013/3/2,0,12.0,2,1,0,0,1,0,0,0,0
2013/3/2,1,1.0,0,1,0,0,1,0,0,0,0
2013/3/3,0,16.0,0,1,0,0,1,0,0,0,0
2013/3/3,1,3.0,2,1,0,0,1,0,0,0,0
2013/3/4,0,20.0,1,1,0,0,1,0,0,0,0
2013/3/4,1,4.0,2,1,0,1,0,0,0,0,0
2013/3/5,0,21.0,2,1,0,1,0,0,0,0,0
2013/3/5,1,6.0,7,1,0,1,0,0,0,0,0
2013/3/6,0,21.0,0,2,0,0,1,0,0,0,0
2013/3/6,1,4.0,6,1,0,0,1,0,0,0,0
2013/3/7,0,25.0,6,1,0,0,1,0,0,0,0
2013/3/7,1,9.0,2,1,0,0,1,0,0,0,0
2013/3/8,0,27.0,2,1,0,1,0,0,0,0,0
2013/3/8,1,14.0,6,1,0,1,0,0,0,0,0
2013/3/9,0,22.0,7,2,0,1,0,0,0,0,0
2013/3/9,1,9.0,0,2,0,0,0,0,0,0,1
2013/3/10,0,19.0,2,1,0,1,0,0,0,0,0
2013/3/10,1,8.0,2,1,0,0,0,1,0,0,0
2013/3/11,0,17.0,2,1,0,0,0,1,0,0,0
2013/3/11,1,6.0,5,1,1,0,0,0,1,0,0
2013/3/12,0,16.0,1,1,0,0,0,1,0,0,0
2013/3/12,1,7.0,6,1,0,0,1,0,0,0,0
2013/3/13,0,19.0,2,1,0,1,0,0,0,0,0
2013/3/13,1,7.0,2,1,0,0,0,1,0,0,0
2013/3/14,0,16.0,2,2,0,1,0,0,0,0,0
2013/3/14,1,7.0,2,1,0,1,0,0,0,0,0
2013/3/15,0,18.0,1,1,0,1,0,0,0,0,0
2013/3/15,1,7.0,2,1,0,0,0,1,0,0,0
2013/3/16,0,13.0,5,1,1,0,0,0,1,0,0
2013/3/16,1,9.0,7,2,1,0,0,0,1,0,0
2013/3/17,0,21.0,6,2,0,1,0,0,0,0,0
2013/3/17,1,8.0,7,2,0,0,1,0,0,0,0
2013/3/18,0,26.0,7,1,0,0,1,0,0,0,0
2013/3/18,1,10.0,6,1,0,0,1,0,0,0,0
2013/3/19,0,27.0,7,1,0,0,1,0,0,0,0
2013/3/19,1,10.0,5,1,0,0,1,0,0,0,0
2013/3/20,0,24.0,2,1,0,1,0,0,0,0,0
2013/3/20,1,10.0,3,1,0,1,0,0,0,0,0
2013/3/21,0,22.0,2,1,0,0,0,1,0,0,0
2013/3/21,1,8.0,5,1,0,1,0,0,0,0,0
2013/3/22,0,21.0,1,1,0,1,0,0,0,0,0
2013/3/22,1,10.0,5,1,0,1,0,0,0,0,0
2013/3/23,0,25.0,1,1,0,0,1,0,0,0,0
2013/3/23,1,9.0,7,1,0,0,1,0,0,0,0
2013/3/24,0,20.0,1,2,0,1,0,0,0,0,0
2013/3/24,1,10.0,2,1,0,0,0,1,0,0,0
2013/3/25,0,17.0,5,1,1,0,0,0,1,0,0
2013/3/25,1,7.0,2,1,0,0,0,1,0,0,0
2013/3/26,0,20.0,2,1,0,0,1,0,0,0,0
2013/3/26,1,6.0,0,1,0,0,1,0,0,0,0
2013/3/27,0,26.0,5,1,0,0,1,0,0,0,0
2013/3/27,1,8.0,1,1,0,0,1,0,0,0,0
2013/3/28,0,24.0,2,1,0,0,1,0,0,0,0
2013/3/28,1,11.0,2,1,0,1,0,0,0,0,0
2013/3/29,0,23.0,4,2,0,0,0,1,0,0,0
2013/3/29,1,10.0,2,1,0,1,0,0,0,0,0
2013/3/30,0,24.0,7,1,0,0,1,0,0,0,0
2013/3/30,1,11.0,0,1,0,0,1,0,0,0,0
2013/3/31,0,24.0,2,1,0,1,0,0,0,0,0
2013/3/31,1,11.0,4,1,0,0,0,1,0,0,0
2013/4/1,0,21.0,5,1,0,1,0,0,0,0,0
2013/4/1,1,9.0,1,1,0,1,0,0,0,0,0
2013/4/1,0,21.0,5,1,0,1,0,0,0,0,0
2013/4/1,1,9.0,1,1,0,1,0,0,0,0,0
2013/4/2,0,19.0,4,1,0,0,0,1,0,0,0
2013/4/2,1,10.0,6,1,0,0,0,1,0,0,0
2013/4/2,0,19.0,4,1,0,0,0,1,0,0,0
2013/4/2,1,10.0,6,1,0,0,0,1,0,0,0
2013/4/3,0,22.0,1,1,0,1,0,0,0,0,0
2013/4/3,1,10.0,0,1,0,1,0,0,0,0,0
2013/4/3,0,22.0,1,1,0,1,0,0,0,0,0
2013/4/3,1,10.0,0,1,0,1,0,0,0,0,0
2013/4/4,0,18.0,5,1,1,0,0,0,1,0,0
2013/4/4,1,9.0,6,2,1,0,0,0,1,0,0
2013/4/4,0,18.0,5,1,1,0,0,0,1,0,0
2013/4/4,1,9.0,6,2,1,0,0,0,1,0,0
2013/4/5,0,15.0,0,1,0,1,0,0,0,0,0
2013/4/5,1,5.0,0,1,0,1,0,0,0,0,0
2013/4/5,0,15.0,0,1,0,1,0,0,0,0,0
2013/4/5,1,5.0,0,1,0,1,0,0,0,0,0
2013/4/6,0,18.0,0,1,0,0,1,0,0,0,0
2013/4/6,1,4.0,1,1,0,0,1,0,0,0,0
2013/4/6,0,18.0,0,1,0,0,1,0,0,0,0
2013/4/6,1,4.0,1,1,0,0,1,0,0,0,0
2013/4/7,0,24.0,1,1,0,0,1,0,0,0,0
2013/4/7,1,8.0,7,1,0,0,1,0,0,0,0
2013/4/7,0,24.0,1,1,0,0,1,0,0,0,0
2013/4/7,1,8.0,7,1,0,0,1,0,0,0,0
2013/4/8,0,22.0,0,1,0,0,1,0,0,0,0
2013/4/8,1,6.0,1,2,0,0,1,0,0,0,0
2013/4/8,0,22.0,0,1,0,0,1,0,0,0,0
2013/4/8,1,6.0,1,2,0,0,1,0,0,0,0
2013/4/9,0,19.0,0,1,0,0,1,0,0,0,0
2013/4/9,1,5.0,0,1,0,0,1,0,0,0,0
2013/4/9,0,19.0,0,1,0,0,1,0,0,0,0
2013/4/9,1,5.0,0,1,0,0,1,0,0,0,0
2013/4/10,0,20.0,2,1,0,0,1,0,0,0,0
2013/4/10,1,8.0,2,1,0,0,1,0,0,0,0
2013/4/10,0,20.0,2,1,0,0,1,0,0,0,0
2013/4/10,1,8.0,2,1,0,0,1,0,0,0,0
2013/4/11,0,23.0,2,1,0,0,1,0,0,0,0
2013/4/11,1,9.0,4,1,0,0,1,0,0,0,0
2013/4/11,0,23.0,2,1,0,0,1,0,0,0,0
2013/4/11,1,9.0,4,1,0,0,1,0,0,0,0
2013/4/12,0,27.0,2,1,0,0,1,0,0,0,0
2013/4/12,1,11.0,5,1,0,0,1,0,0,0,0
2013/4/12,0,27.0,2,1,0,0,1,0,0,0,0
2013/4/12,1,11.0,5,1,0,0,1,0,0,0,0
2013/4/13,0,29.0,5,1,0,0,1,0,0,0,0
2013/4/13,1,14.0,0,1,0,0,1,0,0,0,0
2013/4/13,0,29.0,5,1,0,0,1,0,0,0,0
2013/4/13,1,14.0,0,1,0,0,1,0,0,0,0
2013/4/14,0,31.0,4,1,0,1,0,0,0,0,0
2013/4/14,1,16.0,4,1,0,1,0,0,0,0,0
2013/4/14,0,31.0,4,1,0,1,0,0,0,0,0
2013/4/14,1,16.0,4,1,0,1,0,0,0,0,0
2013/4/15,0,32.0,2,1,0,1,0,0,0,0,0
2013/4/15,1,17.0,4,1,0,1,0,0,0,0,0
2013/4/15,0,32.0,2,1,0,1,0,0,0,0,0
2013/4/15,1,17.0,4,1,0,1,0,0,0,0,0
2013/4/16,0,33.0,0,1,0,1,0,0,0,0,0
2013/4/16,1,19.0,6,1,0,1,0,0,0,0,0
2013/4/16,0,33.0,0,1,0,1,0,0,0,0,0
2013/4/16,1,19.0,6,1,0,1,0,0,0,0,0
2013/4/17,0,33.0,2,1,0,1,0,0,0,0,0
2013/4/17,1,18.0,2,1,0,1,0,0,0,0,0
2013/4/17,0,33.0,2,1,0,1,0,0,0,0,0
2013/4/17,1,18.0,2,1,0,1,0,0,0,0,0
2013/4/18,0,24.0,0,2,0,0,0,1,0,0,0
2013/4/18,1,12.0,2,4,0,0,0,1,0,0,0
2013/4/18,0,24.0,0,2,0,0,0,1,0,0,0
2013/4/18,1,12.0,2,4,0,0,0,1,0,0,0
2013/4/19,0,14.0,2,4,1,0,0,0,1,0,0
2013/4/19,1,6.0,2,1,0,0,0,1,0,0,0
2013/4/19,0,14.0,2,4,1,0,0,0,1,0,0
2013/4/19,1,6.0,2,1,0,0,0,1,0,0,0
2013/4/20,0,19.0,1,1,0,1,0,0,0,0,0
2013/4/20,1,8.0,2,1,0,1,0,0,0,0,0
2013/4/20,0,19.0,1,1,0,1,0,0,0,0,0
2013/4/20,1,8.0,2,1,0,1,0,0,0,0,0
2013/4/21,0,18.0,2,1,0,1,0,0,0,0,0
2013/4/21,1,9.0,5,1,0,0,0,1,0,0,0
2013/4/21,0,18.0,2,1,0,1,0,0,0,0,0
2013/4/21,1,9.0,5,1,0,0,0,1,0,0,0
2013/4/22,0,15.0,4,1,1,0,0,0,1,0,0
2013/4/22,1,9.0,6,1,0,1,0,0,0,0,0
2013/4/22,0,15.0,4,1,1,0,0,0,1,0,0
2013/4/22,1,9.0,6,1,0,1,0,0,0,0,0
2013/4/23,0,26.0,1,1,0,0,1,0,0,0,0
2013/4/23,1,11.0,2,1,0,0,1,0,0,0,0
2013/4/23,0,26.0,1,1,0,0,1,0,0,0,0
2013/4/23,1,11.0,2,1,0,0,1,0,0,0,0
2013/4/24,0,27.0,2,1,0,0,1,0,0,0,0
2013/4/24,1,14.0,1,1,0,0,1,0,0,0,0
2013/4/24,0,27.0,2,1,0,0,1,0,0,0,0
2013/4/24,1,14.0,1,1,0,0,1,0,0,0,0
2013/4/25,0,29.0,2,1,0,0,1,0,0,0,0
2013/4/25,1,13.0,2,1,0,0,1,0,0,0,0
2013/4/25,0,29.0,2,1,0,0,1,0,0,0,0
2013/4/25,1,13.0,2,1,0,0,1,0,0,0,0
2013/4/26,0,31.0,7,1,0,0,1,0,0,0,0
2013/4/26,1,14.0,2,1,0,0,1,0,0,0,0
2013/4/26,0,31.0,7,1,0,0,1,0,0,0,0
2013/4/26,1,14.0,2,1,0,0,1,0,0,0,0
2013/4/27,0,31.0,0,1,0,0,1,0,0,0,0
2013/4/27,1,18.0,0,1,0,0,1,0,0,0,0
2013/4/27,0,31.0,2,1,0,1,0,0,0,0,0
2013/4/27,1,16.0,6,1,0,1,0,0,0,0,0
2013/4/28,0,32.0,6,1,0,1,0,0,0,0,0
2013/4/28,1,15.0,5,1,0,0,0,1,0,0,0
2013/4/28,0,30.0,6,1,0,1,0,0,0,0,0
2013/4/28,1,17.0,6,1,0,1,0,0,0,0,0
2013/4/29,0,24.0,2,1,1,0,0,0,1,0,0
2013/4/29,1,13.0,1,1,0,0,0,1,0,0,0
2013/4/30,0,24.0,2,1,0,1,0,0,0,0,0
2013/4/30,1,14.0,2,1,0,1,0,0,0,0,0
2013/5/1,0,26.0,2,1,0,1,0,0,0,0,0
2013/5/1,1,15.0,2,1,0,0,0,1,0,0,0
2013/5/2,0,27.0,2,1,0,0,0,1,0,0,0
2013/5/2,1,17.0,2,1,0,1,0,0,0,0,0
2013/5/3,0,32.0,2,1,0,1,0,0,0,0,0
2013/5/3,1,18.0,2,1,0,1,0,0,0,0,0
2013/5/4,0,28.0,2,1,0,0,0,1,0,0,0
2013/5/4,1,18.0,2,2,0,0,0,1,0,0,0
2013/5/5,0,23.0,4,1,1,0,0,0,1,0,0
2013/5/5,1,17.0,5,1,1,0,0,0,1,0,0
2013/5/6,0,21.0,2,1,1,0,0,0,1,0,0
2013/5/6,1,17.0,2,1,1,0,0,0,1,0,0
2013/5/7,0,24.0,2,1,0,0,0,1,0,0,0
2013/5/7,1,17.0,5,1,0,0,0,1,0,0,0
2013/5/8,0,22.0,5,1,1,0,0,0,1,0,0
2013/5/8,1,15.0,6,1,1,0,0,0,1,0,0
2013/5/9,0,25.0,2,1,0,1,0,0,0,0,0
2013/5/9,1,13.0,2,1,0,1,0,0,0,0,0
2013/5/10,0,28.0,0,1,0,0,1,0,0,0,0
2013/5/10,1,14.0,6,1,0,0,1,0,0,0,0
2013/5/11,0,33.0,2,1,0,0,1,0,0,0,0
2013/5/11,1,16.0,2,1,0,0,1,0,0,0,0
2013/5/12,0,35.0,2,1,0,0,1,0,0,0,0
2013/5/12,1,19.0,2,1,0,0,1,0,0,0,0
2013/5/13,0,35.0,2,1,0,1,0,0,0,0,0
2013/5/13,1,20.0,2,1,0,1,0,0,0,0,0
2013/5/14,0,34.0,3,1,0,1,0,0,0,0,0
2013/5/14,1,23.0,5,1,0,0,0,1,0,0,0
2013/5/15,0,28.0,4,1,0,0,0,1,0,0,0
2013/5/15,1,20.0,4,1,1,0,0,0,1,0,0
2013/5/16,0,26.0,5,1,1,0,0,0,1,0,0
2013/5/16,1,16.0,5,1,1,0,0,0,1,0,0
2013/5/17,0,22.0,5,1,1,0,0,0,1,0,0
2013/5/17,1,16.0,4,1,1,0,0,0,1,0,0
2013/5/18,0,29.0,1,1,0,1,0,0,0,0,0
2013/5/18,1,16.0,1,1,0,0,1,0,0,0,0
2013/5/19,0,32.0,1,1,0,0,1,0,0,0,0
2013/5/19,1,17.0,3,1,0,0,1,0,0,0,0
2013/5/20,0,33.0,2,1,0,0,1,0,0,0,0
2013/5/20,1,19.0,2,1,0,0,1,0,0,0,0
2013/5/21,0,36.0,2,1,0,0,1,0,0,0,0
2013/5/21,1,21.0,2,1,0,0,1,0,0,0,0
2013/5/22,0,34.0,2,1,0,0,1,0,0,0,0
2013/5/22,1,22.0,4,1,0,0,0,1,0,0,0
2013/5/23,0,33.0,2,1,0,1,0,0,0,0,0
2013/5/23,1,20.0,3,1,0,1,0,0,0,0,0
2013/5/24,0,28.0,4,1,1,0,0,0,1,0,0
2013/5/24,1,18.0,5,1,1,0,0,0,1,0,0
2013/5/25,0,24.0,4,1,2,0,0,0,1,0,0
2013/5/25,1,17.0,5,1,1,0,0,0,1,0,0
2013/5/26,0,28.0,2,1,0,1,0,0,0,0,0
2013/5/26,1,18.0,2,1,0,1,0,0,0,0,0
2013/5/27,0,30.0,2,1,0,1,0,0,0,0,0
2013/5/27,1,18.0,6,1,0,0,0,1,0,0,0
2013/5/28,0,25.0,4,1,1,0,0,0,1,0,0
2013/5/28,1,16.0,4,1,0,0,0,1,0,0,0
2013/5/29,0,24.0,5,1,1,0,0,0,1,0,0
2013/5/29,1,14.0,5,1,0,0,0,1,0,0,0
2013/5/30,0,20.0,4,1,1,0,0,0,1,0,0
2013/5/30,1,15.0,2,1,0,0,0,1,0,0,0
2013/5/31,0,27.0,1,1,0,1,0,0,0,0,0
2013/5/31,1,16.0,2,1,0,1,0,0,0,0,0
2013/6/1,0,32.0,1,1,0,0,1,0,0,0,0
2013/6/1,1,18.0,1,1,0,0,1,0,0,0,0
2013/6/2,0,35.0,1,1,0,0,1,0,0,0,0
2013/6/2,1,19.0,2,1,0,1,0,0,0,0,0
2013/6/3,0,35.0,1,1,0,1,0,0,0,0,0
2013/6/3,1,20.0,1,1,0,1,0,0,0,0,0
2013/6/4,0,34.0,2,1,0,1,0,0,0,0,0
2013/6/4,1,20.0,2,1,0,0,1,0,0,0,0
2013/6/5,0,35.0,2,1,0,1,0,0,0,0,0
2013/6/5,1,24.0,2,1,0,0,0,1,0,0,0
2013/6/6,0,34.0,4,1,0,0,0,1,0,0,0
2013/6/6,1,20.0,2,1,0,1,0,0,0,0,0
2013/6/7,0,36.0,2,1,0,1,0,0,0,0,0
2013/6/7,1,21.0,2,1,0,1,0,0,0,0,0
2013/6/8,0,30.0,4,1,1,0,0,0,1,0,0
2013/6/8,1,20.0,4,1,1,0,0,0,1,0,0
2013/6/9,0,29.0,4,1,1,0,0,0,1,0,0
2013/6/9,1,16.0,6,1,0,0,0,1,0,0,0
2013/6/10,0,31.0,1,1,0,0,1,0,0,0,0
2013/6/10,1,16.0,7,1,0,1,0,0,0,0,0
2013/6/11,0,32.0,6,1,0,0,1,0,0,0,0
2013/6/11,1,17.0,2,1,0,0,1,0,0,0,0
2013/6/12,0,33.0,1,1,0,1,0,0,0,0,0
2013/6/12,1,17.0,2,1,0,0,1,0,0,0,0
2013/6/13,0,34.0,4,1,0,1,0,0,0,0,0
2013/6/13,1,22.0,1,1,0,1,0,0,0,0,0
2013/6/14,0,34.0,2,1,0,1,0,0,0,0,0
2013/6/14,1,23.0,1,1,3,0,0,0,1,0,0
2013/6/15,0,34.0,4,1,3,0,0,0,1,0,0
2013/6/15,1,24.0,2,1,0,0,0,1,0,0,0
2013/6/16,0,36.0,2,1,0,0,0,1,0,0,0
2013/6/16,1,25.0,2,1,0,0,0,1,0,0,0
2013/6/17,0,37.0,2,1,0,1,0,0,0,0,0
2013/6/17,1,26.0,2,1,0,1,0,0,0,0,0
2013/6/18,0,37.0,2,1,0,1,0,0,0,0,0
2013/6/18,1,28.0,2,1,0,1,0,0,0,0,0
2013/6/19,0,35.0,2,1,0,0,0,1,0,0,0
2013/6/19,1,26.0,2,1,1,0,0,0,1,0,0
2013/6/20,0,30.0,4,1,1,0,0,0,1,0,0
2013/6/20,1,23.0,6,1,1,0,0,0,1,0,0
2013/6/21,0,27.0,2,1,1,0,0,0,1,0,0
2013/6/21,1,22.0,7,1,1,0,0,0,1,0,0
2013/6/22,0,26.0,5,1,1,0,0,0,1,0,0
2013/6/22,1,22.0,5,1,1,0,0,0,1,0,0
2013/6/23,0,31.0,0,1,0,0,0,1,0,0,0
2013/6/23,1,22.0,4,1,0,0,0,1,0,0,0
2013/6/24,0,29.0,5,1,1,0,0,0,1,0,0
2013/6/24,1,21.0,4,1,0,0,0,1,0,0,0
2013/6/25,0,34.0,2,1,0,1,0,0,0,0,0
2013/6/25,1,23.0,1,1,0,0,1,0,0,0,0
2013/6/26,0,36.0,2,1,0,1,0,0,0,0,0
2013/6/26,1,24.0,2,1,0,1,0,0,0,0,0
2013/6/27,0,37.0,1,1,0,0,1,0,0,0,0
2013/6/27,1,24.0,5,1,0,0,1,0,0,0,0
2013/6/28,0,37.0,1,1,0,0,1,0,0,0,0
2013/6/28,1,25.0,2,1,0,0,1,0,0,0,0
2013/6/29,0,38.0,2,1,0,0,1,0,0,0,0
2013/6/29,1,27.0,2,1,0,1,0,0,0,0,0
2013/6/30,0,37.0,2,1,0,1,0,0,0,0,0
2013/6/30,1,28.0,2,1,0,0,0,1,0,0,0
2013/7/1,0,35.0,2,1,3,0,0,0,1,0,0
2013/7/1,1,26.0,4,1,1,0,0,0,1,0,0
2013/7/2,0,33.0,5,1,1,0,0,0,1,0,0
2013/7/2,1,25.0,2,1,0,0,0,1,0,0,0
2013/7/3,0,34.0,1,1,0,0,0,1,0,0,0
2013/7/3,1,24.0,0,1,0,0,0,1,0,0,0
2013/7/4,0,32.0,6,1,1,0,0,0,1,0,0
2013/7/4,1,23.0,5,1,0,0,0,1,0,0,0
2013/7/5,0,36.0,2,1,0,0,1,0,0,0,0
2013/7/5,1,24.0,2,1,0,0,1,0,0,0,0
2013/7/6,0,36.0,2,1,0,0,1,0,0,0,0
2013/7/6,1,25.0,2,1,0,0,1,0,0,0,0
2013/7/7,0,37.0,2,1,0,1,0,0,0,0,0
2013/7/7,1,27.0,1,1,0,1,0,0,0,0,0
2013/7/8,0,34.0,4,1,0,0,0,1,0,0,0
2013/7/8,1,25.0,0,1,1,0,0,0,1,0,0
2013/7/9,0,28.0,4,1,1,0,0,0,1,0,0
2013/7/9,1,23.0,6,1,1,0,0,0,1,0,0
2013/7/10,0,30.0,6,1,1,0,0,0,1,0,0
2013/7/10,1,24.0,1,1,0,0,0,1,0,0,0
2013/7/11,0,33.0,1,1,0,1,0,0,0,0,0
2013/7/11,1,25.0,2,1,0,1,0,0,0,0,0
2013/7/12,0,34.0,1,1,0,1,0,0,0,0,0
2013/7/12,1,26.0,2,1,0,1,0,0,0,0,0
2013/7/13,0,33.0,2,1,0,0,0,1,0,0,0
2013/7/13,1,25.0,1,1,0,0,0,1,0,0,0
2013/7/14,0,32.0,4,1,0,0,0,1,0,0,0
2013/7/14,1,25.0,6,1,0,0,0,1,0,0,0
2013/7/15,0,30.0,4,1,1,0,0,0,1,0,0
2013/7/15,1,24.0,6,1,1,0,0,0,1,0,0
2013/7/16,0,33.0,2,1,0,1,0,0,0,0,0
2013/7/16,1,23.0,1,1,0,1,0,0,0,0,0
2013/7/17,0,27.0,6,1,1,0,0,0,1,0,0
2013/7/17,1,23.0,4,1,3,0,0,0,1,0,0
2013/7/18,0,24.0,4,1,2,0,0,0,1,0,0
2013/7/18,1,22.0,3,1,0,0,0,1,0,0,0
2013/7/19,0,31.0,2,1,0,1,0,0,0,0,0
2013/7/19,1,24.0,4,1,0,0,0,1,0,0,0
2013/7/20,0,32.0,5,1,1,0,0,0,1,0,0
2013/7/20,1,24.0,2,1,0,1,0,0,0,0,0
2013/7/21,0,32.0,4,1,0,0,0,1,0,0,0
2013/7/21,1,24.0,2,1,1,0,0,0,1,0,0
2013/7/22,0,26.0,2,1,2,0,0,0,1,0,0
2013/7/22,1,22.0,2,1,1,0,0,0,1,0,0
2013/7/23,0,32.0,2,1,0,1,0,0,0,0,0
2013/7/23,1,23.0,2,1,0,1,0,0,0,0,0
2013/7/24,0,32.0,2,1,0,1,0,0,0,0,0
2013/7/24,1,24.0,1,1,0,1,0,0,0,0,0
2013/7/25,0,35.0,2,1,0,1,0,0,0,0,0
2013/7/25,1,26.0,1,1,0,1,0,0,0,0,0
2013/7/26,0,36.0,1,1,0,1,0,0,0,0,0
2013/7/26,1,26.0,5,1,0,1,0,0,0,0,0
2013/7/27,0,33.0,4,1,0,0,0,1,0,0,0
2013/7/27,1,25.0,4,1,0,0,0,1,0,0,0
2013/7/28,0,32.0,5,1,1,0,0,0,1,0,0
2013/7/28,1,23.0,5,1,1,0,0,0,1,0,0
2013/7/29,0,30.0,2,1,1,0,0,0,1,0,0
2013/7/29,1,22.0,2,1,0,1,0,0,0,0,0
2013/7/30,0,34.0,2,1,0,0,0,1,0,0,0
2013/7/30,1,25.0,5,1,1,0,0,0,1,0,0
2013/7/31,0,33.0,2,1,1,0,0,0,1,0,0
2013/7/31,1,25.0,2,1,1,0,0,0,1,0,0
2013/8/1,0,30.0,2,1,1,0,0,0,1,0,0
2013/8/1,1,24.0,2,1,0,0,0,1,0,0,0
2013/8/2,0,35.0,2,1,0,1,0,0,0,0,0
2013/8/2,1,25.0,3,1,0,0,0,1,0,0,0
2013/8/3,0,36.0,2,1,0,1,0,0,0,0,0
2013/8/3,1,26.0,2,1,0,1,0,0,0,0,0
2013/8/4,0,37.0,1,1,0,1,0,0,0,0,0
2013/8/4,1,26.0,2,1,0,1,0,0,0,0,0
2013/8/5,0,36.0,2,1,0,1,0,0,0,0,0
2013/8/5,1,24.0,4,1,1,0,0,0,1,0,0
2013/8/6,0,31.0,2,1,2,0,0,0,1,0,0
2013/8/6,1,22.0,2,1,2,0,0,0,1,0,0
2013/8/7,0,28.0,6,1,1,0,0,0,1,0,0
2013/8/7,1,22.0,2,1,0,0,0,1,0,0,0
2013/8/8,0,32.0,2,1,0,1,0,0,0,0,0
2013/8/8,1,23.0,2,1,0,1,0,0,0,0,0
2013/8/9,0,35.0,1,1,0,1,0,0,0,0,0
2013/8/9,1,25.0,2,1,0,1,0,0,0,0,0
2013/8/10,0,33.0,2,1,0,1,0,0,0,0,0
2013/8/10,1,25.0,4,1,0,0,0,1,0,0,0
2013/8/11,0,33.0,4,1,0,0,0,1,0,0,0
2013/8/11,1,25.0,2,1,0,0,0,1,0,0,0
2013/8/12,0,34.0,4,1,0,0,0,1,0,0,0
2013/8/12,1,24.0,2,1,0,1,0,0,0,0,0
2013/8/13,0,35.0,2,1,0,1,0,0,0,0,0
2013/8/13,1,25.0,1,1,0,1,0,0,0,0,0
2013/8/14,0,36.0,2,1,0,1,0,0,0,0,0
2013/8/14,1,26.0,2,1,0,0,1,0,0,0,0
2013/8/15,0,37.0,2,1,0,1,0,0,0,0,0
2013/8/15,1,27.0,2,1,0,0,1,0,0,0,0
2013/8/16,0,37.0,2,1,0,0,1,0,0,0,0
2013/8/16,1,27.0,2,1,0,0,1,0,0,0,0
2013/8/17,0,38.0,1,1,0,0,1,0,0,0,0
2013/8/17,1,26.0,1,1,0,0,1,0,0,0,0
2013/8/18,0,35.0,2,1,0,1,0,0,0,0,0
2013/8/18,1,25.0,1,1,0,0,1,0,0,0,0
2013/8/19,0,36.0,1,1,0,0,1,0,0,0,0
2013/8/19,1,24.0,2,1,0,0,1,0,0,0,0
2013/8/20,0,33.0,1,1,0,0,1,0,0,0,0
2013/8/20,1,23.0,2,1,0,0,1,0,0,0,0
2013/8/21,0,33.0,2,1,0,1,0,0,0,0,0
2013/8/21,1,24.0,2,1,0,0,1,0,0,0,0
2013/8/22,0,34.0,2,1,0,1,0,0,0,0,0
2013/8/22,1,25.0,2,1,0,1,0,0,0,0,0
2013/8/23,0,32.0,2,1,0,1,0,0,0,0,0
2013/8/23,1,24.0,2,1,0,1,0,0,0,0,0
2013/8/24,0,31.0,2,1,0,1,0,0,0,0,0
2013/8/24,1,23.0,2,1,0,0,0,1,0,0,0
2013/8/25,0,32.0,4,1,0,0,0,1,0,0,0
2013/8/25,1,23.0,2,1,0,1,0,0,0,0,0
2013/8/26,0,35.0,2,1,0,1,0,0,0,0,0
2013/8/26,1,25.0,5,1,0,1,0,0,0,0,0
2013/8/27,0,31.0,2,1,0,0,0,1,0,0,0
2013/8/27,1,24.0,4,1,1,0,0,0,1,0,0
2013/8/28,0,25.0,6,1,1,0,0,0,1,0,0
2013/8/28,1,20.0,2,1,0,0,0,1,0,0,0
