SO2,NO2,PM10,CO,O31小时,O38小时,PM2.5
23.0,79.0,140.0,42.0,107.0,116.0,133.0
26.0,88.0,167.0,46.0,95.0,99.0,169.0
80.1789932684652,130.33543469430725,154.0,77.0,59.0,78.0,195.0
24.0,82.0,133.0,79.0,40.0,44.0,200.0
13.0,45.0,125.0,71.0,9.0,9.0,220.0
21.0,40.0,98.0,67.0,26.0,32.0,168.0
15.0,37.0,70.0,50.0,22.0,26.0,88.0
8.0,34.0,87.0,71.0,23.0,33.0,125.0
31.0,40.0,318.0,93.0,39.0,52.0,200.0
42.0,52.0,155.0,99.0,107.0,115.0,170.0
54.0,45.0,98.0,76.0,64.0,79.0,92.0
76.0,52.0,106.0,93.0,49.0,78.0,85.0
62.0,47.0,88.0,82.0,49.0,72.0,64.0
34.0,62.0,107.0,89.0,41.0,52.0,105.0
56.0,125.30747604905358,110.0,101.0,44.0,62.0,108.0
83.0,167.0,119.0,102.0,41.0,57.0,134.0
37.0,99.09031063103896,108.0,89.0,38.0,45.4940385211059,113.0
19.0,99.64933642423857,90.0,79.0,42.0,65.0,85.0
36.0,165.0,159.0,87.0,35.0,55.0,112.0
65.0,155.0,125.0,96.0,55.77271697797432,66.72614695968058,147.0
40.0,97.0,96.0,77.0,37.79160105859716,45.24312009603536,93.0
30.0,82.16330202440048,109.0,68.0,30.0,40.0,89.0
47.0,59.0,127.0,83.0,24.0,27.0,158.0
62.0,79.0,134.0,91.0,54.0,68.0,179.0
81.0,64.0,126.0,82.0,15.0,21.0,138.0
54.0,92.0,191.0,99.0,50.0,76.0,229.0
46.0,59.0,147.0,87.0,41.0,44.0,237.0
65.0,90.0,176.0,89.0,41.0,52.0,235.0
54.0,65.0,146.0,80.0,30.0,40.0,198.0
57.0,115.94241124248401,143.0,101.0,40.0,50.0,150.0
52.0,94.0,140.0,99.0,37.0,44.0,148.0
44.0,94.6233675640305,105.0,78.0,40.0,50.0,145.0
56.0,62.0,115.0,71.0,13.0,27.752822578601975,133.0
43.0,92.23082585761453,146.0,63.0,36.0,48.0,115.0
58.0,85.0,166.0,83.0,46.0,56.0,208.0
58.0,101.0,143.0,85.0,32.0,38.0,208.0
52.0,70.0,136.0,71.0,23.0,28.0,173.0
42.0,53.0,148.0,59.0,32.0,44.0,114.0
57.0,104.65288355213544,175.0,98.0,32.0,34.0,163.0
55.0,99.2405737452025,153.0,70.0,35.0,42.0,108.0
63.0,106.98260868367187,139.0,64.0,45.0,65.0,158.0
66.0,63.871336809366746,166.0,75.0,15.0,18.0,280.0
67.0,75.0,149.0,62.0,26.0,34.0,229.0
61.0,65.01373356252938,118.0,48.0,22.0,27.0,166.0
68.0,83.17718055623364,500.0,59.0,15.0,19.0,364.0
60.0,90.80488935729025,500.0,50.0,19.0,21.0,268.0
67.0,62.333968552445825,107.0,33.0,18.0,22.0,105.0
45.0,88.01484492447203,364.0,24.0,27.0,37.0,112.0
50.0,98.0,500.0,48.0,23.0,32.0,309.0
100.0,111.73255841500686,152.0,63.0,38.0,49.0,162.0
76.0,94.01466116417942,191.0,57.0,36.0,42.0,195.0
74.0,79.82994481210801,196.0,33.0,33.0,46.0,209.0
85.0,86.89939313069353,192.0,60.0,33.0,35.0,252.0
69.0,81.07259159322938,171.0,43.0,33.0,37.0,169.0
60.0,88.0,153.0,32.0,38.0,48.0,127.0
94.0,88.0,144.0,20.0,30.0,35.0,103.0
63.0,63.0,145.0,10.0,27.0,40.0,67.0
70.0,76.37804167939184,270.0,52.0,27.0,28.0,272.0
99.0,108.54830077296013,322.0,91.0,41.0,38.0,402.0
116.0,100.33081177487277,282.0,87.0,31.0,32.0,412.0
104.0,87.84954555484059,270.0,81.0,20.0,20.0,354.0
105.0,98.73206232074541,270.0,81.0,38.0,41.0,412.0
86.0,116.0,158.0,69.0,40.0,47.0,285.0
78.0,90.34745635747028,125.0,65.0,39.0,45.0,225.0
100.0,100.04625709022586,118.0,61.0,38.0,48.0,208.0
60.0,60.30587130061452,82.0,36.0,24.0,30.0,138.0
63.0,59.041129380354555,82.0,38.0,21.0,26.0,140.0
58.0,64.75192751230877,83.0,34.0,29.0,33.0,119.0
96.0,58.94423036203485,160.0,41.0,22.0,19.0,296.0
105.0,107.61250647210238,178.0,101.0,34.0,44.0,347.0
78.0,93.0,89.0,108.0,34.0,41.0,99.0
104.0,103.0,109.0,109.0,26.0,28.0,159.0
128.0,107.0,100.0,109.0,20.0,18.0,145.0
68.0,77.0,114.0,108.0,33.0,42.0,185.0
74.0,82.0,155.0,111.0,9.0,11.0,305.0
106.0,105.0,487.0,114.0,40.0,40.0,500.0
127.0,107.0,178.0,111.0,22.0,28.0,327.0
102.0,106.0,105.0,110.0,9.0,10.0,190.0
104.0,108.0,134.0,113.0,11.0,14.0,221.0
117.0,120.0,196.0,118.0,11.0,11.0,346.0
107.0,110.0,102.0,114.0,29.0,31.0,166.0
90.0,107.0,-59.6795824221194,113.0,4.0,6.0,199.0
98.0,115.0,3.780660668482947,114.0,4.0,5.0,240.0
101.0,131.0,253.0,118.0,5.0,6.0,391.0
122.0,144.0,342.0,119.0,6.0,7.0,440.0
107.0,134.0,172.0,114.0,10.0,10.0,318.0
118.0,148.0,322.0,115.0,10.0,10.0,429.0
108.0,142.0,319.0,116.0,13.0,12.0,413.0
135.0,132.0,169.0,109.0,14.0,14.0,293.0
118.0,138.0,182.0,109.0,8.0,8.0,266.0
117.0,119.0,114.0,103.0,17.0,20.0,172.0
80.0,109.0,117.0,102.0,25.0,28.0,169.0
99.0,97.0,83.0,86.0,31.0,39.0,65.0
114.0,128.0,176.0,106.0,20.0,22.0,312.0
101.0,119.0,128.0,104.0,23.0,20.0,219.0
102.0,91.0,82.0,88.0,26.0,33.0,94.0
103.0,116.0,183.0,107.0,17.0,21.0,319.0
121.0,146.0,407.0,115.0,4.0,6.0,458.0
132.0,140.0,205.0,109.0,8.0,8.0,329.0
107.0,117.0,143.0,101.0,12.0,14.0,214.0
107.0,122.0,235.0,107.0,24.0,20.0,300.0
109.0,103.0,151.0,89.0,25.0,31.0,148.0
126.0,155.0,500.0,114.0,11.0,5.0,500.0
115.0,144.0,298.0,108.0,12.0,15.0,399.0
133.0,139.0,215.0,103.0,10.0,14.0,308.0
112.0,122.0,171.0,104.0,33.0,37.0,269.0
124.0,133.0,198.0,102.0,14.0,18.0,333.0
110.0,115.0,149.0,89.0,16.0,22.0,216.0
116.0,138.0,273.0,105.0,10.0,13.0,383.0
114.0,117.0,182.0,45.0,9.0,13.0,320.0
110.0,111.0,131.0,35.0,25.0,9.0,143.0
76.0,84.0,68.0,21.0,58.0,24.0,39.0
86.0,92.0,73.0,23.0,40.0,18.0,69.0
90.0,116.0,115.0,30.0,52.0,17.0,139.0
32.0,104.0,117.0,38.0,67.0,85.0,108.0
28.0,93.0,122.0,34.0,46.0,67.0,100.0
34.0,106.0,134.0,45.0,35.0,48.0,144.0
17.0,83.0,106.0,51.0,26.0,26.0,137.0
6.0,82.0,123.0,49.0,2.0,2.0,198.0
18.0,84.0,97.0,42.0,15.0,15.0,162.0
10.0,55.0,65.0,29.0,15.0,18.0,100.0
4.0,48.0,81.0,29.0,17.0,24.0,102.0
24.0,53.0,182.0,34.0,32.0,42.0,158.0
44.0,73.77817622336383,151.0,37.0,58.0,29.400347690914874,155.0
25.0,65.0,93.0,20.0,39.0,50.0,83.0
38.0,102.0,100.0,26.0,43.0,58.0,87.0
20.0,92.0,96.0,24.0,34.0,44.0,83.0
15.0,102.0,96.0,25.0,38.0,50.0,70.0
18.0,90.0,94.0,25.0,35.0,44.0,72.0
25.0,93.0,104.0,24.0,32.0,40.0,90.0
14.0,74.0,100.0,18.0,27.0,38.0,68.0
12.0,50.0,87.0,14.0,29.0,43.0,55.0
14.0,65.0,153.0,23.0,27.0,40.0,109.0
29.0,79.0,102.0,24.0,31.0,36.0,99.0
14.0,51.7869368538162,104.0,17.0,34.0,43.0,83.0
23.0,48.0,114.0,15.0,20.0,27.0,64.0
19.0,90.0,136.0,32.0,22.0,21.0,173.0
45.0,102.0,143.0,35.0,54.0,70.0,172.0
44.0,101.0,135.0,32.0,11.0,15.0,129.0
30.0,106.0,192.0,36.0,39.0,49.0,210.0
30.0,103.0,156.0,31.0,38.0,40.0,231.0
46.0,106.0,171.0,31.0,38.0,50.0,223.0
32.0,98.0,154.0,25.0,25.0,30.0,196.0
38.0,106.0,139.0,31.0,32.0,37.0,124.0
31.0,107.0,126.0,31.0,28.0,33.0,109.0
16.0,82.0,105.0,23.0,36.0,45.0,120.0
32.0,60.0,155.0,16.0,36.0,46.0,119.0
37.0,106.0,174.0,32.0,37.0,40.0,192.0
36.0,102.0,132.0,29.0,28.0,32.0,130.0
28.0,88.0,151.0,31.0,16.0,18.0,170.0
32.0,70.0,153.0,25.0,31.0,43.0,108.0
31.0,102.0,160.0,38.0,26.0,25.0,114.0
31.0,97.0,165.0,47.0,28.0,28.0,85.0
44.0,89.0,137.0,68.0,37.0,47.0,147.0
45.0,93.0,171.0,75.0,16.0,17.0,256.0
40.0,70.09453049487938,156.0,70.0,25.0,32.0,210.0
29.0,69.0,133.0,60.0,23.0,33.0,158.0
46.0,82.0,500.0,66.0,14.0,16.0,315.0
52.0,90.0,500.0,62.0,15.0,12.0,274.0
47.0,62.71459423024905,120.0,51.0,16.0,21.0,112.0
60.0,117.0,179.0,63.0,38.0,41.0,127.0
57.0,104.0,288.0,61.0,26.0,29.0,162.0
69.0,111.0,345.0,74.0,32.0,41.0,223.0
41.0,98.0,177.0,53.0,33.22361657951272,39.81180460522501,125.0
50.0,93.0,205.0,57.0,33.6837891041001,40.38828340164956,130.0
65.0,94.0,168.0,50.0,35.69398303459619,42.7955414774546,112.0
45.0,59.0,164.0,38.0,22.0,31.0,65.0
72.0,113.0,357.0,88.0,15.0,33.0,326.0
81.0,117.0,349.0,86.0,39.0,48.0,382.0
94.0,130.0,347.0,101.0,21.0,17.0,394.0
87.99258269273598,114.0,282.0,73.0,94.0,27.0,365.0
83.16624801454577,109.0,282.0,73.0,44.0,51.0,354.0
72.90011109142672,103.0,153.0,65.0,42.0,50.0,252.0
53.90244748445983,87.0,100.0,46.0,46.0,54.0,133.0
92.0,102.0,113.0,50.0,18.0,16.0,175.0
80.0,75.0,90.0,35.0,9.0,9.0,137.0
58.0,59.0,84.0,30.0,9.0,8.0,122.0
27.0,57.0,95.0,32.0,17.0,17.0,120.0
84.0,94.0,169.0,68.0,20.0,15.0,291.0
69.0,95.0,181.0,70.0,20.0,21.0,345.0
44.0,69.0,84.0,46.0,23.0,28.0,90.0
66.0,79.0,87.0,46.0,16.0,17.0,124.0
62.0,64.0,111.0,52.0,20.0,24.0,175.0
53.0,70.0,305.9664583387089,63.0,4.0,4.0,307.0
77.0,94.0,500.0,71.0,18.0,18.0,500.0
102.0,105.0,172.0,64.0,12.0,13.0,303.0
53.0,85.0,91.0,56.0,9.0,7.0,150.0
65.0,87.0,127.0,67.0,6.0,6.0,208.0
84.0,113.0,205.0,96.0,3.0,4.0,325.0
69.0,72.0,97.0,72.0,13.0,13.0,144.0
28.0,18.0,104.0,75.0,2.0,2.0,200.0
53.0,20.0,129.0,70.0,2.0,2.0,250.0
78.0,24.0,297.0,91.0,3.0,3.0,385.0
87.0,26.0,416.0,102.0,3.0,3.0,459.0
84.0,25.0,246.0,87.0,6.0,6.0,370.0
106.0,30.0,438.0,94.0,6.0,6.0,447.0
93.0,28.0,269.0,78.0,10.0,10.0,346.0
102.0,80.0,289.0,81.0,3.0,4.0,321.0
94.0,121.0,170.0,59.0,5.0,6.0,219.0
108.0,113.0,170.0,58.0,8.0,9.0,183.0
72.0,106.0,136.0,56.0,11.0,13.0,137.0
68.0,77.0,87.0,36.0,18.0,23.0,54.0
81.0,131.0,199.0,79.0,4.0,5.0,299.0
68.0,89.0,98.0,44.0,20.0,22.0,124.0
87.0,84.0,79.0,36.0,16.0,18.0,78.0
76.0,111.0,250.0,83.0,4.0,3.0,368.0
113.0,131.0,478.0,103.0,3.0,4.0,458.0
108.0,125.0,325.0,92.0,4.0,4.0,349.0
91.0,105.0,185.0,61.0,6.0,7.0,242.0
100.0,104.0,167.0,50.0,8.0,8.0,193.0
104.0,84.0,160.0,41.0,13.0,14.0,120.0
116.0,139.0,449.0,90.0,4.0,5.0,468.6286957466218
107.0,120.0,275.0,69.0,5.0,5.0,336.8053434790726
115.0,119.0,216.0,66.0,4.0,5.0,315.7398367381823
102.0,114.0,200.0,80.0,13.0,14.0,250.0
116.0,129.0,416.0,84.0,6.0,9.0,389.0
105.0,104.0,176.0,65.0,4.0,5.0,236.0
106.0,125.0,407.0,87.0,6.0,9.0,373.0
108.0,121.0,255.70980661836546,101.0,7.0,10.0,388.74982532754376
104.0,82.0,185.1831796274385,95.0,8.0,11.0,375.54731775697303
120.0,70.0,258.0,71.0,7.0,10.0,278.0
107.0,44.0,126.0,41.0,21.0,10.0,156.0
46.0,23.0,63.0,13.0,46.0,21.0,42.0
61.0,27.0,105.0,21.0,34.0,15.0,87.0
62.0,43.0,144.0,33.0,43.0,17.0,103.0
34.0,117.0,126.0,41.0,35.0,48.0,133.0
20.0,110.0,115.0,64.52125022710466,33.0,45.0,102.0
3.0,50.59773311150463,135.0,36.922608602484296,28.0,35.0,113.0
3.0,104.0,113.0,22.0,16.0,19.0,93.0
6.0,102.0,109.0,28.0,2.0,3.0,119.0
11.0,106.0,107.0,50.0,10.0,12.0,95.0
32.589294010409084,78.0,62.0,30.0,12.0,15.0,58.0
8.0,68.0,73.0,27.0,13.0,17.0,83.0
31.0,67.0,262.0,25.0,29.0,33.0,160.0
49.0,104.0,164.0,36.0,41.0,55.0,135.0
31.0,95.0,115.0,23.0,34.0,45.0,92.0
45.0,113.0,118.0,35.0,34.0,42.0,89.0
33.0,94.0,114.0,38.0,29.0,40.0,79.0
23.0,97.0,95.0,32.0,32.0,37.0,67.0
21.0,98.0,98.0,36.0,29.0,40.0,73.0
46.0,107.0,105.0,37.0,23.0,29.0,84.0
22.0,83.0,97.0,23.0,26.0,37.0,69.0
16.0,58.0,83.0,18.0,26.0,37.0,58.0
20.0,79.0,140.0,24.0,23.0,34.0,118.0
40.0,103.0,107.0,41.0,25.0,30.0,104.0
19.0,83.0,89.0,23.0,27.0,33.0,82.0
13.0,65.0,95.0,22.0,16.0,22.0,88.0
30.0,105.0,129.0,36.0,16.0,16.0,129.0
53.0,110.0,136.0,40.0,38.0,47.0,140.0
56.0,116.0,126.0,39.0,8.0,10.0,133.0
25.0,103.0,373.96980988023256,41.0,30.0,41.0,144.0
40.0,106.0,145.0,43.0,32.0,29.0,176.0
57.0,111.0,158.0,42.0,32.0,37.0,179.0
48.0,108.0,168.0,40.0,17.0,22.0,179.0
60.0,121.0,136.0,42.0,20.0,21.0,120.0
49.0,119.0,135.0,43.0,21.0,23.0,117.0
59.0,106.0,139.0,36.0,9.0,35.10592173235223,143.0
47.0,85.0,165.0,27.0,27.0,36.0,142.0
53.0,111.0,167.0,43.0,31.0,37.0,186.0
48.0,109.0,112.0,34.0,24.0,26.0,110.0
48.0,107.0,187.0,33.0,14.0,16.0,172.0
43.0,99.0,171.0,24.0,27.0,35.0,143.0
42.0,111.0,178.0,35.0,24.0,25.0,159.0
36.0,106.0,152.0,53.0,25.0,25.0,124.0
40.0,99.0,158.0,67.0,29.0,37.0,138.0
51.0,105.0,161.0,66.0,10.0,12.0,198.0
58.0,104.0,164.0,60.0,22.0,26.0,192.0
53.0,80.0,134.0,54.0,20.0,25.0,162.0
59.0,97.0,500.0,58.0,10.0,13.0,396.0
55.0,94.0,500.0,49.0,13.0,14.0,362.0
66.0,87.0,132.0,41.0,13.0,18.0,124.0
31.0,60.0,466.0,30.0,20.0,25.0,190.0
27.0,83.0,500.0,36.0,20.0,23.0,426.0
52.0,109.0,137.0,42.0,31.0,35.0,118.0
38.0,103.0,182.0,47.0,26.0,29.0,165.0
59.0,106.0,250.0,52.0,24.0,28.0,195.0
64.0,111.0,191.0,52.0,28.0,34.0,203.0
53.0,104.0,171.0,43.0,23.0,28.0,153.0
47.0,100.0,162.0,44.0,24.0,28.0,152.0
67.0,103.0,157.0,40.0,16.0,19.0,137.0
47.0,69.0,137.0,21.0,20.0,27.0,90.0
67.0,111.0,258.0,53.0,21.0,23.0,254.0
76.0,119.0,249.0,60.0,40.0,46.0,307.0
88.0,130.0,222.0,70.0,26.0,20.0,298.0
65.0,116.0,242.0,56.0,171.0,35.0,320.0
58.0,116.0,242.0,56.0,34.0,43.0,306.0
40.0,110.0,146.0,49.0,35.0,41.0,227.0
32.0,103.0,101.0,40.0,35.0,43.0,144.0
42.0,87.0,75.0,37.0,21.0,27.0,118.0
13.0,72.0,70.0,32.0,19.0,24.0,114.0
12.0,69.0,75.0,35.0,27.0,33.0,118.0
63.75575898353779,77.0,138.0,67.0,29.0,31.0,252.0
66.52343478882038,64.0,163.0,78.0,26.0,31.0,295.0
9.0,48.0,76.0,52.0,27.0,35.0,77.0
42.54219597227574,55.0,92.0,57.0,21.0,27.0,134.0
38.87729050855484,50.0,76.0,53.0,30.0,34.0,100.0
44.16067778800522,43.0,86.0,57.0,28.0,35.0,155.0
8.0,48.0,275.7237577381115,68.0,10.0,13.0,276.0
7.0,59.0,500.0,74.0,23.0,27.0,496.0
6.0,69.0,159.0,65.0,19.0,23.0,298.0
8.0,53.0,185.29991610222382,51.0,16.0,22.0,144.0
41.0,55.0,122.79735156768808,65.0,14.0,18.0,186.0
41.0,79.0,170.0,88.0,10.0,15.0,312.0
34.0,67.0,89.0,73.0,22.0,25.0,137.0
10.0,63.0,130.30132925207127,73.0,8.0,12.0,175.0
26.0,80.0,119.0,88.0,8.0,12.0,268.0
49.0,102.0,354.4277694655157,98.0,9.0,13.0,375.0
52.0,107.0,295.0,101.0,9.0,13.0,413.0
44.0,102.0,213.0,86.0,15.0,16.0,333.0
68.0,114.0,328.0,89.0,12.0,15.0,414.0
61.0,103.0,205.0,73.0,16.0,19.0,324.0
40.0,69.0,99.0,51.0,19.0,26.0,93.0
42.0,59.0,78.0,32.0,25.0,31.0,57.0
64.0,102.0,164.0,65.0,12.0,15.0,254.0
42.0,69.0,119.0,46.0,23.0,26.0,173.0
47.0,59.0,71.0,38.0,20.0,24.0,79.0
48.0,97.0,208.0,89.0,8.0,12.0,333.0
70.0,111.0,422.0,105.0,8.0,12.0,420.0
72.0,108.0,302.0,97.0,10.0,13.0,307.0
54.0,93.0,192.0,68.0,12.0,16.0,219.0
51.0,77.0,152.0,46.0,18.0,22.0,139.0
61.0,68.0,149.0,39.0,20.0,23.0,85.0
74.0,113.0,339.0,90.0,9.0,13.0,382.0
65.0,103.0,195.0,78.0,10.0,14.0,294.0
77.0,101.0,179.0,67.0,10.0,13.0,228.0
64.0,89.0,168.0,64.0,19.0,21.0,228.0
81.0,105.0,279.0,76.0,9.0,13.0,332.0
61.0,89.0,178.0,69.0,10.0,14.0,250.0
66.0,105.0,286.0,79.0,9.0,13.0,326.0
75.0,106.0,253.0,79.0,9.0,13.0,316.0
73.0,105.0,395.0,92.0,9.0,13.0,372.0
91.0,89.0,181.0,65.0,9.0,13.0,251.0
93.0,63.0,142.0,25.0,29.0,14.0,148.0
44.0,35.0,61.0,44.837155721889054,66.0,29.0,70.0
67.0,42.0,65.0,5.0,49.0,22.0,82.0
72.0,57.0,72.0,11.0,65.0,25.0,100.0
40.0,117.0,151.0,42.0,31.0,41.0,112.0
38.0,125.0,169.0,45.0,31.0,40.0,132.0
31.0,62.890442917233,152.0,46.213009562944514,23.0,30.0,125.0
30.0,80.0,132.0,77.0,24.0,28.0,142.0
28.0,52.0,142.0,84.0,9.0,11.0,173.0
44.0,55.0,113.0,76.0,18.0,23.0,138.0
28.0,40.0,81.0,76.0,13.0,18.0,89.0
18.0,37.0,112.0,74.0,16.0,22.0,87.0
36.0,45.0,198.0,71.0,26.0,36.0,144.0
48.0,78.0,149.0,84.0,40.0,54.0,107.0
21.0,44.0,87.0,59.0,33.0,46.0,49.0
25.0,99.0,104.0,76.0,38.0,56.0,68.0
25.0,84.0,91.0,68.0,32.0,43.0,50.0
25.0,99.0,97.0,74.0,29.0,39.0,62.0
32.0,94.0,96.0,75.0,30.0,41.0,63.0
22.0,64.0,90.0,71.0,25.0,36.0,59.0
19.0,45.0,87.0,81.0,25.0,36.0,39.0
22.0,70.0,130.0,96.0,22.0,32.0,72.0
43.0,89.0,114.0,101.0,27.0,34.0,85.0
25.0,62.0,91.0,83.0,25.0,35.0,55.0
15.0,35.0,103.0,84.0,20.0,28.0,54.0
36.0,79.0,161.0,101.0,15.0,20.0,172.0
53.0,98.0,152.0,101.0,34.0,42.0,148.0
62.0,94.0,139.0,96.0,11.0,14.0,114.0
37.0,103.0,192.0,102.0,34.0,42.0,215.0
52.0,82.0,187.0,98.0,29.0,29.0,222.0
54.0,95.0,195.0,101.0,29.0,39.0,204.0
53.0,85.0,172.0,93.0,20.0,27.0,165.0
52.0,103.0,133.0,102.0,30.0,36.0,104.0
46.0,107.0,124.0,102.0,22.0,30.0,99.0
23.0,69.0,118.0,83.0,30.0,40.0,112.0
59.0,84.0,142.0,84.0,11.0,38.1782549404383,128.0
50.0,63.0,153.0,76.0,25.0,33.0,102.0
47.0,102.0,181.0,101.0,32.0,38.0,170.0
49.0,102.0,143.0,98.0,22.0,27.0,139.0
50.0,82.0,166.0,86.0,16.0,22.0,143.0
43.0,74.0,135.0,79.0,23.0,32.0,78.0
37.0,104.0,166.0,103.0,25.0,28.0,110.0
40.0,102.0,138.0,100.0,27.0,30.0,83.0
51.0,69.0,141.0,90.0,32.0,44.0,143.0
62.0,94.0,219.0,100.0,10.0,14.0,256.0
86.0,95.0,190.0,89.0,15.0,19.0,219.0
67.0,58.0,174.0,71.0,17.0,21.0,147.0
77.0,73.0,500.0,91.0,11.0,15.0,253.0
52.0,60.0,500.0,78.0,14.0,18.0,190.0
74.0,63.0,143.0,61.0,12.0,14.0,93.0
34.0,47.0,340.0,39.0,22.0,26.0,92.0
35.0,92.0,500.0,66.0,18.0,25.0,196.0
62.0,113.0,152.0,87.0,36.0,39.0,108.0
68.0,113.0,199.0,68.0,25.0,27.0,127.0
52.0,82.0,191.0,35.0,26.0,34.0,127.0
97.0,111.0,209.0,52.0,22.0,24.0,193.0
87.0,101.0,161.0,44.0,23.0,24.0,108.0
46.0,70.0,162.0,45.12913640575097,26.0,34.0,95.0
69.0,64.0,148.0,18.0,21.0,27.0,78.0
58.0,55.0,163.0,30.226277170204956,18.0,25.0,54.0
58.0,55.0,280.0,58.965556402536215,19.0,23.0,251.0
95.0,64.0,358.0,103.0,21.0,30.0,349.0
102.0,68.0,369.0,104.0,24.0,21.0,368.0
102.0,53.0,305.0,62.0,9.0,11.0,347.0
83.0,53.0,178.0,59.0,24.0,28.0,247.0
68.0,43.0,111.0,49.0,28.0,32.0,130.0
59.0,34.0,119.0,28.0,31.0,38.0,158.0
59.0,25.0,93.0,42.302253064613744,17.0,22.0,117.0
52.0,25.0,88.0,11.0,11.0,13.0,109.0
35.0,27.0,103.0,22.0,22.0,24.0,110.0
77.0,37.0,177.0,74.0,18.0,22.0,247.0
79.0,39.0,192.0,103.0,21.0,28.0,284.0
63.0,29.0,80.0,78.0,23.0,29.0,78.0
65.0,29.0,101.0,83.0,20.0,25.0,128.0
61.0,24.0,108.0,80.0,20.0,27.0,137.0
71.0,25.0,188.0,88.0,10.0,11.0,275.0
99.0,33.0,500.0,100.0,24.0,27.0,500.0
104.0,38.0,173.0,90.0,18.0,20.0,283.0
76.0,37.0,107.0,87.0,10.0,13.0,163.0
94.0,38.0,134.0,91.0,10.0,12.0,195.0
99.0,53.0,203.0,103.0,9.0,11.0,309.0
78.0,43.0,101.0,97.0,19.0,21.0,138.0
45.0,43.0,119.0,102.0,5.0,7.0,170.0
37.0,50.0,185.0,103.0,5.0,7.0,251.0
75.0,80.0,410.0,107.0,5.0,7.0,359.0
72.0,93.0,451.0,108.0,6.0,8.0,413.0
71.0,65.0,370.0,101.0,11.0,12.0,312.0
105.0,87.0,500.0,102.0,7.0,10.0,389.0
104.0,93.0,332.0,105.0,10.0,12.0,331.0
104.0,74.0,205.0,103.0,10.0,11.0,261.0
103.0,83.0,194.0,103.0,8.0,9.0,223.0
70.0,60.0,129.0,95.0,16.0,19.0,135.0
61.0,50.0,118.0,91.0,18.0,20.0,124.0
49.0,30.0,84.0,59.0,24.0,32.0,49.0
85.0,64.0,178.0,98.0,15.0,18.0,229.0
99.0,63.0,124.0,87.0,13.0,14.0,147.0
61.0,34.0,87.0,63.0,19.0,24.0,74.0
97.0,55.0,292.0,102.0,11.0,12.0,271.0
116.0,101.0,500.0,113.0,10.0,12.0,402.0
123.0,79.0,328.0,106.0,8.0,10.0,273.0
115.0,70.0,199.0,102.0,8.0,9.0,204.0
101.0,63.0,178.0,92.0,15.0,16.0,153.0
70.0,44.0,141.0,42.0,20.0,22.0,83.0
114.0,97.0,484.0,99.0,11.0,15.0,386.0
90.0,69.0,180.0,66.0,28.0,25.0,212.0
101.0,88.0,290.0,81.0,4.0,5.0,288.0
102.0,85.0,300.0,81.0,27.55747692228135,32.67442738490999,282.0
111.0,101.0,434.0,100.0,4.0,5.0,358.0
110.0,102.0,344.0,112.0,7.0,7.0,309.0
107.0,77.0,293.0,112.0,3.0,4.0,288.0
121.0,78.0,184.0,109.0,3.0,4.0,228.0
122.0,52.0,124.0,102.0,12.0,5.0,149.0
85.0,33.0,69.0,77.0,50.0,19.0,42.0
88.0,35.0,103.0,84.0,33.0,11.0,77.0
97.0,64.0,148.0,104.0,47.0,12.0,127.0
24.0,27.0,168.0,35.0,72.0,92.0,124.0
25.0,94.04401322428386,170.0,38.0,49.0,76.0,114.0
15.0,54.86406533528193,160.0,46.0,15.485217690411382,43.0,166.0
32.47763047159002,34.0,84.77600809727124,45.0,16.0,23.0,119.0
49.918990748948346,52.0,150.08846479263494,65.0,27.0,35.0,195.0
9.0,72.0,243.0,79.0,65.0,86.0,142.0
9.0,60.0,85.8724788702684,66.0,42.0,53.0,69.0
13.0,87.0,56.36950808546658,94.0,45.0,64.0,82.0
15.0,77.0,284.6912541869373,23.094798219462987,37.0,49.0,67.0
16.0,80.0,288.51187135020507,25.228050470354567,39.0,46.0,74.0
19.0,80.0,114.0,104.0,37.0,45.0,75.0
28.0,80.0,130.0,104.0,34.0,40.0,88.0
24.0,59.0,117.0,101.0,28.0,42.0,73.0
22.0,43.0,96.0,91.0,30.0,43.0,55.0
20.0,54.0,193.0,101.0,26.0,38.0,107.0
24.0,69.0,145.0,101.0,30.0,35.0,105.0
22.0,59.0,114.0,91.0,33.0,37.0,85.0
21.0,38.0,130.0,83.0,20.0,29.0,70.0
23.0,62.0,139.0,97.0,21.0,20.0,168.0
25.0,82.0,114.0,101.0,49.0,64.0,168.0
26.0,80.0,164.0,97.0,12.0,14.0,128.0
24.0,101.0,199.0,103.0,41.0,46.0,245.0
24.0,78.0,176.0,97.0,39.0,41.0,235.0
24.0,101.0,226.0,96.0,39.0,46.0,220.0
24.0,78.0,199.0,89.0,22.0,29.0,188.0
26.0,103.0,194.0,103.0,37.0,36.0,137.0
27.0,101.0,158.0,103.0,28.0,31.0,110.0
26.0,72.0,98.49386913676872,83.0,35.0,41.0,144.0
29.0,73.0,77.24384113941686,73.0,11.0,27.067792486104477,129.0
26.0,52.0,260.0,64.0,32.0,43.0,115.0
26.0,89.0,208.0,79.0,42.0,47.0,204.0
28.0,105.0,174.0,91.0,27.0,28.0,178.0
29.0,92.0,185.0,81.0,15.0,18.0,173.0
28.0,77.0,226.0,73.0,27.0,35.0,109.0
35.0,107.0,236.0,105.0,25.0,23.0,142.0
34.0,101.0,188.0,97.0,29.0,31.0,93.0
34.0,73.0,148.0,80.0,37.0,48.0,170.0
38.0,92.0,198.0,81.0,11.0,15.0,273.0
41.0,82.0,171.0,74.0,27.0,31.0,213.0
51.0,60.0,155.0,63.0,20.0,25.0,163.0
52.0,82.0,500.0,76.0,11.0,14.0,316.0
52.0,79.0,500.0,71.0,16.0,18.0,265.0
54.0,65.0,148.0,52.0,16.0,20.0,109.0
52.0,47.0,500.0,42.0,26.0,34.0,110.0
47.0,94.0,357.6937237949834,77.0,20.0,25.0,306.0
61.0,122.0,101.4112948221073,97.0,37.0,39.0,144.0
55.0,111.0,292.0,94.0,30.0,33.0,170.0
55.0,101.0,339.0,70.0,29.0,37.0,166.0
59.0,115.0,304.0,88.0,31.0,38.0,227.0
59.0,101.0,199.0,62.0,31.0,35.0,133.0
56.0,89.0,193.0,57.0,30.0,36.0,125.0
75.0,85.0,192.0,48.0,24.0,27.0,100.0
66.0,123.0,597.0152546641057,79.0,40.0,40.0,414.0
90.0,131.0,406.0,103.0,80.0,27.0,428.0
76.0,122.0,305.0,93.0,6.0,8.0,338.0
66.0,128.0,305.0,93.0,7.0,9.0,355.0
29.0,117.0,163.0,80.0,8.0,11.0,245.0
29.0,120.0,125.0,80.0,9.0,12.0,153.0
52.0,89.0,97.0,42.0,8.0,12.0,130.0
94.0,78.0,212.0,67.0,17.0,19.0,299.0
64.56158116443535,38.0,198.0,96.0,33.0,39.0,301.88656297298047
65.69337253649238,54.0,83.0,103.0,48.0,80.0,172.78194083232256
59.36519939001494,62.0,106.0,103.0,27.0,39.0,173.0
67.8052125391387,54.0,88.0,101.0,32.0,43.0,246.0847734317747
64.02605552450616,33.0,101.0,101.0,38.0,51.0,248.96637211413486
6.0,19.0,144.11866972643216,103.0,28.0,42.0,307.0
12.0,25.0,429.18707257216386,105.0,29.0,37.0,500.0
17.0,23.0,140.48348929350826,102.0,21.0,31.0,322.0
55.481555831043224,20.0,-106.8243670479698,93.0,24.0,32.0,176.0
10.0,19.0,114.0,101.0,26.0,34.0,219.0
52.0,27.0,18.743313701902075,109.0,10.0,11.0,323.0
0.0,0.0,0.0,110.0,12.0,14.0,144.0
80.48936974618418,121.76985382141632,165.0023663667707,104.0,42.44246794115183,50.529373178794856,219.0
70.89430714924356,74.0,118.0,104.0,40.0,46.0,227.0
91.96505475591978,94.0,199.0,109.0,41.0,49.0,375.0
90.29535307104169,104.0,379.0,109.0,23.0,28.0,442.0
82.2498909728128,88.0,261.7394190145398,103.0,43.0,46.0,341.0
85.33967727037493,108.0,364.0,107.0,50.0,55.0,341.0
96.2962290948245,109.0,199.0,108.0,68.0,80.0,327.0
84.27501511191248,106.0,185.0,103.0,35.0,43.0,304.0
66.0,102.0,146.0,89.0,45.0,56.0,219.0
70.0,87.0,118.0,80.0,82.0,85.0,190.0
55.0,81.0,110.0,85.0,114.0,100.0,156.0
51.0,49.0,81.0,47.0,94.0,98.0,54.0
67.0,104.0,250.0,102.0,29.0,32.0,293.84890348876803
54.0,77.0,142.0,69.0,70.0,90.0,34.15766113253552
62.0,49.0,91.0,43.0,60.0,78.0,80.0
67.0,84.0,302.0,87.0,33.0,41.0,307.0
91.0,109.0,479.0,106.0,18.0,24.0,415.0
83.0,107.0,373.0,101.0,32.0,36.0,310.0
69.0,80.0,194.0,60.0,49.0,75.0,206.0
67.0,103.0,253.0,77.0,42.0,45.0,199.51624579953122
72.0,68.0,166.0,40.0,70.0,65.0,78.0
90.0,127.0,481.0,106.0,30.0,31.0,438.0
84.0,116.0,270.0,102.0,30.0,37.0,319.0
100.0,107.0,215.0,70.0,21.0,30.0,269.0
83.0,131.0,190.0,87.0,45.0,53.0,236.0
101.0,128.0,302.0,69.0,19.0,23.0,325.0
74.0,90.0,164.0,34.0,32.0,43.0,202.0
81.0,124.0,354.0,84.0,19.0,23.0,365.0
86.0,169.0,393.0,90.0,20.0,22.0,393.0
90.0,199.0,410.0,106.0,12.0,13.0,416.0
113.0,161.0,169.0,108.0,14.0,20.0,271.0
85.0,59.0,104.0,94.0,68.0,30.0,147.0
50.0,15.0,63.0,62.0,71.0,32.0,69.0
61.0,37.0,96.0,70.0,52.0,25.0,63.0
72.0,131.0,138.0,104.0,58.0,23.0,147.0
31.0,125.0,196.0,65.0,50.0,73.0,193.0
38.0,125.0,222.0,62.0,44.0,61.0,190.0
36.0,113.0,156.0,65.0,35.0,44.0,149.0
28.0,98.0,141.0,72.0,27.0,33.0,178.0
44.0,94.0,109.0,68.0,22.0,28.0,175.0
35.0,83.0,349.0,41.620647018569656,29.0,39.0,172.0
46.0,106.0,162.0,78.15536422756819,59.0,79.0,127.0
34.0,62.0,97.0,45.8423414695253,38.0,55.0,60.0
31.0,97.0,108.0,62.29438309348458,42.0,64.0,77.0
25.0,83.0,88.0,51.12826090336644,37.0,54.0,55.0
36.0,100.0,106.0,60.27053064662454,32.0,45.0,79.0
28.0,103.0,114.0,61.008007252832485,33.0,44.0,90.0
36.0,100.0,112.0,61.611230625277464,33.0,46.0,87.0
32.0,88.0,105.0,52.73475023413698,29.0,41.0,73.0
22.0,70.0,96.0,40.0,30.0,43.0,48.0
30.0,84.0,166.0,47.01502188268057,27.0,38.0,95.0
43.0,102.0,124.0,65.87141322949147,30.0,41.0,109.0
37.0,87.0,100.0,53.052064173791145,30.0,38.0,70.0
18.0,47.0,112.0,27.615258320594673,22.0,33.0,55.0
38.0,101.0,154.0,76.25984813247231,19.0,24.0,200.0
53.0,109.0,138.0,85.76520534521644,43.0,59.0,162.0
57.0,106.0,138.0,64.8014864851418,15.0,19.0,120.0
44.0,111.0,262.0,86.98648083604819,37.0,54.0,253.0
51.0,103.0,165.0,93.97768268088855,32.0,34.0,253.0
60.0,110.0,194.0,30.0,32.0,45.0,243.0
57.0,54.74473384662724,172.0,29.0,25.0,32.0,228.0
53.0,75.41696706480114,146.0,37.0,31.0,40.0,122.0
41.0,105.0,151.0,37.0,29.0,37.0,130.0
31.0,87.0,109.0,26.0,33.0,44.0,133.0
55.0,104.0,133.0,28.0,9.0,32.844637159923735,140.0
43.0,78.0,176.0,23.0,30.0,41.0,109.0
52.0,110.0,198.0,41.0,38.0,45.0,205.0
52.0,112.0,150.0,40.0,27.0,32.0,183.0
49.0,104.0,159.0,72.20694802370241,20.0,25.0,168.0
42.0,92.0,149.0,30.0,28.0,38.0,93.0
47.0,105.0,176.0,51.0,28.0,31.0,143.0
40.0,103.0,150.0,41.0,31.0,38.0,85.0
47.0,89.0,149.0,74.25103026553195,39.0,57.0,159.0
62.0,112.0,193.0,95.59871792686538,12.0,15.0,280.0
80.0,113.0,176.0,53.0,19.0,23.0,248.0
59.0,89.0,136.0,45.0,20.0,21.0,162.0
70.0,102.0,500.0,61.0,14.0,16.0,326.0
47.0,89.0,500.0,38.67944540720347,18.0,20.0,248.0
71.0,95.0,124.0,40.0,13.0,13.0,113.0
49.0,70.0,454.0,31.0,18.0,24.0,110.0
29.0,94.0,500.0,27.0,25.0,34.0,279.0
53.0,114.0,159.0,38.0,50.0,69.0,135.0
61.0,109.0,200.0,34.0,39.0,46.0,155.0
43.0,95.0,206.0,38.0,36.0,48.0,150.0
81.0,123.0,195.0,61.0,29.0,37.0,222.0
68.0,112.0,194.0,69.0,34.0,41.0,176.0
38.0,93.0,158.0,63.0,39.0,55.0,115.0
58.0,93.0,152.0,64.0,31.0,42.0,95.0
55.0,84.0,164.0,58.0,26.0,35.0,70.0
54.0,108.0,344.0,71.0,24.0,37.0,284.0
97.0,130.0,364.0,87.0,35.0,48.0,400.0
99.0,121.0,302.0,71.0,35.0,40.0,398.0
93.0,117.0,293.0,48.0,18.0,21.0,383.0
89.0,119.0,293.0,48.0,40.0,50.0,384.0
82.0,117.0,171.0,49.0,38.0,45.0,287.0
70.0,110.0,119.0,35.0,40.0,50.0,175.0
52.0,101.0,116.0,28.0,43.0,61.0,190.0
53.0,73.0,89.0,20.0,26.0,36.0,135.0
51.0,68.0,85.0,18.0,20.0,25.0,134.0
63.0,79.0,90.0,65.83424970661787,30.0,34.0,112.0
77.0,95.0,177.0,73.0,21.0,26.0,278.0
70.0,69.0,189.0,103.0,31.0,42.0,321.0
56.0,57.0,96.0,85.0,35.0,45.0,107.0
56.0,59.0,105.0,71.0,29.0,38.0,149.0
113.0,75.0,119.0,71.0,19.0,23.0,175.0
52.0,42.0,110.0,62.0,30.0,41.0,149.0
55.0,45.0,160.0,59.0,13.0,18.0,303.0
71.0,58.0,500.0,68.0,41.0,47.0,500.0
77.0,59.0,197.0,95.89484807357097,29.0,38.0,324.0
71.0,72.0,111.0,0.0,15.0,18.0,198.0
79.0,74.0,130.0,52.0,15.0,19.0,206.0
80.0,88.0,209.0,77.0,16.0,20.0,343.0
76.0,77.0,100.0,55.0,30.0,37.0,149.0
76.0,77.0,110.0,62.0,8.0,12.0,203.0
61.0,89.0,155.0,71.0,9.0,13.0,284.0
79.0,110.0,306.0,86.0,9.0,13.0,403.0
86.0,118.0,402.0,101.0,10.0,14.0,444.0
82.0,108.0,226.0,79.0,16.0,18.0,339.0
107.0,118.0,328.0,82.0,15.0,19.0,408.0
92.0,117.0,309.0,105.0,17.0,20.0,374.0
108.0,107.0,181.0,106.0,17.0,20.0,284.0
107.0,113.0,256.0,108.0,12.0,16.0,301.0
66.0,85.0,118.0,81.0,27.0,34.0,144.0
54.0,77.0,139.0,71.0,27.0,31.0,185.0
34.0,48.0,81.0,33.0,34.0,48.0,54.0
61.0,96.0,157.0,73.0,30.0,35.0,263.0
102.0,102.0,142.0,90.0,22.0,23.0,204.0
90.0,84.0,209.0,102.0,18.0,21.0,310.0
113.0,118.0,500.0,112.0,8.0,11.0,463.0
112.0,113.0,286.0,102.0,10.0,12.0,316.0
107.0,104.0,180.0,89.0,13.0,15.0,231.0
87.0,104.0,230.0,110.0,20.0,17.0,251.0
51.0,59.0,145.0,51.0,27.0,35.0,92.0
52.0,83.0,467.0,103.0,15.0,13.0,462.0
62.0,87.0,463.0,110.0,10.0,13.0,430.0
62.0,80.0,369.0,105.0,9.0,13.0,360.0
42.0,58.0,175.0,86.0,30.0,33.0,248.0
62.0,74.0,286.0,114.0,9.0,14.0,326.0
61.0,78.0,378.0,114.0,10.0,14.0,407.0
56.0,72.0,295.0,111.0,11.0,15.0,353.0
55.0,60.0,292.0,107.0,10.0,14.0,371.0
61.0,52.0,169.0,103.0,11.0,15.0,258.0
75.0,35.0,124.0,87.0,39.0,16.0,183.0
24.0,18.0,57.0,53.0,71.0,30.0,40.0
33.0,25.0,98.0,60.0,51.0,23.0,84.0
38.0,39.0,141.0,83.0,65.0,25.0,156.0
54.0,80.0,106.0,43.0,45.0,68.0,78.0
48.0,92.0,145.0,42.0,39.0,55.0,90.0
47.0,106.0,96.0,56.0,38.0,45.0,138.0
23.0,104.0,259.9157070425114,63.0,25.0,29.0,147.0
31.0,65.0,92.85998842234389,76.0,5.0,5.0,189.0
43.0,55.0,87.0,88.0,13.0,17.0,137.0
39.0,47.0,67.0,72.0,18.0,24.0,93.0
51.0,58.0,317.0,67.0,28.0,38.0,163.0
61.0,63.0,105.0,55.0,33.0,42.0,74.0
66.0,87.0,129.0,64.0,34.0,46.0,103.0
67.0,88.0,99.0,59.0,31.0,44.0,73.0
53.0,102.0,105.0,69.0,40.0,55.0,83.0
45.0,82.32024791599304,59.7043760004566,77.0,28.0,36.0,108.0
55.0,88.0,121.0,67.0,27.0,36.0,94.0
44.0,70.0,107.0,66.0,24.0,34.0,77.0
38.0,45.0,90.0,67.0,29.0,40.0,53.0
63.0,83.0,106.0,47.0,25.0,35.0,64.0
73.0,102.0,116.0,47.0,28.0,36.0,107.0
91.0,123.0,128.0,47.0,49.0,71.0,122.0
90.0,103.0,136.0,47.0,21.0,31.0,93.0
76.0,115.0,180.0,50.0,40.0,49.0,190.0
65.0,97.0,145.0,46.0,40.0,45.0,153.0
78.0,120.0,148.0,37.0,40.0,55.0,145.0
82.0,104.0,168.0,37.0,30.0,39.0,132.0
74.0,107.92785941296665,216.0,71.93958932285967,33.0,40.0,149.0
66.0,104.78384721200577,174.0,69.43134690516533,38.0,41.0,122.0
62.0,108.0,99.0,56.0,33.0,43.0,110.0
65.0,118.0,177.0,84.57150301067011,33.0,34.0,180.0
66.0,105.0,131.0,70.67316751182008,22.0,32.0,120.0
69.0,109.67621646526952,182.0,65.87217803959828,34.0,47.0,98.0
63.0,90.29129400485301,302.0,62.18526553163178,24.0,29.0,209.0
53.04004537937783,117.0,169.0,63.28881573685153,34.0,39.0,89.0
17.0,48.0,106.0,46.0,25.0,33.0,129.0
47.0,74.0,500.0,51.0,19.0,24.0,278.0
43.0,83.0,500.0,44.0,19.0,21.0,249.0
13.0,54.0,103.0,36.0,22.0,29.0,90.0
15.0,38.0,411.0,28.0,24.0,33.0,112.0
53.0,82.52791473784397,500.0,30.0,25.0,32.0,289.0
61.0,120.60794971383383,178.0,82.5924962693245,45.0,61.0,142.0
62.0,96.85450711485672,272.0,63.24155678979721,30.0,35.0,178.0
32.0,69.0,195.0,34.0,32.0,45.0,150.0
44.0,101.0,226.0,46.0,32.0,42.0,211.0
31.0,66.43321584697597,188.0,36.0,31.0,38.0,144.0
27.0,60.0,164.0,29.0,32.0,41.0,123.0
22.0,57.0,157.0,25.0,25.0,32.0,100.0
15.0,29.0,139.0,13.0,23.0,35.0,55.0
28.0,70.0,213.0,41.0,24.0,32.0,244.0
31.0,105.0,200.0,50.0,40.0,41.0,317.0
31.0,44.66917725182526,265.0,63.0,22.0,22.0,386.0
35.0,75.0,173.0,46.0,20.0,20.0,290.0
58.0,78.0,173.0,46.0,42.0,45.0,314.0
45.0,75.0,131.0,36.0,35.0,44.0,223.0
49.0,83.0,111.0,37.0,37.0,41.0,178.0
37.0,68.0,107.0,30.0,27.0,35.0,182.0
53.0,52.0,78.0,19.0,15.0,21.0,128.0
29.0,52.0,72.0,17.0,20.0,26.0,119.0
22.0,23.0,66.0,17.0,25.0,32.0,102.0
39.0,60.0,131.3338742514073,101.0,24.0,23.0,280.0
39.0,43.0,128.8602437078903,103.0,31.0,41.0,293.0
35.0,40.0,75.0,85.0,30.0,39.0,74.0
39.0,42.0,96.0,98.0,19.0,21.0,159.0
37.0,37.0,69.0,86.0,27.0,33.0,92.0
38.0,38.0,194.4490793195107,47.71788746898846,28.0,35.0,182.0
66.0,75.0,-57.84149193204899,90.0,11.0,15.0,144.0
48.0,73.0,-6.662587306911376,102.0,14.0,17.0,193.0
49.0,95.0,148.0,105.0,10.0,13.0,289.0
49.0,85.0,88.0,103.0,18.0,21.0,152.0
20.0,70.0,-47.442649830028984,104.0,7.0,10.0,156.0
14.0,59.0,63.0,102.0,7.0,10.0,163.0
17.0,68.0,187.0,109.0,8.0,11.0,360.0
25.0,73.0,331.7236910991303,107.0,10.0,12.0,410.0
35.0,57.0,392.12471413077634,102.0,9.0,12.0,474.0
64.0,72.0,338.0,105.0,9.0,11.0,379.0
67.0,47.0,179.0,101.0,14.0,16.0,304.0
87.0,50.0,171.79279408200017,101.0,8.0,11.0,401.0
66.0,45.0,27.557493713892686,75.0,10.0,14.0,207.0
68.0,45.0,132.0,77.0,15.0,15.0,242.0
104.0,33.0,122.0,68.0,19.0,20.0,196.0
45.0,21.0,71.0,51.0,27.0,40.0,69.0
62.0,51.0,188.0,91.0,11.0,13.0,367.0
55.0,31.0,115.0,67.0,20.0,22.0,225.0
54.0,45.0,78.0,54.0,20.0,26.0,110.0
36.0,67.0,283.02872865836457,101.0,8.0,10.0,386.0
41.0,70.0,226.0,104.0,7.0,10.0,339.0923410836409
64.0,72.0,174.0,98.0,9.0,12.0,293.0
61.0,62.0,116.0,62.0,13.0,17.0,188.0
71.0,53.0,145.0,63.0,13.0,15.0,213.0
53.0,54.0,130.0,35.0,21.0,23.0,127.0
77.0,77.0,479.0,92.0,8.0,11.0,462.0
87.0,59.0,479.0,77.0,9.0,12.0,403.0
92.0,64.0,300.0,55.0,13.0,15.0,309.0
65.0,57.0,252.0,51.0,21.0,22.0,272.0
82.0,64.0,449.0,67.0,10.0,14.0,389.0
48.0,54.0,137.0,37.0,13.0,17.0,211.0
62.0,60.0,344.0,79.0,10.0,15.0,444.0
83.0,69.0,333.0,70.0,10.0,14.0,440.0
63.0,57.0,380.0,74.0,10.0,14.0,466.0
87.0,101.0,182.0,68.0,9.0,14.0,312.0
61.0,85.0,95.0,69.0,17.0,5.0,150.0
22.0,44.0,48.0,48.0,40.0,18.0,48.0
32.0,54.0,74.0,53.0,31.0,13.0,74.0
47.0,113.0,151.0,77.0,38.0,12.0,218.0
40.0,59.0,124.0,58.0,50.0,57.0,99.0
43.0,50.0,150.0,49.0,65.0,70.0,127.0
32.0,55.0,127.0,71.0,37.0,44.0,112.0
14.0,37.0,79.0,87.0,29.0,37.0,88.0
12.0,37.0,95.0,87.0,11.0,11.0,143.0
37.0,39.0,83.0,81.0,31.0,40.0,144.0
13.0,40.0,72.0,71.0,10.0,12.0,112.0
10.0,34.0,77.0,67.0,28.0,27.0,90.0
35.0,38.0,178.0,66.0,30.0,40.0,118.0
40.0,54.0,109.0,79.0,62.0,73.0,98.0
24.0,32.0,-17.13304994848866,69.0,42.0,67.0,64.0
20.0,35.0,15.123925269986637,68.0,46.0,81.0,57.0
25.0,37.0,13.11657559837285,58.0,36.0,52.0,60.0
29.0,34.0,-4.215723611708793,51.0,37.0,20.4778380560667,63.0
27.0,35.0,87.44290128167367,46.0,43.0,63.0,63.0
15.0,33.0,104.0,29.899697586440077,34.0,49.0,65.0
10.0,25.0,100.0,20.378434870914308,31.0,45.0,43.0
14.0,34.0,116.0,106.0,27.0,38.0,50.0
23.0,37.0,105.0,104.0,33.0,42.0,85.0
39.77706505780082,34.0,93.0,101.0,29.0,39.0,67.0
6.0,20.0,104.0,92.0,24.0,35.0,50.0
15.0,35.0,137.0,102.0,16.0,20.0,160.0
50.0,49.0,151.0,110.0,39.0,46.0,173.0
52.0,47.0,148.0,113.0,15.0,17.0,110.0
28.0,42.0,166.0,113.0,38.0,51.0,218.0
46.0,53.0,191.0,111.0,36.0,30.0,250.0
43.0,47.0,172.0,109.0,36.0,52.0,203.0
40.0,48.0,191.0,107.0,24.0,30.0,201.0
33.0,39.0,124.0,104.0,35.0,47.0,87.0
43.0,42.0,117.0,103.0,29.0,34.0,88.0
16.0,34.0,104.0,102.0,33.0,45.0,122.0
30.0,45.0,141.0,103.0,11.0,22.440440662434572,153.0
42.0,44.0,176.0,102.0,25.0,33.0,113.0
39.0,47.0,168.0,105.0,37.0,43.0,176.0
33.0,44.0,187.0,48.0,32.0,26.0,172.0
35.0,43.0,175.0,47.0,24.0,32.0,97.0
31.0,45.0,174.0,31.27112160183542,30.0,20.0,103.0
25.0,42.0,159.0,29.911030086705942,31.0,39.0,83.0
38.0,38.0,136.0,20.0,34.0,50.0,143.0
39.0,54.0,176.0,43.0,4.0,3.0,286.0
56.0,50.0,187.0,46.0,21.0,27.0,256.0
69.0,44.0,149.0,54.79434795390656,12.0,14.0,175.0
69.0,49.0,500.0,17.0,9.0,9.0,287.0
47.0,34.0,500.0,17.0,20.0,26.0,233.0
72.0,39.0,139.0,39.042800838945944,10.0,12.0,107.0
56.0,35.0,474.0,-8.598096730670278,18.0,22.0,98.0
25.0,32.0,500.0,14.123464052340212,34.0,30.0,232.0
45.0,40.0,124.0,35.47101614329095,15.4763329489949,18.471433058147767,98.0
51.0,45.0,189.0,37.94716949452992,16.130584517746396,19.260434522843994,132.0
52.0,34.0,197.0,45.859195667404144,46.0,69.0,129.0
81.0,64.0,185.0,100.0729490984819,95.0,122.0,213.0
68.0,54.0,169.0,63.87444955044971,48.0,77.0,138.0
28.0,35.0,150.0,35.988281098744565,33.0,45.0,107.0
52.0,38.0,153.0,35.772862862540414,24.0,31.0,97.0
33.0,29.0,162.0,23.839497166836264,23.0,34.0,80.0
38.0,33.0,243.0,123.0,20.0,25.0,262.0
67.0,34.0,215.0,127.0,45.0,50.0,341.0
59.0,34.0,185.0,114.0,38.0,48.0,345.0
47.0,44.0,172.0,102.0,15.0,19.0,339.0
62.0,59.0,172.0,102.0,32.0,38.0,311.0
62.0,57.0,152.0,56.0,35.0,40.0,254.0
53.0,53.0,92.0,42.0,29.0,40.0,119.0
34.0,45.0,93.0,48.0,42.0,63.0,144.0
32.0,37.0,75.0,42.0,25.0,35.0,123.0
33.19598898951382,32.0,73.0,48.0,17.0,22.0,120.0
36.48202597522822,30.0,74.0,49.0,29.0,37.0,124.0
64.0,34.0,118.47411291427541,77.0,29.0,38.0,255.0
62.0,37.0,143.0,87.0,37.0,50.0,284.0
65.0,32.0,-24.889726918652258,56.0,35.0,44.0,92.0
69.0,29.0,45.65700594841158,49.0,36.0,46.0,124.0
79.0,32.0,84.0,49.0,26.0,38.0,140.0
62.0,29.0,62.222210119675424,50.0,31.0,45.0,134.0
19.0,29.0,288.3013594180785,60.0,16.0,21.0,294.0
37.0,30.0,552.8637761966829,70.0,43.0,51.0,472.0
45.0,30.0,332.2885286736643,60.0,35.0,44.0,318.0
27.0,33.0,180.57790848307667,57.0,28.0,33.0,198.0
20.0,34.0,135.20743924266327,66.0,14.0,19.0,208.0
22.0,25.0,145.0,87.0,15.0,19.0,312.0
61.0,13.0,0.0,75.0,2.0,3.0,142.0
17.0,28.0,-2.854797698416401,85.0,14.0,20.0,182.0
16.0,44.0,136.985177049169,90.0,12.0,16.0,265.0
25.0,53.0,219.0,101.0,6.0,8.0,400.0
34.0,57.0,300.0,102.0,8.0,11.0,433.0
57.0,52.0,183.0,90.0,17.0,19.0,338.0
96.0,60.0,262.0,93.0,24.0,26.0,410.0
80.0,60.0,215.0,101.0,30.0,43.0,362.0
79.0,49.0,159.0,97.0,23.0,27.0,268.0
80.0,49.0,146.0,88.0,25.0,25.0,212.0
42.0,35.0,85.0,72.0,32.0,42.0,82.0
39.0,33.0,75.0,65.0,33.0,43.0,78.0
23.0,26.0,66.0,51.0,40.0,64.0,60.0
54.0,39.0,111.0,80.0,49.0,55.0,172.0
67.0,46.0,111.0,84.0,24.0,28.0,144.0
42.0,29.0,58.0,53.0,39.0,60.0,75.0
58.0,40.0,133.0,100.0,35.0,45.0,227.0
87.0,57.0,230.0,108.0,14.0,18.0,389.0
101.0,50.0,170.0,102.0,21.0,30.0,285.0
86.0,45.0,137.0,84.0,18.0,25.0,208.0
62.0,37.0,137.0,65.0,43.0,52.0,156.0
54.0,34.0,132.0,42.0,38.0,55.0,92.0
107.0,47.0,117.0,87.0,21.0,28.0,118.0
70.0,39.0,140.0,79.0,38.0,48.0,195.0
96.0,52.0,191.0,101.0,27.0,35.0,309.0
101.0,65.0,151.0,103.0,23.0,34.0,239.0
105.0,60.0,161.0,102.0,26.0,36.0,322.0
83.0,40.0,150.0,89.0,19.0,26.0,300.0
71.0,39.0,150.0,86.0,18.0,25.0,284.0
99.0,37.0,126.0,69.0,21.0,29.0,210.0
115.0,37.0,132.0,63.0,62.0,25.0,185.0
77.0,38.0,135.0,33.0,66.0,29.0,118.0
68.0,37.0,138.0,37.0,71.0,30.0,138.0
51.0,54.0,90.0,35.0,21.0,30.0,94.0
41.0,52.0,87.0,34.0,18.0,25.0,87.0
36.0,50.0,142.0,50.0,21.0,32.0,158.0
44.159517506145804,43.0,163.0,51.0,36.0,13.207391305163263,207.0
29.85506823056126,23.0,155.0,40.0,0.3364914135809523,0.04776686239799095,189.0
17.0,22.0,105.0,40.0,31.0,48.0,147.0
26.15764262910325,20.0,82.0,28.0,25.0,37.0,99.0
22.373080052650465,19.0,118.74571727532908,28.0,21.0,32.0,92.0
22.0,24.0,233.0,29.0,22.0,32.0,144.0
41.0,33.0,181.0,34.0,31.0,43.0,138.0
44.0,32.0,84.70028689492354,34.0,25.0,31.0,90.0
50.0,30.0,107.0,43.0,20.0,26.0,72.0
50.0,30.0,109.0,40.0,18.0,24.0,70.0
50.0,29.0,99.0,39.0,17.0,25.0,65.0
53.0,69.69734247422598,110.0,42.0,22.0,30.0,88.0
48.0,141.0,106.0,38.0,18.0,25.0,79.0
38.0,127.0,93.0,29.0,18.0,27.0,60.0
35.0,50.69183997178312,88.0,23.0,17.0,26.0,49.0
23.0,90.0,145.0,26.0,19.0,27.0,79.0
27.0,73.0,120.0,35.0,16.0,22.0,95.0
12.0,48.0,113.0,31.0,15.0,22.0,87.0
4.0,38.0,102.0,24.0,22.0,26.0,53.0
10.0,35.0,160.0,38.0,24.0,36.0,160.0
25.0,67.0,162.0,44.0,25.0,33.0,179.0
28.0,53.0,129.0,37.0,16.0,25.0,119.0
15.0,60.0,171.0,42.0,16.0,24.0,195.0
20.0,54.0,185.0,44.0,17.0,28.0,236.0
34.0,69.0,190.0,39.0,17.0,25.0,233.0
26.0,47.0,177.0,38.0,20.0,30.0,204.0
43.0,79.0,144.0,37.0,14.0,19.0,130.0
42.0,100.0,161.0,46.0,14.0,19.0,176.0
30.0,34.0,142.0,22.0,19.0,26.0,109.0
43.0,72.0,190.0,35.0,19.0,23.0,219.0
29.0,63.0,168.0,35.0,15.0,21.0,183.0
35.0,70.0,162.0,66.0,15.0,20.0,129.0
51.0,104.0,179.0,67.0,11.0,14.0,125.0
35.0,64.88740177476843,152.0,59.0,13.0,16.0,89.0
29.0,61.05700801079439,157.0,65.0,20.0,25.0,182.0
44.0,62.31367476064339,198.0,70.0,14.0,21.0,239.0
42.0,63.91497669959149,155.0,63.0,18.0,26.0,189.0
32.0,64.94776201873479,158.0,60.0,19.0,28.0,152.0
46.0,80.51240933909051,500.0,47.0,16.0,19.0,272.0
31.0,58.8810901433594,500.0,36.0,5.0,5.0,255.0
34.0,37.575613152424815,123.0,32.0,6.0,8.0,105.0
25.0,44.199020684516,258.0,26.0,6.0,7.0,114.0
18.0,49.02395896938353,500.0,33.0,5.0,8.0,287.0
24.0,32.64236069070627,181.0,34.0,6.0,7.0,163.0
33.0,38.03925928211019,185.0,26.0,8.0,8.0,133.0
35.0,164.58303941169063,156.0,29.0,116.0,161.0,107.0
32.0,141.46319863693526,180.0,21.0,106.0,130.0,109.0
53.0,29.0,172.0,21.0,70.0,107.0,110.0
29.0,14.0,118.0,11.0,48.0,90.0,52.0
51.0,93.65781430766648,295.0,48.0,44.0,67.0,291.0
57.0,68.0,374.0,74.0,19.0,25.0,352.0
56.0,67.0,458.0,75.0,17.0,22.0,420.0
55.0,62.0,182.0,55.0,16.0,24.0,334.0
56.0,60.0,182.0,55.0,19.0,27.0,267.0
60.0,64.0,184.0,69.0,18.0,26.0,263.0
50.0,65.0,141.0,54.0,18.0,24.0,210.0
54.0,68.0,147.0,48.0,15.0,18.0,220.0
44.0,60.0,114.0,34.0,11.0,13.0,165.0
32.0,58.0,101.0,33.0,12.0,17.0,122.0
26.0,55.0,97.0,29.0,17.0,26.0,100.0
57.0,49.0,199.0,102.0,36.0,47.0,313.0
60.0,45.0,203.0,109.0,41.0,65.0,301.0
52.0,44.0,96.0,104.0,36.0,57.0,108.0
58.0,47.0,117.0,105.0,32.0,47.0,170.0
47.0,44.0,88.0,104.0,32.0,48.0,108.0
34.0,44.0,119.0,104.0,29.0,43.0,199.0
52.0,44.0,185.0,106.0,32.0,47.0,308.0
68.0,47.0,338.0,107.0,35.0,55.0,407.0
64.0,48.0,228.0,107.0,31.0,44.0,367.0
60.0,44.0,105.0,102.0,26.0,39.0,168.0
62.0,48.0,124.0,106.0,24.0,37.0,203.0
67.0,50.0,182.0,111.0,28.0,39.0,322.0
58.0,50.0,120.0,106.0,23.0,31.0,217.0
55.0,49.0,109.0,108.0,18.0,23.0,186.0
56.0,49.0,126.0,106.0,24.0,36.0,206.0
73.0,55.0,169.0,109.0,25.0,36.0,275.0
68.0,58.0,270.0,109.0,28.0,39.0,349.0
68.0,58.0,263.0,108.0,23.0,33.0,344.0
83.0,60.0,292.0,109.0,26.0,38.0,371.0
82.0,59.0,188.0,106.0,31.0,44.0,291.0
85.0,59.0,158.0,103.0,22.0,29.0,236.0
71.0,53.0,111.0,96.0,30.0,45.0,143.0
76.0,32.0,117.0,101.0,29.0,38.0,159.0
75.0,55.0,119.0,90.0,23.0,32.0,153.0
52.0,48.0,72.0,78.0,25.0,37.0,72.0
64.0,53.0,156.0,95.0,20.0,25.0,264.0
56.0,50.0,103.0,85.0,24.0,34.0,143.0
52.0,51.0,106.0,82.0,22.0,29.0,149.0
75.0,64.0,401.0,108.0,15.0,22.0,424.0
106.0,62.0,299.0,107.0,22.0,29.0,365.0
96.0,58.0,180.0,102.0,23.0,33.0,258.0
82.0,50.0,131.0,79.0,24.0,33.0,159.0
92.0,58.0,173.0,77.0,20.0,26.0,189.0
97.0,39.0,155.0,73.0,30.0,38.0,196.0
118.0,35.0,253.0,102.0,30.0,41.0,334.0
107.0,34.0,186.0,99.0,31.0,39.0,289.0
91.0,30.0,145.0,83.0,27.0,38.0,209.0
84.0,32.0,170.0,79.0,30.0,37.0,266.0
96.0,32.0,158.0,79.0,12.0,16.0,244.0
75.0,30.0,112.0,69.0,26.0,36.0,162.0
87.0,35.0,191.0,86.0,24.0,29.0,311.0
103.0,38.0,324.0,99.0,16.0,18.0,406.0
99.0,32.0,183.0,75.0,9.0,13.0,287.0
93.0,29.0,157.0,69.0,13.0,16.0,257.0
83.0,27.0,95.0,48.0,27.0,11.0,130.0
61.0,23.0,61.0,24.0,46.0,22.0,57.0
60.0,23.0,61.0,24.0,42.0,20.0,46.0
67.0,27.0,85.0,46.0,45.0,19.0,90.0
38.0,70.13869903701477,103.0,37.0,35.0,41.0,95.0
29.0,92.0,110.0,41.0,31.0,42.0,92.0
19.0,87.0,121.0,44.0,30.0,35.0,135.0
14.0,67.0,99.0,46.0,23.0,29.0,130.0
11.0,52.0,95.0,30.0,16.0,18.0,98.0
28.0,50.0,249.0,30.0,25.0,34.0,152.0
42.0,68.0,150.0,28.0,40.0,51.0,130.0
34.0,47.0,96.0,17.0,30.0,43.0,64.0
34.0,55.0,78.0,15.0,37.0,48.0,67.0
24.0,35.0,81.0,11.0,31.0,41.0,67.0
40.0,45.0,71.0,15.0,32.0,38.0,58.0
34.0,77.0,81.0,24.0,30.0,42.0,70.0
37.0,85.0,87.0,26.0,29.0,39.0,75.0
22.0,57.0,77.0,16.0,25.0,39.0,62.0
16.0,39.0,81.0,13.0,27.0,38.0,74.0
18.0,43.0,143.0,12.0,26.0,38.0,100.0
42.0,93.0,101.0,45.0,30.0,39.0,92.0
25.0,92.0,99.0,59.0,22.0,25.0,90.0
14.0,52.0,110.0,51.0,18.0,25.0,52.0
22.0,82.0,124.0,61.0,27.0,25.0,169.0
56.0,110.0,129.0,67.0,39.0,46.0,170.0
53.0,94.0,128.0,59.0,21.0,29.0,134.0
27.0,90.0,137.0,60.0,35.0,45.0,152.0
37.0,98.0,148.0,63.0,32.0,28.0,249.0
46.0,99.0,156.0,62.0,32.0,38.0,228.0
42.0,88.0,146.0,56.0,19.0,26.0,198.0
55.0,102.0,112.0,58.0,34.0,40.0,117.0
50.0,111.0,120.0,61.0,27.0,28.0,119.0
23.0,78.0,95.0,56.0,33.0,42.0,120.0
44.0,104.0,124.0,61.0,27.0,30.0,119.0
38.0,82.0,135.0,53.0,18.0,22.0,143.0
40.0,68.0,126.0,47.0,29.0,38.0,89.0
52.0,92.0,138.0,43.0,33.0,46.0,88.0
40.0,71.11417787491762,140.0,16.0,34.0,47.0,62.0
54.0,74.0538181611802,126.0,18.0,37.0,55.0,119.0
60.0,45.740891707026606,156.0,35.0,14.0,17.0,223.0
55.0,75.0,133.0,37.0,26.0,32.0,224.0
66.0,88.38775337162579,500.0,26.0,17.0,21.0,204.0
57.0,35.0,98.0,35.0,15.0,20.0,93.0
40.0,23.0,296.0,25.0,25.0,32.0,77.0
41.0,33.0,500.0,25.0,36.0,27.0,216.0
55.0,43.0,107.0,26.0,45.0,56.0,88.0
62.0,55.0,156.0,34.0,35.0,54.0,135.0
81.0,74.0,138.0,45.0,31.0,33.0,165.0
74.0,69.0,126.0,60.0,23.0,27.0,123.0
83.0,62.0,212.0,60.0,31.0,43.0,263.0
88.0,85.0,216.0,78.0,35.0,44.0,349.0
85.0,100.0,191.0,88.0,27.0,23.0,333.0
66.0,63.0,98.0,65.0,34.0,42.0,163.0
79.0,75.0,108.0,77.0,30.0,31.0,186.0
63.0,44.0,80.0,51.0,21.0,25.0,128.0
43.0,55.800615888708116,83.0,47.0,18.0,26.0,129.0
28.0,52.0,90.0,52.0,28.0,37.0,137.0
66.0,91.56326029580131,145.0,96.0,33.0,39.0,276.0
52.0,69.0,148.0,107.0,33.0,40.0,291.0
41.0,49.0,77.0,104.0,31.0,37.0,84.0
56.0,52.0,80.0,103.0,27.0,37.0,109.0
47.0,49.0,84.0,101.0,26.0,33.0,117.0
51.0,43.0,104.0,105.0,24.0,31.0,179.0
34.0,38.0,56.58973349195344,105.0,10.0,15.0,292.0
41.0,70.4240715873892,95.0,94.0,17.0,19.0,180.0
54.0,59.0,106.0,103.0,14.0,19.0,196.0
55.0,88.0,198.23929857936255,109.0,17.0,19.0,327.0
48.0,74.0,82.0,104.0,23.0,25.0,138.0
25.0,69.0,-9.246097386791684,105.0,10.0,14.0,186.0
34.0,83.0,58.244830271089306,104.0,9.0,13.0,215.0
63.0,111.0,169.0,111.0,12.0,16.0,320.0
54.0,106.0,263.0,114.0,13.0,16.0,423.0
56.0,111.0,176.0,106.0,14.0,17.0,336.0
89.0,125.0,250.0,107.0,11.0,15.0,410.0
76.0,105.0,184.0,108.0,13.0,17.0,352.0
83.0,120.0,152.0,108.0,12.0,16.0,272.0
70.0,131.0,128.0,95.0,14.0,19.0,210.0
79.0,137.0,118.0,89.0,15.0,20.0,186.0
60.0,108.0,80.0,73.0,26.0,37.0,87.0
56.0,100.0,71.0,53.0,25.0,36.0,63.0
71.0,138.0,152.0,100.0,13.0,18.0,289.0
58.0,118.0,112.0,85.0,19.0,24.0,202.0
62.0,96.0,53.0,53.0,25.0,32.0,77.0
54.0,122.0,355.1498858049802,104.0,15.0,20.0,355.0
88.0,150.0,443.8452372684401,114.0,10.0,16.0,442.0
78.0,142.0,220.0,107.0,11.0,17.0,328.0
67.0,116.0,127.0,69.0,22.0,24.0,189.0
64.0,127.0,126.0,64.0,32.0,26.0,145.0
72.0,110.0,135.0,35.0,14.0,13.0,90.0
91.0,167.0,210.0,103.0,6.0,5.0,362.0
94.0,171.0,177.0,104.0,3.0,4.0,305.0
81.0,175.0,177.0,102.0,4.0,4.0,284.0
85.0,125.0,137.0,68.0,11.0,12.0,212.0
102.0,138.0,171.0,101.0,3.0,4.0,303.0
62.0,117.0,111.0,64.0,6.0,7.0,159.0
85.0,152.0,171.0,101.0,44.139927558648026,52.376536914514375,288.0
103.0,147.0,196.0,107.0,4.0,5.0,342.0
94.0,154.0,188.0,105.0,4.0,5.0,328.0
102.0,119.0,135.0,87.0,4.0,6.0,229.0
74.0,78.0,96.0,50.0,21.0,8.0,138.0
41.0,39.0,55.0,18.0,116.0,39.0,45.0
55.0,50.0,79.0,30.0,54.0,18.0,65.0
66.0,87.0,107.0,66.0,54.0,18.0,97.0
25.0,114.0,133.0,35.0,34.16972438079875,40.961945971609985,105.0
26.0,111.0,140.0,36.0,32.35033578307284,38.745213671603324,118.0
26.0,112.0,132.0,34.0,31.475565292421813,37.66375910673792,124.0
20.0,85.0,106.0,66.0,26.71904094367669,31.86317984456204,127.0
26.0,101.0,121.0,99.0,33.00034769108239,39.28073984104585,170.0
40.0,103.0,94.0,94.0,37.2660376457293,44.457842811334636,138.0
23.0,82.0,64.0,83.0,32.23181736795124,38.53021625237284,85.0
16.0,67.0,70.0,82.0,26.067135668075363,25.0,84.0
34.0,70.0,182.0,78.0,34.0,48.0,138.0
39.0,99.0,144.0,78.0,75.0,90.0,123.0
14.0,72.0,91.0,57.0,43.0,66.0,60.0
14.0,101.0,109.0,64.0,40.75545059461982,76.0,73.0
12.0,93.0,96.0,63.0,35.86477544377428,56.0,68.0
13.0,97.0,91.0,66.0,38.0,50.0,60.0
17.0,93.0,92.0,67.0,35.27421409664902,42.31754380213585,64.0
23.0,99.0,98.0,68.0,37.22443147491672,44.645094537119725,72.0
15.0,79.0,86.0,63.0,32.037931119225,46.0,58.0
12.0,57.0,78.0,48.0,31.0,45.0,43.0
11.0,80.0,125.0,35.0,24.94722074925157,29.93820178601361,80.0
25.0,93.0,97.0,39.0,29.48984803698891,35.31941590963854,88.0
17.0,79.0,81.0,30.0,34.0,43.0,63.0
8.0,60.0,96.0,33.0,21.0,29.0,55.0
22.0,104.0,131.0,55.0,26.158601394888777,17.0,155.0
40.0,108.0,118.0,60.0,50.0,59.0,138.0
54.0,112.0,117.0,48.0,8.0,9.0,109.0
34.0,110.0,166.0,87.0,32.85179396222962,39.09814495511205,199.0
41.0,104.0,134.0,102.0,38.0,34.0,207.0
41.0,107.0,145.0,99.0,38.0,50.0,189.0
41.0,103.0,135.0,90.0,22.0,28.0,169.0
32.0,104.0,113.0,89.0,40.19692426572687,48.13115752407263,102.0
27.0,104.0,106.0,81.0,39.13495164271126,46.879369737984405,93.0
16.0,83.0,88.0,71.0,28.4102873583885,33.93306157048379,104.0
57.0,103.0,106.0,70.0,8.0,40.97837734995354,120.0
53.0,95.0,135.0,60.0,34.0,43.0,113.0
32.0,108.0,159.0,73.0,32.479750242253225,38.73063196888147,173.0
30.0,111.0,116.0,62.0,34.47920988964768,41.19096720062617,134.0
44.0,102.0,127.0,51.0,17.0,20.0,148.0
36.0,93.0,126.0,40.0,29.71917727569678,35.58006408579721,107.0
43.0,84.0,120.0,102.0,39.0,49.0,128.0
59.0,106.0,154.0,103.0,35.055764660046634,41.648680898859624,216.0
84.0,112.0,153.0,98.0,41.56989800488517,49.54060352489607,193.0
66.0,87.0,122.0,81.0,20.0,24.0,143.0
69.0,101.0,500.0,87.0,29.939917208495476,35.76369326317287,324.0
57.0,89.0,500.0,66.0,26.776658346934706,32.12549628472262,277.0
79.0,89.0,112.0,61.0,11.0,12.0,102.0
54.0,64.0,368.0,45.0,19.0,23.0,127.0
26.0,79.0,500.0,29.0,20.0,25.0,323.0
54.0,111.0,163.0,37.0,35.907809572027325,43.02755243114324,124.0
49.63942271495639,102.0,188.0,36.0,30.977706686017854,37.08072413986661,145.0
46.4362243729698,97.0,228.0,33.0,28.966676807041317,34.71281720998558,152.0
45.526064891610964,104.0,172.0,22.0,30.741702978070805,36.84815807712227,124.0
43.068964044262124,97.0,179.0,23.0,28.832753375047687,34.56726525833384,123.0
37.0,92.0,151.0,9.0,22.0,25.0,100.0
32.783263843038235,79.0,155.0,36.742677995220845,19.0,26.0,63.0
38.0,106.0,317.0,61.987309072045086,22.0,23.0,222.0
78.0,120.0,322.0,75.0,44.0,37.0,294.0
75.0,114.0,273.0,103.0,22.0,21.0,290.0
81.0,108.0,225.0,92.0,5.0,6.0,298.0
71.0,109.0,225.0,92.0,33.0,37.0,277.0
60.0,104.0,146.0,82.0,30.0,34.0,203.0
53.0,95.0,95.0,69.0,34.0,36.0,103.0
54.0,88.0,106.0,73.0,35.0,36.0,119.0
55.0,68.0,84.0,56.0,18.0,23.0,99.0
55.0,63.0,78.0,56.0,11.0,14.0,90.0
53.0,70.0,89.0,60.0,22.0,26.0,88.0
61.0,80.0,151.0,77.0,23.0,24.0,215.0
72.15615563632524,93.0,167.0,102.0,20.0,25.0,258.0
44.49866109404692,62.0,79.0,92.0,28.0,33.0,65.0
49.99763540198317,68.0,92.0,100.0,21.0,22.0,107.0
53.03829243501871,84.0,98.0,103.0,13.0,14.0,112.0
52.371659082388256,67.0,103.0,102.0,21.0,27.0,124.0
57.0,75.0,144.0,105.0,4.0,3.0,237.0
36.0,79.0,442.0,106.0,30.0,30.0,415.0
65.0,97.0,148.0,103.0,16.0,19.0,226.0
46.0,82.0,85.0,99.0,11.0,14.0,118.0
52.0,82.0,113.0,102.0,11.0,11.0,150.0
83.0,102.0,166.0,105.0,8.0,8.0,234.0
50.0,85.0,104.0,102.0,24.0,25.0,110.0
72.0,99.0,111.0,103.0,3.0,3.0,139.0
93.0,106.0,166.0,104.0,3.0,3.0,226.0
101.0,120.0,330.0,106.0,3.0,4.0,298.0
92.0,130.0,463.0,107.0,4.0,5.0,371.0
93.0,120.0,308.0,102.0,14.0,12.0,288.0
113.0,141.0,337.6815512017876,111.0,9.0,10.0,414.0
91.0,129.0,313.8119209728492,116.0,36.02470028920176,42.610363554884316,364.0
102.0,125.0,162.0,111.0,2.0,3.0,303.0
101.0,124.0,152.0,108.0,2.0,3.0,245.0
62.0,104.0,116.0,104.0,3.0,4.0,176.0
58.0,101.0,91.0,102.0,10.0,7.0,127.0
61.0,75.0,73.0,85.0,7.0,8.0,59.0
68.0,145.0,156.0,104.0,4.0,5.0,268.0
103.0,111.0,190.0,105.0,3.0,3.0,326.0
113.0,136.0,403.0,112.0,3.0,4.0,444.0
107.0,125.0,226.0,108.0,36.81891171344672,43.515919110307664,331.0
74.22167114491558,102.0,177.0,114.0,20.0,8.0,259.0
56.809015259829216,65.0,157.0,115.0,4.0,5.0,200.0
44.06082430989821,63.0,145.0,110.0,4.0,5.0,104.0
20.0,101.0,447.0,122.0,4.0,6.0,445.0
21.0,85.0,408.0,118.0,4.0,6.0,410.0
22.0,72.0,240.0,108.0,4.0,6.0,284.0
13.0,133.0,215.0,109.0,4.0,6.0,279.0
34.0,165.0,379.0,112.0,5.0,7.0,392.0
19.0,83.0,432.0,109.0,4.0,6.0,438.0
21.0,157.0,398.0,109.0,4.0,6.0,409.0
23.0,144.0,285.0,103.0,5.0,7.0,363.0
57.0,127.0,189.0,95.0,27.0,12.0,286.0
49.0,102.0,128.0,65.0,6.0,3.0,170.0
9.0,52.0,64.0,33.0,6.0,3.0,49.0
11.0,60.0,103.0,42.0,5.0,3.0,98.0
8.0,121.0,166.0,56.0,6.0,3.0,149.0
25.0,98.0,135.0,74.59690530878855,54.0,85.0,127.0
17.0,89.0,108.0,57.5720645543228,42.0,63.0,83.0
19.0,102.0,179.0,78.0,41.0,45.0,192.0
16.0,64.0,132.0,76.0,23.0,27.0,168.0
10.0,58.0,155.0,71.0,5.0,5.0,224.0
15.0,45.196703753994704,121.0,59.0,22.0,18.0,182.0
11.0,39.0,77.0,43.0,15.0,19.0,99.0
8.0,37.0,91.0,44.0,12.0,17.0,98.0
20.0,47.0,310.0,35.0,30.0,39.0,178.0
50.95608840204485,81.85531732669234,160.0,63.28941712463777,28.138107251664593,33.57674811647124,150.0
21.0,59.0,86.0,13.845795871727232,43.0,55.0,-75.54855246904275
18.0,50.0,73.0,16.097423876842573,31.0,39.0,-35.04813426260682
15.0,49.0,80.0,96.0,52.0,71.0,88.37621110540273
11.0,62.0,69.0,81.0,29.0,30.0,112.68082052767087
21.0,74.0,88.0,62.0,35.0,52.0,63.0
14.0,58.0,89.0,59.0,35.0,54.0,55.0
18.0,74.0,169.0,64.0,34.0,48.0,103.0
49.0,100.0,130.0,67.0,37.0,48.0,112.0
25.0,80.0,107.0,58.0,38.0,47.0,80.0
33.0,57.0,123.0,53.0,26.0,36.0,67.0
24.0,82.0,141.0,66.0,33.0,33.0,143.0
57.0,105.0,160.0,71.0,75.0,81.0,166.0
60.0,101.0,146.0,67.0,20.0,25.0,133.0
41.0,108.0,213.0,74.0,42.0,59.0,195.0
37.0,88.0,175.0,74.0,52.0,48.0,228.0
48.0,101.0,184.0,70.0,52.0,71.0,222.0
43.0,99.0,172.0,66.0,31.0,39.0,198.0
49.0,112.0,146.0,72.20856550784295,41.0,46.0,117.0
52.0,115.0,154.0,76.95022357410811,46.0,52.0,127.0
26.0,98.0,116.0,70.0,41.0,48.0,129.0
54.0,93.0,126.0,53.0,13.0,36.05792337718089,120.0
42.0,70.0,172.0,45.0,35.0,46.0,115.0
49.0,107.0,193.0,56.0,44.0,47.0,206.0
37.0,104.0,134.0,51.0,34.0,40.0,127.0
38.0,95.0,161.0,49.0,25.0,26.0,168.0
41.0,89.0,170.0,41.0,29.839371427049468,35.77663618321704,113.0
34.0,115.0,186.0,48.0,30.0,30.0,128.0
31.0,106.0,167.0,40.0,37.0,41.0,89.0
56.0,92.0,162.0,48.0,44.0,64.0,172.0
57.0,104.0,186.0,51.0,15.0,17.0,269.0
47.0,94.0,156.0,42.0,32.0,41.0,220.0
44.0,73.40539325331432,127.0,70.0,25.0,31.0,170.0
59.0,89.0,500.0,93.0,15.0,17.0,333.0
65.0,94.0,500.0,79.0,18.0,20.0,289.0
51.0,70.0,114.0,71.0,19.0,25.0,115.0
34.0,55.0,500.0,57.0,20.0,27.0,133.0
25.0,93.0,500.0,57.0,24.0,32.0,326.0
53.0,111.0,156.0,62.0,62.0,76.0,129.0
50.0,107.0,199.0,61.0,34.0,38.0,147.0
64.0,97.0,242.0,57.0,34.0,47.0,163.0
60.0,107.0,185.0,55.0,40.0,51.0,195.0
47.0,95.0,157.0,40.0,33.0,44.0,125.0
55.0,95.0,172.0,40.0,34.0,41.0,117.0
90.0,105.0,171.0,40.0,20.0,23.0,120.0
34.0,58.0,157.0,24.0,23.0,35.0,67.0
80.0,109.0,374.0,55.0,25.0,35.0,306.0
77.0,112.0,353.0,55.0,64.0,77.0,387.0
101.0,129.0,295.0,108.0,37.0,27.0,362.0
93.0,121.0,216.0,111.0,15.0,17.0,366.0
80.0,115.0,216.0,111.0,43.0,54.0,343.0
60.0,113.0,158.0,108.0,41.0,52.0,278.0
57.0,108.0,110.0,105.0,44.0,53.0,169.0
86.0,112.0,121.0,106.0,36.0,39.0,190.0
99.0,100.0,101.0,104.0,16.0,19.0,153.0
55.0,67.0,94.0,103.0,25.0,30.0,142.0
23.0,67.0,96.0,102.0,27.0,34.0,130.0
59.0,82.0,182.0,113.0,35.0,34.0,305.0
65.0,73.0,188.0,118.0,37.0,39.0,342.0
29.0,53.0,86.0,110.0,32.0,43.0,79.0
57.0,67.0,104.0,110.0,22.0,24.0,144.0
25.0,53.0,90.0,109.0,34.0,45.0,112.0
53.0,47.0,113.0,110.0,30.0,39.0,186.0
41.0,53.0,65.36331222977063,113.0,7.0,9.0,312.0
60.0,78.0,472.0,114.0,20.0,22.0,499.0
95.0,99.25460782517479,182.0,112.0,25.0,28.0,336.0
52.0,82.66260989665095,96.0,108.0,17.0,17.0,172.0
55.0,80.22074062122998,126.0,111.0,13.0,15.0,216.0
69.0,107.0,192.0,115.0,12.0,11.0,335.0
74.0,97.0,100.0,110.0,22.0,23.0,153.0
50.0,85.0,107.0,112.0,5.0,6.0,180.0
42.0,101.0,119.0,111.0,3.0,4.0,213.0
63.0,115.0,289.0,116.0,7.0,8.0,381.0
74.0,125.0,382.0,116.0,10.0,10.0,432.0
56.0,116.0,215.0,111.0,12.0,12.0,334.0
84.0,132.0,405.0,111.0,14.0,15.0,422.0
68.0,116.0,275.0,108.0,22.0,23.0,343.0
81.0,127.0,268.0,106.0,8.0,9.0,306.0
79.0,111.0,150.0,101.0,15.0,15.0,196.0
89.0,116.0,144.0,101.0,12.0,13.0,173.0
57.0,106.0,107.0,98.0,17.0,20.0,108.0
45.0,81.0,94.0,78.0,30.0,38.0,58.0
65.0,86.0,88.0,90.0,25.0,30.0,83.0
63.0,124.0,300.0,110.0,4.0,6.0,376.0
91.0,138.0,437.0,114.0,5.0,7.0,426.0
88.0,139.0,299.0,108.0,6.0,9.0,321.0
66.0,111.0,188.0,98.0,39.0,27.0,231.0
58.0,111.0,161.0,79.0,32.0,27.0,169.0
51.265047478832855,99.19011450094365,163.0,63.0,43.0,41.0,99.0
57.0,117.0,372.0,104.0,108.0,25.0,411.0
70.0,119.0,220.0,96.0,12.0,11.0,316.0
83.0,111.0,178.0,78.0,14.0,14.0,245.0
86.0,115.0,184.0,80.0,26.0,23.0,232.0
101.0,125.0,263.0,90.0,7.0,8.0,315.0
62.0,103.0,167.0,74.0,10.0,12.0,219.0
71.0,122.0,270.0,85.0,4.0,5.0,310.0
82.0,131.0,340.0,96.0,6.0,8.0,342.0
81.0,127.0,354.0,97.0,6.0,8.0,370.0
103.0,113.0,186.0,67.0,8.0,9.0,239.0
65.0,88.0,102.0,43.0,26.0,10.0,144.0
14.0,54.0,27.0,21.0,57.0,25.0,43.0
38.0,68.0,46.0,29.0,41.0,17.0,82.0
37.0,94.0,64.0,33.0,60.0,23.0,104.0
44.0,44.0,82.0,56.010951766351454,64.0,78.0,80.0
38.0,44.0,85.0,50.060997395927075,42.0,60.0,90.0
43.0,49.0,105.0,68.07837069135189,37.0,48.0,182.0
42.0,49.0,233.83408152836085,58.65688462287857,28.0,35.0,232.0
25.0,35.0,229.97406267260374,52.0,12.0,15.0,236.0
23.0,28.0,82.0,45.0,15.0,19.0,134.0
16.0,24.0,59.0,36.0,8.0,10.0,87.0
18.0,25.0,78.0,32.0,11.0,14.0,83.0
26.0,28.0,160.0,15.0,18.0,23.0,143.0
55.0,38.0,129.0,22.0,59.0,90.0,118.0
44.0,57.0,122.0,18.0,40.0,58.0,80.0
54.0,60.0,143.0,39.0,38.0,59.0,103.0
51.0,99.88604446852982,239.8543888017056,49.0,36.0,49.0,110.0
63.0,58.0,13.288628282407428,69.0,35.0,46.0,108.0
48.0,58.0,147.0,50.0,34.0,45.0,103.0
44.0,47.0,128.0,56.0,35.0,46.0,103.0
24.0,38.0,-43.15124179988769,70.0,32.0,44.0,67.0
26.0,28.0,-158.74654677984535,80.0,30.0,44.0,43.0
26.0,32.0,119.0,75.0,28.0,35.0,94.0
59.0,47.0,122.0,79.0,34.0,39.0,102.0
18.0,25.0,93.0,88.0,26.0,26.0,87.0
21.0,24.0,95.0,79.0,18.0,20.0,57.0
23.0,25.0,100.0,76.0,23.0,23.0,133.0
56.0,44.0,139.0,105.0,42.0,61.0,173.0
47.0,42.0,115.0,117.0,23.0,30.0,105.0
50.0,58.0,178.0,120.0,37.0,51.0,253.0
40.0,40.0,125.0,114.0,35.0,43.0,203.0
45.0,45.0,124.0,113.0,35.0,46.0,198.0
46.0,38.0,136.0,111.0,27.0,39.0,183.0
53.0,59.0,169.0,108.0,41.0,43.0,180.0
51.0,59.0,131.0,103.0,33.0,39.0,127.0
31.0,43.0,108.0,101.0,31.0,40.0,153.0
38.0,33.0,93.0,99.0,15.0,22.692015377814485,115.0
33.0,25.0,120.0,89.0,31.0,43.0,113.0
60.0,54.0,137.0,101.0,33.0,39.0,183.0
52.0,57.0,153.0,101.0,30.0,35.0,216.0
41.0,48.0,131.0,94.0,21.0,30.0,162.0
50.0,43.0,168.0,80.0,29.0,40.0,140.0
67.0,75.0,272.0,94.0,23.0,24.0,212.0
61.0,59.0,263.0,70.0,26.0,32.0,150.0
53.0,47.0,148.0,55.0,32.0,43.0,192.0
53.0,49.0,157.0,62.0,18.0,26.0,247.0
49.0,40.0,109.0,62.0,31.0,42.0,180.0
37.0,30.0,102.0,48.0,24.0,33.0,147.0
52.0,43.0,405.0,57.0,18.0,23.0,260.0
52.0,50.0,500.0,105.0,14.0,16.0,246.0
31.0,33.0,80.0,116.0,16.0,21.0,89.0
26.0,25.0,164.0,113.0,15.0,21.0,102.0
47.0,44.0,500.0,109.0,16.0,22.0,256.0
59.0,69.0,189.0,107.0,35.0,34.0,200.0
56.0,72.0,272.0,104.0,21.0,25.0,203.0
51.0,54.0,183.0,85.0,20.0,29.0,183.0
55.0,60.0,177.0,76.0,26.0,30.0,218.0
51.0,53.0,155.0,61.0,22.0,28.0,173.0
50.0,57.0,175.0,49.0,21.0,25.0,192.0
48.0,52.0,131.0,29.0,15.0,20.0,117.0
35.0,29.0,82.0,9.0,14.0,20.0,58.0
56.0,59.0,179.0,79.35343911424695,15.0,36.0,271.0
57.0,63.0,210.0,73.0,39.0,41.0,380.0
64.0,74.0,278.0,105.0,23.0,18.0,426.0
52.0,52.0,173.0,101.0,19.0,17.0,309.0
59.0,54.0,173.0,101.0,32.0,38.0,333.0
45.0,48.0,123.0,96.0,32.0,38.0,235.0
37.0,44.0,106.0,89.0,29.0,34.0,205.0
31.0,48.0,110.0,87.0,24.0,30.0,212.0
37.0,35.0,-46.170254815736534,85.0,17.0,21.0,162.0
32.0,33.0,-81.86732458227048,83.0,11.0,10.0,144.0
24.0,30.0,-96.1598624823838,84.0,11.0,14.0,130.0
91.0,40.0,169.0,121.0,34.0,38.0,327.0
79.0,32.0,-54.2321511517651,129.0,33.0,48.0,311.0
50.0,20.0,68.0,121.0,34.0,50.0,103.0
81.0,34.0,97.0,121.0,29.0,39.0,188.0
76.0,24.0,-344.17458491939294,119.0,34.0,45.0,103.0
77.0,22.0,-172.812447670049,119.0,32.0,45.0,221.0
74.0,27.0,-56.05522813045781,117.0,21.0,31.0,299.0
98.0,34.0,212.39418034967372,114.0,32.0,42.0,464.0
82.0,32.0,49.71541286902318,108.0,34.0,45.0,320.0
69.0,35.0,-179.3351309908306,105.0,17.0,25.0,170.0
85.0,40.0,-112.23181466950194,105.0,17.0,26.0,223.0
103.0,59.0,162.0,107.0,18.0,20.0,324.0
89.0,54.0,93.0,104.0,25.0,30.0,180.0
89.0,48.0,-162.61045379300418,106.0,9.0,13.0,201.0
102.0,57.0,-134.5289401982796,106.0,9.0,13.0,219.0
109.0,77.0,178.92712029211432,108.0,14.0,18.0,396.0
100.0,97.0,307.62380372398155,106.0,14.0,17.0,430.0
107.0,93.0,159.0,103.0,11.0,15.0,315.0
108.0,105.0,368.0,114.0,14.0,18.0,460.0
104.0,83.0,170.0,114.0,24.0,26.0,327.0
83.0,99.0,222.0,113.0,11.0,15.0,349.0
35.0,73.0,107.0,108.0,2.0,3.0,192.0
30.0,83.0,156.0,109.0,10.0,14.0,272.0
30.0,67.0,122.0,105.0,16.0,20.0,185.0
38.0,40.0,58.0,100.0,17.0,23.0,67.0
59.0,85.0,161.0,109.0,12.0,16.0,286.0
57.0,61.0,98.0,106.0,13.0,17.0,123.0
52.0,47.0,63.0,114.0,14.0,17.0,75.0
71.0,89.0,205.0,135.0,6.0,6.0,398.0
84.0,102.0,279.0,135.0,5.0,6.0,410.0
88.0,102.0,172.0,123.0,5.0,7.0,300.0
66.0,69.0,119.0,112.0,9.0,12.0,196.0
65.0,78.0,158.0,106.0,12.0,10.0,222.0
51.0,49.0,127.0,101.0,10.0,10.0,200.0
57.0,60.0,248.0,111.0,6.0,8.0,404.0
38.0,40.0,199.0,110.0,5.0,7.0,390.0
41.0,38.0,115.0,102.0,6.0,7.0,217.0
52.0,45.0,145.0,102.0,11.0,11.0,272.0
38.0,40.0,159.0,105.0,5.0,8.0,317.0
33.0,30.0,113.0,93.0,5.0,6.0,216.0
57.0,70.0,299.0,107.0,8.0,11.0,446.0
68.0,84.0,307.0,104.0,7.0,10.0,373.0
71.0,73.0,240.0,99.0,6.0,8.0,419.0
68.0,59.0,167.0,76.0,9.0,11.0,303.0
