日期,天气状况（白天/夜间）,气温（最高温/最低温）,风力风向（白天/夜间）
2011/1/1, 阴 /小雪, 3℃ / -4℃, 旋转风 微风 /东风 微风
2011/1/2, 小雪 /阴, 0℃ / -6℃, 旋转风 微风 /无持续风向 微风
2011/1/3, 阴 /多云, 0℃ / -5℃, 旋转风 微风 /无持续风向 微风
2011/1/4, 阴 /阴, 0℃ / -5℃, 旋转风 微风 /无持续风向 微风
2011/1/5, 雾 /多云, 0℃ / -6℃, 旋转风 微风 /无持续风向 微风
2011/1/6, 阴 /阴, -1℃ / -6℃, 旋转风 微风 /旋转风 微风
2011/1/7, 多云 /多云, 1℃ / -5℃, 旋转风 微风 /无持续风向 微风
2011/1/8, 多云 /多云, 0℃ / -6℃, 旋转风 微风 /无持续风向 微风
2011/1/9, 阴 /多云, 1℃ / -4℃, 旋转风 微风 /无持续风向 微风
2011/1/10, 多云 /晴, 1℃ / -5℃, 旋转风 微风 /无持续风向 微风
2011/1/11, 晴 /多云, 1℃ / -4℃, 旋转风 微风 /无持续风向 微风
2011/1/12, 多云 /多云, 4℃ / -4℃, 旋转风 微风 /无持续风向 微风
2011/1/13, 多云 /多云, 2℃ / -5℃, 旋转风 微风 /北风 3-4级
2011/1/14, 多云 /晴, 3℃ / -6℃, 旋转风 微风 /无持续风向 微风
2011/1/15, 晴 /多云, 1℃ / -6℃, 旋转风 微风 /无持续风向 微风
2011/1/16, 阴 /阴, 3℃ / -6℃, 旋转风 微风 /无持续风向 微风
2011/1/17, 阵雪 /阴, 0℃ / -5℃, 旋转风 微风 /无持续风向 微风
2011/1/18, 阴 /阴, 0℃ / -5℃, 旋转风 微风 /无持续风向 微风
2011/1/19, 阴 /阴, 0℃ / -4℃, 旋转风 微风 /无持续风向 微风
2011/1/20, 阴 /多云, 2℃ / -4℃, 旋转风 微风 /旋转风 微风
2011/1/21, 多云 /多云, 4℃ / -4℃, 旋转风 微风 /旋转风 微风
2011/1/22, 多云 /晴, 2℃ / -5℃, 旋转风 微风 /旋转风 微风
2011/1/23, 多云 /多云, 3℃ / -5℃, 旋转风 微风 /无持续风向 微风
2011/1/24, 晴 /多云, 4℃ / -5℃, 旋转风 微风 /无持续风向 微风
2011/1/25, 阴 /阴, 2℃ / -5℃, 旋转风 微风 /无持续风向 微风
2011/1/26, 小雪 /中雪, 2℃ / -3℃, 旋转风 微风 /无持续风向 微风
2011/1/27, 小到中雪 /小雪, 0℃ / -4℃, 旋转风 微风 /无持续风向 微风
2011/1/28, 阴 /多云, 0℃ / -5℃, 旋转风 微风 /无持续风向 微风
2011/1/29, 晴 /晴, 3℃ / -6℃, 旋转风 微风 /无持续风向 微风
2011/1/30, 晴 /多云, 3℃ / -5℃, 旋转风 微风 /无持续风向 微风
2011/1/31, 晴 /晴, 4℃ / -5℃, 旋转风 微风 /旋转风 微风
2011/2/1, 晴 /晴, 5℃ / -4℃, 旋转风 微风 /无持续风向 微风
2011/2/2, 多云 /多云, 9℃ / -3℃, 旋转风 微风 /无持续风向 微风
2011/2/3, 晴 /晴, 10℃ / -2℃, 旋转风 微风 /无持续风向 微风
2011/2/4, 晴 /晴, 11℃ / 0℃, 旋转风 微风 /无持续风向 微风
2011/2/5, 晴 /晴, 14℃ / 1℃, 旋转风 微风 /无持续风向 微风
2011/2/6, 阴 /阴, 11℃ / 2℃, 旋转风 微风 /无持续风向 微风
2011/2/7, 晴 /阴, 13℃ / 2℃, 旋转风 微风 /无持续风向 微风
2011/2/8, 阴 /小雨, 9℃ / 0℃, 旋转风 微风 /无持续风向 微风
2011/2/9, 小雨 /雨夹雪, 4℃ / -1℃, 东北风 3-4级 /无持续风向 微风
2011/2/10, 多云 /多云, 6℃ / 0℃, 旋转风 微风 /无持续风向 微风
2011/2/11, 阴 /阴, 6℃ / 0℃, 旋转风 微风 /无持续风向 微风
2011/2/12, 雨夹雪 /阴, 4℃ / -2℃, 旋转风 微风 /无持续风向 微风
2011/2/13, 晴 /晴, 7℃ / -3℃, 旋转风 微风 /无持续风向 微风
2011/2/14, 多云 /多云, 10℃ / -2℃, 旋转风 微风 /无持续风向 微风
2011/2/15, 阴 /阴, 6℃ / -2℃, 旋转风 微风 /旋转风 微风
2011/2/16, 多云 /多云, 6℃ / -2℃, 旋转风 微风 /无持续风向 微风
2011/2/17, 阴 /阴, 7℃ / 1℃, 旋转风 微风 /无持续风向 微风
2011/2/18, 雨夹雪 /阴, 6℃ / 1℃, 旋转风 微风 /无持续风向 微风
2011/2/19, 阴 /阴, 8℃ / 3℃, 旋转风 微风 /旋转风 微风
2011/2/20, 阴 /阴, 11℃ / 2℃, 旋转风 微风 /无持续风向 微风
2011/2/21, 阴 /阴, 11℃ / 3℃, 旋转风 微风 /旋转风 微风
2011/2/22, 阴 /多云, 11℃ / 4℃, 旋转风 微风 /无持续风向 微风
2011/2/23, 多云 /多云, 17℃ / 4℃, 旋转风 微风 /无持续风向 微风
2011/2/24, 多云 /小雨, 17℃ / 4℃, 旋转风 微风 /无持续风向 微风
2011/2/25, 小雨 /中雨, 8℃ / 3℃, 东风 3-4级 /东风 3-4级
2011/2/26, 小雨 /雨夹雪, 5℃ / 0℃, 东北风 3-4级 /无持续风向 微风
2011/2/27, 雨夹雪 /雨夹雪, 4℃ / 0℃, 东北风 3-4级 /旋转风 微风
2011/2/28, 雨夹雪 /阴, 5℃ / 0℃, 旋转风 微风 /无持续风向 微风
2011/3/1, 多云 /晴, 8℃ / 0℃, 旋转风 微风 /无持续风向 微风
2011/3/2, 晴 /晴, 12℃ / 1℃, 旋转风 微风 /无持续风向 微风
2011/3/3, 多云 /多云, 10℃ / 1℃, 旋转风 微风 /无持续风向 微风
2011/3/4, 多云 /阴, 12℃ / 4℃, 旋转风 微风 /无持续风向 微风
2011/3/5, 阴 /阴, 9℃ / 3℃, 旋转风 微风 /无持续风向 微风
2011/3/6, 阴 /晴, 13℃ / 2℃, 旋转风 微风 /无持续风向 微风
2011/3/7, 晴 /晴, 16℃ / 3℃, 旋转风 微风 /无持续风向 微风
2011/3/8, 多云 /多云, 17℃ / 4℃, 旋转风 微风 /无持续风向 微风
2011/3/9, 多云 /晴, 13℃ / 3℃, 旋转风 微风 /无持续风向 微风
2011/3/10, 多云 /多云, 15℃ / 5℃, 旋转风 微风 /无持续风向 微风
2011/3/11, 晴 /晴, 17℃ / 5℃, 旋转风 微风 /无持续风向 微风
2011/3/12, 晴 /多云, 19℃ / 9℃, 旋转风 微风 /无持续风向 微风
2011/3/13, 多云 /多云, 20℃ / 5℃, 旋转风 微风 /西南风 3-4级
2011/3/14, 阴 /多云, 10℃ / 1℃, 西北风 3-4级 /西北风 3-4级
2011/3/15, 晴 /晴, 12℃ / 1℃, 旋转风 微风 /无持续风向 微风
2011/3/16, 晴 /晴, 15℃ / 3℃, 旋转风 微风 /无持续风向 微风
2011/3/17, 多云 /阴, 19℃ / 6℃, 旋转风 微风 /无持续风向 微风
2011/3/18, 多云 /阴, 15℃ / 7℃, 旋转风 微风 /无持续风向 微风
2011/3/19, 小雨 /小雨, 9℃ / 3℃, 旋转风 微风 /无持续风向 微风
2011/3/20, 小雨 /小雨, 6℃ / 3℃, 旋转风 微风 /无持续风向 微风
2011/3/21, 阴 /阴, 7℃ / 1℃, 旋转风 微风 /无持续风向 微风
2011/3/22, 多云 /多云, 12℃ / 2℃, 旋转风 微风 /无持续风向 微风
2011/3/23, 多云 /多云, 12℃ / 2℃, 旋转风 微风 /无持续风向 微风
2011/3/24, 多云 /多云, 11℃ / 3℃, 旋转风 微风 /无持续风向 微风
2011/3/25, 晴 /晴, 15℃ / 3℃, 旋转风 微风 /无持续风向 微风
2011/3/26, 晴 /晴, 17℃ / 4℃, 旋转风 微风 /旋转风 微风
2011/3/27, 晴 /多云, 17℃ / 5℃, 旋转风 微风 /无持续风向 微风
2011/3/28, 晴 /晴, 19℃ / 7℃, 旋转风 微风 /无持续风向 微风
2011/3/29, 多云 /多云, 21℃ / 9℃, 旋转风 微风 /无持续风向 微风
2011/3/30, 晴 /多云, 22℃ / 11℃, 旋转风 微风 /无持续风向 微风
2011/3/31, 多云 /阴, 22℃ / 12℃, 旋转风 微风 /无持续风向 微风
2011/4/1, 小雨 /小到中雨, 17℃ / 7℃, 无持续风向 ≤3级 /无持续风向 ≤3级
2011/4/2, 小雨 /多云, 13℃ / 4℃, 无持续风向 ≤3级 /无持续风向 ≤3级
2011/4/3, 多云 /多云, 13℃ / 4℃, 无持续风向 ≤3级 /无持续风向 ≤3级
2011/4/4, 阴 /阴, 13℃ / 5℃, 无持续风向 ≤3级 /无持续风向 ≤3级
2011/4/5, 阵雨 /阵雨, 14℃ / 8℃, 无持续风向 ≤3级 /东北风 3-4级
2011/4/6, 阴 /阴, 13℃ / 8℃, 无持续风向 ≤3级 /无持续风向 ≤3级
2011/4/7, 多云 /多云, 15℃ / 7℃, 无持续风向 ≤3级 /无持续风向 ≤3级
2011/4/8, 多云 /多云, 19℃ / 10℃, 无持续风向 ≤3级 /无持续风向 ≤3级
2011/4/9, 多云 /晴, 24℃ / 10℃, 无持续风向 ≤3级 /无持续风向 ≤3级
2011/4/10, 晴 /晴, 24℃ / 9℃, 无持续风向 ≤3级 /无持续风向 ≤3级
2011/4/11, 多云 /多云, 20℃ / 11℃, 无持续风向 ≤3级 /无持续风向 ≤3级
2011/4/12, 多云 /晴, 24℃ / 12℃, 无持续风向 ≤3级 /无持续风向 ≤3级
2011/4/13, 晴 /多云, 27℃ / 15℃, 无持续风向 ≤3级 /无持续风向 ≤3级
2011/4/14, 多云 /多云, 28℃ / 15℃, 无持续风向 ≤3级 /无持续风向 ≤3级
2011/4/15, 晴 /多云, 27℃ / 17℃, 无持续风向 ≤3级 /无持续风向 ≤3级
2011/4/16, 阴 /晴, 27℃ / 15℃, 北风 3-4级 /无持续风向 ≤3级
2011/4/17, 晴 /晴, 26℃ / 15℃, 无持续风向 ≤3级 /无持续风向 ≤3级
2011/4/18, 晴 /晴, 28℃ / 15℃, 无持续风向 ≤3级 /无持续风向 ≤3级
2011/4/19, 多云 /多云, 28℃ / 15℃, 无持续风向 ≤3级 /无持续风向 ≤3级
2011/4/20, 小雨 /阴, 22℃ / 12℃, 无持续风向 ≤3级 /无持续风向 ≤3级
2011/4/21, 晴 /晴, 25℃ / 12℃, 无持续风向 ≤3级 /无持续风向 ≤3级
2011/4/22, 晴 /晴, 28℃ / 13℃, 无持续风向 ≤3级 /北风 3-4级
2011/4/23, 晴 /晴, 30℃ / 14℃, 无持续风向 ≤3级 /无持续风向 ≤3级
2011/4/24, 晴 /晴, 30℃ / 15℃, 北风 3-4级 /北风 3-4级
2011/4/25, 晴 /晴, 31℃ / 17℃, 西北风 3-4级 /西风 3-4级
2011/4/26, 晴 /多云, 31℃ / 18℃, 西南风 3-4级 /无持续风向 ≤3级
2011/4/27, 多云 /多云, 29℃ / 19℃, 无持续风向 ≤3级 /无持续风向 ≤3级
2011/4/28, 多云 /多云, 32℃ / 18℃, 无持续风向 ≤3级 /无持续风向 ≤3级
2011/4/29, 阴 /多云, 33℃ / 15℃, 无持续风向 ≤3级 /西北风 3-4级
2011/4/30, 多云 /阴, 28℃ / 18℃, 无持续风向 ≤3级 /无持续风向 ≤3级
2011/5/1, 阵雨 /小雨, 27℃ / 9℃, 无持续风向 ≤3级 /无持续风向 ≤3级
2011/5/2, 多云 /晴, 22℃ / 10℃, 无持续风向 ≤3级 /无持续风向 ≤3级
2011/5/3, 多云 /阴, 26℃ / 13℃, 无持续风向 ≤3级 /无持续风向 ≤3级
2011/5/4, 晴 /晴, 29℃ / 15℃, 无持续风向 ≤3级 /无持续风向 ≤3级
2011/5/5, 多云 /多云, 30℃ / 18℃, 无持续风向 ≤3级 /无持续风向 ≤3级
2011/5/6, 多云 /多云, 31℃ / 20℃, 无持续风向 ≤3级 /东北风 ≤3级
2011/5/7, 阴 /阴, 32℃ / 22℃, 无持续风向 ≤3级 /无持续风向 ≤3级
2011/5/8, 雷阵雨 /雷阵雨, 31℃ / 15℃, 无持续风向 ≤3级 /无持续风向 ≤3级
2011/5/9, 小到中雨 /中雨, 21℃ / 13℃, 无持续风向 ≤3级 /无持续风向 ≤3级
2011/5/10, 小雨 /多云, 21℃ / 11℃, 无持续风向 ≤3级 /无持续风向 ≤3级
2011/5/11, 晴 /多云, 26℃ / 14℃, 无持续风向 ≤3级 /无持续风向 ≤3级
2011/5/12, 晴 /多云, 25℃ / 14℃, 无持续风向 ≤3级 /无持续风向 ≤3级
2011/5/13, 多云 /阴, 23℃ / 13℃, 无持续风向 ≤3级 /无持续风向 ≤3级
2011/5/14, 阴 /晴, 25℃ / 15℃, 无持续风向 ≤3级 /无持续风向 ≤3级
2011/5/15, 晴 /晴, 29℃ / 15℃, 无持续风向 ≤3级 /无持续风向 ≤3级
2011/5/16, 晴 /晴, 31℃ / 19℃, 无持续风向 ≤3级 /无持续风向 ≤3级
2011/5/17, 晴 /多云, 35℃ / 22℃, 无持续风向 ≤3级 /无持续风向 ≤3级
2011/5/18, 多云 /多云, 36℃ / 23℃, 无持续风向 ≤3级 /西北风 3-4级
2011/5/19, 阴 /阴, 31℃ / 21℃, 无持续风向 ≤3级 /无持续风向 ≤3级
2011/5/20, 雷阵雨 /中雨, 24℃ / 13℃, 无持续风向 ≤3级 /无持续风向 ≤3级
2011/5/21, 小到中雨 /小雨, 17℃ / 11℃, 无持续风向 ≤3级 /无持续风向 ≤3级
2011/5/22, 阴 /多云, 22℃ / 11℃, 无持续风向 ≤3级 /无持续风向 ≤3级
2011/5/23, 多云 /阴, 24℃ / 13℃, 无持续风向 ≤3级 /无持续风向 ≤3级
2011/5/24, 小雨 /阴, 22℃ / 14℃, 无持续风向 ≤3级 /无持续风向 ≤3级
2011/5/25, 多云 /晴, 27℃ / 15℃, 无持续风向 ≤3级 /无持续风向 ≤3级
2011/5/26, 多云 /多云, 29℃ / 17℃, 无持续风向 ≤3级 /无持续风向 ≤3级
2011/5/27, 晴 /多云, 31℃ / 19℃, 无持续风向 ≤3级 /无持续风向 ≤3级
2011/5/28, 阴 /小雨, 31℃ / 17℃, 无持续风向 ≤3级 /无持续风向 ≤3级
2011/5/29, 小到中雨 /阴, 25℃ / 17℃, 无持续风向 ≤3级 /无持续风向 ≤3级
2011/5/30, 多云 /多云, 25℃ / 17℃, 无持续风向 ≤3级 /无持续风向 ≤3级
2011/5/31, 晴 /晴, 30℃ / 19℃, 无持续风向 ≤3级 /无持续风向 ≤3级
2011/6/1, 晴 /多云, 32℃ / 18℃, 无持续风向 ≤3级 /无持续风向 ≤3级
2011/6/2, 多云 /多云, 30℃ / 19℃, 无持续风向 ≤3级 /无持续风向 ≤3级
2011/6/3, 阴 /阴, 30℃ / 19℃, 无持续风向 ≤3级 /无持续风向 ≤3级
2011/6/4, 多云 /多云, 29℃ / 19℃, 无持续风向 ≤3级 /无持续风向 ≤3级
2011/6/5, 多云 /阴, 30℃ / 20℃, 无持续风向 ≤3级 /无持续风向 ≤3级
2011/6/6, 晴 /晴, 33℃ / 21℃, 无持续风向 ≤3级 /无持续风向 ≤3级
2011/6/7, 晴 /晴, 37℃ / 22℃, 无持续风向 ≤3级 /无持续风向 ≤3级
2011/6/8, 多云 /阴, 37℃ / 24℃, 无持续风向 ≤3级 /无持续风向 ≤3级
2011/6/9, 雷阵雨 /阴, 28℃ / 18℃, 无持续风向 ≤3级 /无持续风向 ≤3级
2011/6/10, 多云 /多云, 33℃ / 20℃, 无持续风向 ≤3级 /无持续风向 ≤3级
2011/6/11, 多云 /多云, 35℃ / 22℃, 无持续风向 ≤3级 /无持续风向 ≤3级
2011/6/12, 阴 /多云, 33℃ / 22℃, 无持续风向 ≤3级 /无持续风向 ≤3级
2011/6/13, 阴 /阴, 33℃ / 24℃, 无持续风向 ≤3级 /无持续风向 ≤3级
2011/6/14, 阴 /多云, 34℃ / 23℃, 无持续风向 ≤3级 /无持续风向 ≤3级
2011/6/15, 晴 /多云, 36℃ / 24℃, 无持续风向 ≤3级 /无持续风向 ≤3级
2011/6/16, 阴 /小雨, 35℃ / 20℃, 无持续风向 ≤3级 /无持续风向 ≤3级
2011/6/17, 小到中雨 /小到中雨, 26℃ / 19℃, 无持续风向 ≤3级 /无持续风向 ≤3级
2011/6/18, 多云 /阴, 31℃ / 21℃, 无持续风向 ≤3级 /无持续风向 ≤3级
2011/6/19, 阴 /阴, 28℃ / 24℃, 无持续风向 ≤3级 /无持续风向 ≤3级
2011/6/20, 小雨 /小雨, 27℃ / 19℃, 无持续风向 ≤3级 /无持续风向 ≤3级
2011/6/21, 中雨 /中雨, 24℃ / 19℃, 无持续风向 ≤3级 /无持续风向 ≤3级
2011/6/22, 小雨 /小雨, 25℃ / 20℃, 无持续风向 ≤3级 /无持续风向 ≤3级
2011/6/23, 多云 /晴, 35℃ / 21℃, 无持续风向 ≤3级 /无持续风向 ≤3级
2011/6/24, 晴 /晴, 36℃ / 23℃, 无持续风向 ≤3级 /无持续风向 ≤3级
2011/6/25, 晴 /多云, 34℃ / 21℃, 无持续风向 ≤3级 /无持续风向 ≤3级
2011/6/26, 雷阵雨 /小雨, 25℃ / 21℃, 无持续风向 ≤3级 /无持续风向 ≤3级
2011/6/27, 多云 /晴, 31℃ / 20℃, 无持续风向 ≤3级 /无持续风向 ≤3级
2011/6/28, 晴 /晴, 35℃ / 22℃, 无持续风向 ≤3级 /无持续风向 ≤3级
2011/6/29, 多云 /多云, 35℃ / 25℃, 无持续风向 ≤3级 /无持续风向 ≤3级
2011/6/30, 多云 /多云, 36℃ / 27℃, 无持续风向 ≤3级 /无持续风向 ≤3级
2011/7/1, 阴 /多云, 35℃ / 28℃, 无持续风向 ≤3级 /无持续风向 ≤3级
2011/7/2, 雷阵雨 /雷阵雨, 36℃ / 24℃, 西风 3-4级 /西南风 3-4级
2011/7/3, 小到中雨 /小雨, 29℃ / 23℃, 无持续风向 ≤3级 /无持续风向 ≤3级
2011/7/4, 小雨 /小雨, 27℃ / 22℃, 无持续风向 ≤3级 /无持续风向 ≤3级
2011/7/5, 中雨 /大雨, 26℃ / 20℃, 无持续风向 ≤3级 /无持续风向 ≤3级
2011/7/6, 小到中雨 /小雨, 23℃ / 19℃, 无持续风向 ≤3级 /无持续风向 ≤3级
2011/7/7, 多云 /晴, 30℃ / 20℃, 无持续风向 ≤3级 /无持续风向 ≤3级
2011/7/8, 晴 /晴, 36℃ / 21℃, 无持续风向 ≤3级 /无持续风向 ≤3级
2011/7/9, 多云 /阴, 35℃ / 22℃, 无持续风向 ≤3级 /无持续风向 ≤3级
2011/7/10, 阴 /阴, 33℃ / 23℃, 无持续风向 ≤3级 /无持续风向 ≤3级
2011/7/11, 阵雨 /阴, 29℃ / 23℃, 无持续风向 ≤3级 /无持续风向 ≤3级
2011/7/12, 多云 /多云, 30℃ / 24℃, 无持续风向 ≤3级 /无持续风向 ≤3级
2011/7/13, 多云 /多云, 32℃ / 25℃, 无持续风向 ≤3级 /无持续风向 ≤3级
2011/7/14, 多云 /多云, 36℃ / 25℃, 无持续风向 ≤3级 /无持续风向 ≤3级
2011/7/15, 多云 /晴, 36℃ / 24℃, 无持续风向 ≤3级 /无持续风向 ≤3级
2011/7/16, 多云 /多云, 36℃ / 25℃, 无持续风向 ≤3级 /无持续风向 ≤3级
2011/7/17, 雷阵雨 /多云, 36℃ / 25℃, 无持续风向 ≤3级 /无持续风向 ≤3级
2011/7/18, 多云 /晴, 35℃ / 24℃, 无持续风向 ≤3级 /无持续风向 ≤3级
2011/7/19, 多云 /多云, 35℃ / 25℃, 无持续风向 ≤3级 /无持续风向 ≤3级
2011/7/20, 多云 /多云, 34℃ / 25℃, 无持续风向 ≤3级 /无持续风向 ≤3级
2011/7/21, 小雨 /小到中雨, 33℃ / 22℃, 无持续风向 ≤3级 /无持续风向 ≤3级
2011/7/22, 小到中雨 /阵雨, 29℃ / 22℃, 无持续风向 ≤3级 /无持续风向 ≤3级
2011/7/23, 阵雨 /阴, 29℃ / 25℃, 无持续风向 ≤3级 /无持续风向 ≤3级
2011/7/24, 多云 /多云, 36℃ / 27℃, 无持续风向 ≤3级 /无持续风向 ≤3级
2011/7/25, 多云 /多云, 38℃ / 27℃, 无持续风向 ≤3级 /无持续风向 ≤3级
2011/7/26, 多云 /阵雨, 36℃ / 26℃, 无持续风向 ≤3级 /无持续风向 ≤3级
2011/7/27, 阴 /晴, 36℃ / 25℃, 无持续风向 ≤3级 /无持续风向 ≤3级
2011/7/28, 多云 /中雨, 35℃ / 22℃, 无持续风向 ≤3级 /西风 3-4级
2011/7/29, 中雨 /小到中雨, 29℃ / 21℃, 无持续风向 ≤3级 /无持续风向 ≤3级
2011/7/30, 多云 /多云, 32℃ / 22℃, 无持续风向 ≤3级 /无持续风向 ≤3级
2011/7/31, 多云 /多云, 34℃ / 22℃, 无持续风向 ≤3级 /无持续风向 ≤3级
2011/8/1, 小雨 /阴, 23℃ / 18℃, 无持续风向 ≤3级 /无持续风向 ≤3级
2011/8/2, 阴 /多云, 28℃ / 20℃, 无持续风向 ≤3级 /无持续风向 ≤3级
2011/8/3, 多云 /阴, 29℃ / 21℃, 无持续风向 ≤3级 /无持续风向 ≤3级
2011/8/4, 中雨 /中雨, 24℃ / 19℃, 无持续风向 ≤3级 /无持续风向 ≤3级
2011/8/5, 小到中雨 /阴, 26℃ / 19℃, 无持续风向 ≤3级 /无持续风向 ≤3级
2011/8/6, 多云 /晴, 30℃ / 21℃, 无持续风向 ≤3级 /无持续风向 ≤3级
2011/8/7, 晴 /晴, 33℃ / 21℃, 无持续风向 ≤3级 /无持续风向 ≤3级
2011/8/8, 晴 /晴, 35℃ / 24℃, 无持续风向 ≤3级 /无持续风向 ≤3级
2011/8/9, 多云 /多云, 35℃ / 24℃, 无持续风向 ≤3级 /无持续风向 ≤3级
2011/8/10, 多云 /多云, 34℃ / 24℃, 无持续风向 ≤3级 /无持续风向 ≤3级
2011/8/11, 多云 /多云, 34℃ / 24℃, 无持续风向 ≤3级 /无持续风向 ≤3级
2011/8/12, 多云 /多云, 34℃ / 25℃, 无持续风向 ≤3级 /无持续风向 ≤3级
2011/8/13, 多云 /多云, 34℃ / 26℃, 无持续风向 ≤3级 /无持续风向 ≤3级
2011/8/14, 多云 /多云, 36℃ / 27℃, 无持续风向 ≤3级 /无持续风向 ≤3级
2011/8/15, 阴 /雷阵雨, 36℃ / 27℃, 无持续风向 ≤3级 /无持续风向 ≤3级
2011/8/16, 雷阵雨 /阴, 33℃ / 23℃, 无持续风向 ≤3级 /无持续风向 ≤3级
2011/8/17, 阴 /阴, 30℃ / 25℃, 无持续风向 ≤3级 /无持续风向 ≤3级
2011/8/18, 小雨 /小雨, 31℃ / 24℃, 无持续风向 ≤3级 /无持续风向 ≤3级
2011/8/19, 阴 /小雨, 27℃ / 19℃, 无持续风向 ≤3级 /无持续风向 ≤3级
2011/8/20, 小雨 /中雨, 23℃ / 17℃, 无持续风向 ≤3级 /无持续风向 ≤3级
2011/8/21, 中雨 /阴, 21℃ / 17℃, 无持续风向 ≤3级 /无持续风向 ≤3级
2011/8/22, 多云 /阴, 26℃ / 18℃, 无持续风向 ≤3级 /无持续风向 ≤3级
2011/8/23, 多云 /多云, 26℃ / 19℃, 无持续风向 ≤3级 /无持续风向 ≤3级
2011/8/24, 多云 /阵雨, 29℃ / 21℃, 无持续风向 ≤3级 /无持续风向 ≤3级
2011/8/25, 阵雨 /多云, 28℃ / 21℃, 无持续风向 ≤3级 /无持续风向 ≤3级
2011/8/26, 多云 /多云, 30℃ / 20℃, 无持续风向 ≤3级 /无持续风向 ≤3级
2011/8/27, 多云 /多云, 30℃ / 21℃, 无持续风向 ≤3级 /无持续风向 ≤3级
2011/8/28, 多云 /多云, 30℃ / 22℃, 无持续风向 ≤3级 /无持续风向 ≤3级
2011/8/29, 多云 /晴, 31℃ / 22℃, 无持续风向 ≤3级 /无持续风向 ≤3级
2011/8/30, 多云 /多云, 32℃ / 23℃, 无持续风向 ≤3级 /无持续风向 ≤3级
2011/8/31, 多云 /晴, 32℃ / 23℃, 无持续风向 ≤3级 /无持续风向 ≤3级
2011/9/1, 晴 /多云, 32℃ / 23℃, 无持续风向 ≤3级 /无持续风向 ≤3级
2011/9/2, 多云 /多云, 30℃ / 23℃, 无持续风向 ≤3级 /无持续风向 ≤3级
2011/9/3, 阵雨 /阵雨, 30℃ / 20℃, 无持续风向 ≤3级 /无持续风向 ≤3级
2011/9/4, 小到中雨 /小到中雨, 26℃ / 17℃, 无持续风向 ≤3级 /无持续风向 ≤3级
2011/9/5, 中雨 /中到大雨, 21℃ / 16℃, 无持续风向 ≤3级 /无持续风向 ≤3级
2011/9/6, 中到大雨 /中雨, 18℃ / 15℃, 无持续风向 ≤3级 /无持续风向 ≤3级
2011/9/7, 小雨 /阴, 20℃ / 15℃, 无持续风向 ≤3级 /无持续风向 ≤3级
2011/9/8, 多云 /阴, 26℃ / 17℃, 无持续风向 ≤3级 /无持续风向 ≤3级
2011/9/9, 阴 /阴, 26℃ / 18℃, 无持续风向 ≤3级 /无持续风向 ≤3级
2011/9/10, 小雨 /小到中雨, 22℃ / 15℃, 无持续风向 ≤3级 /无持续风向 ≤3级
2011/9/11, 中雨 /小雨, 18℃ / 16℃, 无持续风向 ≤3级 /无持续风向 ≤3级
2011/9/12, 小雨 /小到中雨, 21℃ / 16℃, 无持续风向 ≤3级 /无持续风向 ≤3级
2011/9/13, 中到大雨 /小雨, 19℃ / 17℃, 无持续风向 ≤3级 /无持续风向 ≤3级
2011/9/14, 阴 /阴, 23℃ / 18℃, 无持续风向 ≤3级 /无持续风向 ≤3级
2011/9/15, 阴 /阴, 24℃ / 18℃, 无持续风向 ≤3级 /无持续风向 ≤3级
2011/9/16, 小雨 /小到中雨, 22℃ / 15℃, 无持续风向 ≤3级 /无持续风向 ≤3级
2011/9/17, 大雨 /大雨, 17℃ / 13℃, 无持续风向 ≤3级 /无持续风向 ≤3级
2011/9/18, 中雨 /小到中雨, 16℃ / 9℃, 无持续风向 ≤3级 /东风 ≤3级
2011/9/19, 阵雨 /阴, 14℃ / 10℃, 无持续风向 ≤3级 /无持续风向 ≤3级
2011/9/20, 多云 /晴, 17℃ / 12℃, 无持续风向 ≤3级 /无持续风向 ≤3级
2011/9/21, 晴 /晴, 22℃ / 13℃, 无持续风向 ≤3级 /无持续风向 ≤3级
2011/9/22, 晴 /多云, 24℃ / 14℃, 无持续风向 ≤3级 /无持续风向 ≤3级
2011/9/23, 晴 /多云, 24℃ / 14℃, 无持续风向 ≤3级 /无持续风向 ≤3级
2011/9/24, 多云 /多云, 25℃ / 15℃, 无持续风向 ≤3级 /无持续风向 ≤3级
2011/9/25, 多云 /多云, 23℃ / 17℃, 无持续风向 ≤3级 /无持续风向 ≤3级
2011/9/26, 多云 /阴, 23℃ / 15℃, 无持续风向 ≤3级 /无持续风向 ≤3级
2011/9/27, 小到中雨 /中雨, 19℃ / 13℃, 无持续风向 ≤3级 /无持续风向 ≤3级
2011/9/28, 小到中雨 /阴, 18℃ / 12℃, 无持续风向 ≤3级 /无持续风向 ≤3级
2011/9/29, 多云 /多云, 22℃ / 14℃, 无持续风向 ≤3级 /无持续风向 ≤3级
2011/9/30, 多云 /多云, 24℃ / 15℃, 无持续风向 ≤3级 /无持续风向 ≤3级
2011/10/1, 多云 /阴, 23℃ / 16℃, 无持续风向 ≤3级 /无持续风向 ≤3级
2011/10/2, 阵雨 /阵雨, 22℃ / 14℃, 无持续风向 ≤3级 /无持续风向 ≤3级
2011/10/4, 阴 /晴, 19℃ / 12℃, 无持续风向 ≤3级 /无持续风向 ≤3级
2011/10/5, 晴 /晴, 24℃ / 13℃, 无持续风向 ≤3级 /无持续风向 ≤3级
2011/10/6, 晴 /晴, 25℃ / 13℃, 无持续风向 ≤3级 /无持续风向 ≤3级
2011/10/7, 多云 /多云, 23℃ / 14℃, 无持续风向 ≤3级 /无持续风向 ≤3级
2011/10/8, 阴 /阴, 23℃ / 16℃, 无持续风向 ≤3级 /无持续风向 ≤3级
2011/10/9, 小雨 /阴, 21℃ / 16℃, 无持续风向 ≤3级 /无持续风向 ≤3级
2011/10/10, 小雨 /小到中雨, 22℃ / 15℃, 无持续风向 ≤3级 /无持续风向 ≤3级
2011/10/11, 小到中雨 /小雨, 18℃ / 13℃, 无持续风向 ≤3级 /无持续风向 ≤3级
2011/10/12, 阴 /阴, 18℃ / 13℃, 无持续风向 ≤3级 /无持续风向 ≤3级
2011/10/13, 阴 /晴, 21℃ / 11℃, 北风 3-4级 /北风 3-4级
2011/10/14, 晴 /晴, 23℃ / 9℃, 无持续风向 ≤3级 /北风 3-4级
2011/10/15, 晴 /晴, 22℃ / 10℃, 无持续风向 ≤3级 /无持续风向 ≤3级
2011/10/16, 晴 /晴, 23℃ / 11℃, 无持续风向 ≤3级 /无持续风向 ≤3级
2011/10/17, 晴 /多云, 24℃ / 11℃, 无持续风向 ≤3级 /无持续风向 ≤3级
2011/10/18, 阴 /阴, 22℃ / 12℃, 无持续风向 ≤3级 /无持续风向 ≤3级
2011/10/19, 阵雨 /阴, 20℃ / 13℃, 无持续风向 ≤3级 /无持续风向 ≤3级
2011/10/20, 多云 /多云, 20℃ / 13℃, 无持续风向 ≤3级 /无持续风向 ≤3级
2011/10/21, 阴 /小雨, 21℃ / 13℃, 无持续风向 ≤3级 /无持续风向 ≤3级
2011/10/22, 小到中雨 /小到中雨, 17℃ / 12℃, 无持续风向 ≤3级 /无持续风向 ≤3级
2011/10/23, 小雨 /多云, 16℃ / 10℃, 无持续风向 ≤3级 /无持续风向 ≤3级
2011/10/24, 多云 /阴, 17℃ / 10℃, 无持续风向 ≤3级 /无持续风向 ≤3级
2011/10/25, 阴 /小雨, 15℃ / 9℃, 无持续风向 ≤3级 /无持续风向 ≤3级
2011/10/26, 多云 /多云, 14℃ / 10℃, 无持续风向 ≤3级 /无持续风向 ≤3级
2011/10/27, 阴 /多云, 15℃ / 9℃, 无持续风向 ≤3级 /无持续风向 ≤3级
2011/10/28, 多云 /晴, 17℃ / 9℃, 无持续风向 ≤3级 /无持续风向 ≤3级
2011/10/29, 晴 /多云, 18℃ / 9℃, 无持续风向 ≤3级 /无持续风向 ≤3级
2011/10/30, 阴 /阴, 18℃ / 10℃, 无持续风向 ≤3级 /无持续风向 ≤3级
2011/10/31, 阴 /阴, 16℃ / 10℃, 无持续风向 ≤3级 /无持续风向 ≤3级
2011/11/1, 小雨 /小雨, 16℃ / 11℃, 无持续风向 ≤3级 /无持续风向 ≤3级
2011/11/2, 小雨 /小到中雨, 15℃ / 12℃, 无持续风向 ≤3级 /无持续风向 ≤3级
2011/11/3, 小到中雨 /小雨, 16℃ / 12℃, 无持续风向 ≤3级 /无持续风向 ≤3级
2011/11/4, 小雨 /小雨, 15℃ / 11℃, 无持续风向 ≤3级 /无持续风向 ≤3级
2011/11/5, 阴 /小雨, 15℃ / 11℃, 无持续风向 ≤3级 /无持续风向 ≤3级
2011/11/6, 小到中雨 /小到中雨, 14℃ / 11℃, 无持续风向 ≤3级 /无持续风向 ≤3级
2011/11/7, 小雨 /阴, 14℃ / 8℃, 无持续风向 ≤3级 /无持续风向 ≤3级
2011/11/8, 多云 /晴, 15℃ / 7℃, 无持续风向 ≤3级 /无持续风向 ≤3级
2011/11/9, 晴 /晴, 17℃ / 6℃, 无持续风向 ≤3级 /无持续风向 ≤3级
2011/11/10, 晴 /晴, 16℃ / 7℃, 无持续风向 ≤3级 /无持续风向 ≤3级
2011/11/11, 多云 /阴, 16℃ / 8℃, 无持续风向 ≤3级 /无持续风向 ≤3级
2011/11/12, 阴 /阴, 13℃ / 8℃, 无持续风向 ≤3级 /无持续风向 ≤3级
2011/11/13, 多云 /多云, 15℃ / 7℃, 无持续风向 ≤3级 /无持续风向 ≤3级
2011/11/14, 阴 /小雨, 14℃ / 7℃, 无持续风向 ≤3级 /无持续风向 ≤3级
2011/11/15, 小雨 /小雨, 11℃ / 8℃, 无持续风向 ≤3级 /无持续风向 ≤3级
2011/11/16, 小雨 /小雨, 11℃ / 9℃, 无持续风向 ≤3级 /无持续风向 ≤3级
2011/11/17, 小雨 /小雨, 11℃ / 9℃, 无持续风向 ≤3级 /无持续风向 ≤3级
2011/11/18, 阴 /多云, 13℃ / 5℃, 无持续风向 ≤3级 /无持续风向 ≤3级
2011/11/19, 晴 /晴, 14℃ / 5℃, 无持续风向 ≤3级 /无持续风向 ≤3级
2011/11/20, 多云 /多云, 14℃ / 7℃, 无持续风向 ≤3级 /无持续风向 ≤3级
2011/11/21, 多云 /多云, 13℃ / 5℃, 无持续风向 ≤3级 /无持续风向 ≤3级
2011/11/22, 晴 /晴, 13℃ / 3℃, 无持续风向 ≤3级 /无持续风向 ≤3级
2011/11/23, 晴 /晴, 13℃ / 4℃, 无持续风向 ≤3级 /无持续风向 ≤3级
2011/11/24, 多云 /多云, 11℃ / 4℃, 无持续风向 ≤3级 /无持续风向 ≤3级
2011/11/25, 多云 /多云, 12℃ / 4℃, 无持续风向 ≤3级 /无持续风向 ≤3级
2011/11/26, 多云 /阴, 11℃ / 7℃, 无持续风向 ≤3级 /无持续风向 ≤3级
2011/11/27, 阴 /小雨, 11℃ / 6℃, 无持续风向 ≤3级 /无持续风向 ≤3级
2011/11/28, 小雨 /小雨, 9℃ / 6℃, 无持续风向 ≤3级 /无持续风向 ≤3级
2011/11/29, 小雨 /阴, 9℃ / 3℃, 无持续风向 ≤3级 /无持续风向 ≤3级
2011/11/30, 多云 /多云, 7℃ / 1℃, 无持续风向 ≤3级 /无持续风向 ≤3级
2011/12/1, 晴 /晴, 8℃ / 1℃, 无持续风向 ≤3级 /无持续风向 ≤3级
2011/12/2, 晴 /晴, 8℃ / 1℃, 无持续风向 ≤3级 /无持续风向 ≤3级
2011/12/3, 多云 /阴, 7℃ / 2℃, 无持续风向 ≤3级 /无持续风向 ≤3级
2011/12/4, 小雨 /小雨, 5℃ / 3℃, 无持续风向 ≤3级 /无持续风向 ≤3级
2011/12/5, 小雨 /阴, 5℃ / 2℃, 无持续风向 ≤3级 /无持续风向 ≤3级
2011/12/6, 小雨 /小雨, 5℃ / 1℃, 无持续风向 ≤3级 /无持续风向 ≤3级
2011/12/7, 阴 /晴, 5℃ / 1℃, 西风 ≤3级 /无持续风向 ≤3级
2011/12/8, 晴 /晴, 8℃ / -1℃, 无持续风向 ≤3级 /无持续风向 ≤3级
2011/12/9, 晴 /晴, 6℃ / -3℃, 无持续风向 ≤3级 /无持续风向 ≤3级
2011/12/10, 晴 /晴, 5℃ / -2℃, 无持续风向 ≤3级 /无持续风向 ≤3级
2011/12/11, 晴 /晴, 7℃ / -2℃, 无持续风向 ≤3级 /无持续风向 ≤3级
2011/12/12, 多云 /多云, 6℃ / -3℃, 无持续风向 ≤3级 /无持续风向 ≤3级
2011/12/13, 晴 /多云, 7℃ / -2℃, 无持续风向 ≤3级 /无持续风向 ≤3级
2011/12/14, 阴 /多云, 6℃ / -1℃, 无持续风向 ≤3级 /无持续风向 ≤3级
2011/12/15, 晴 /晴, 6℃ / -3℃, 无持续风向 ≤3级 /无持续风向 ≤3级
2011/12/16, 多云 /阴, 5℃ / -2℃, 无持续风向 ≤3级 /无持续风向 ≤3级
2011/12/17, 阴 /阴, 4℃ / -2℃, 无持续风向 ≤3级 /无持续风向 ≤3级
2011/12/18, 多云 /多云, 5℃ / -2℃, 无持续风向 ≤3级 /无持续风向 ≤3级
2011/12/19, 阴 /阴, 5℃ / -1℃, 无持续风向 ≤3级 /无持续风向 ≤3级
2011/12/20, 多云 /多云, 5℃ / -2℃, 无持续风向 ≤3级 /无持续风向 ≤3级
2011/12/21, 小雨 /多云, 4℃ / -2℃, 无持续风向 ≤3级 /无持续风向 ≤3级
2011/12/22, 多云 /多云, 4℃ / -3℃, 无持续风向 ≤3级 /无持续风向 ≤3级
2011/12/23, 晴 /晴, 5℃ / -3℃, 无持续风向 ≤3级 /无持续风向 ≤3级
2011/12/24, 晴 /晴, 7℃ / -2℃, 无持续风向 ≤3级 /无持续风向 ≤3级
2011/12/25, 晴 /多云, 8℃ / -2℃, 无持续风向 ≤3级 /无持续风向 ≤3级
2011/12/26, 阴 /阴, 6℃ / -1℃, 无持续风向 ≤3级 /无持续风向 ≤3级
2011/12/27, 多云 /晴, 6℃ / -2℃, 无持续风向 ≤3级 /无持续风向 ≤3级
2011/12/28, 阴 /阴, 6℃ / -1℃, 无持续风向 ≤3级 /无持续风向 ≤3级
2011/12/29, 多云 /多云, 5℃ / -2℃, 旋转风 微风 /无持续风向 微风
2011/12/30, 多云 /多云, 5℃ / -2℃, 无持续风向 ≤3级 /无持续风向 ≤3级
2011/12/31, 晴 /晴, 6℃ / -2℃, 无持续风向 ≤3级 /无持续风向 ≤3级
2012/1/1, 多云 /多云, 6℃ / -2℃, 无持续风向 ≤3级 /东风 ≤3级
2012/1/2, 阴 /晴, 4℃ / -4℃, 东风 ≤3级 /无持续风向 ≤3级
2012/1/3, 晴 /晴, 3℃ / -4℃, 无持续风向 ≤3级 /无持续风向 ≤3级
2012/1/4, 多云 /多云, 3℃ / -3℃, 无持续风向 ≤3级 /无持续风向 ≤3级
2012/1/5, 多云 /阴, 3℃ / -3℃, 无持续风向 ≤3级 /无持续风向 ≤3级
2012/1/6, 阴 /多云, 3℃ / -4℃, 无持续风向 ≤3级 /无持续风向 ≤3级
2012/1/7, 阴 /阴, 3℃ / -2℃, 无持续风向 ≤3级 /无持续风向 ≤3级
2012/1/8, 阴 /多云, 3℃ / -3℃, 无持续风向 ≤3级 /无持续风向 ≤3级
2012/1/9, 多云 /多云, 5℃ / -3℃, 无持续风向 ≤3级 /无持续风向 ≤3级
2012/1/10, 多云 /阴, 4℃ / -4℃, 无持续风向 ≤3级 /无持续风向 ≤3级
2012/1/11, 阴 /多云, 4℃ / -3℃, 无持续风向 ≤3级 /无持续风向 ≤3级
2012/1/12, 阴 /阴, 5℃ / -2℃, 无持续风向 ≤3级 /无持续风向 ≤3级
2012/1/13, 阴 /阴, 4℃ / -2℃, 无持续风向 ≤3级 /无持续风向 ≤3级
2012/1/14, 多云 /阴, 4℃ / -1℃, 无持续风向 ≤3级 /无持续风向 ≤3级
2012/1/15, 阴 /多云, 6℃ / -2℃, 无持续风向 ≤3级 /无持续风向 ≤3级
2012/1/16, 阴 /阴, 5℃ / -1℃, 无持续风向 ≤3级 /无持续风向 ≤3级
2012/1/17, 阴 /阴, 4℃ / -1℃, 无持续风向 ≤3级 /无持续风向 ≤3级
2012/1/18, 小雪 /小雪, 3℃ / -2℃, 无持续风向 ≤3级 /无持续风向 ≤3级
2012/1/19, 小雪 /小雪, 1℃ / -1℃, 无持续风向 ≤3级 /无持续风向 ≤3级
2012/1/20, 小到中雪 /小到中雪, 3℃ / -1℃, 无持续风向 ≤3级 /无持续风向 ≤3级
2012/1/21, 小到中雪 /小雪, 1℃ / -4℃, 无持续风向 ≤3级 /东风 ≤3级
2012/1/22, 多云 /多云, 1℃ / -6℃, 无持续风向 ≤3级 /无持续风向 ≤3级
2012/1/23, 多云 /晴, 0℃ / -7℃, 无持续风向 ≤3级 /无持续风向 ≤3级
2012/1/24, 晴 /晴, -1℃ / -7℃, 无持续风向 ≤3级 /无持续风向 ≤3级
2012/1/25, 晴 /多云, 2℃ / -6℃, 无持续风向 ≤3级 /无持续风向 ≤3级
2012/1/26, 多云 /多云, 3℃ / -5℃, 无持续风向 ≤3级 /无持续风向 ≤3级
2012/1/27, 阴 /阴, 3℃ / -4℃, 无持续风向 ≤3级 /无持续风向 ≤3级
2012/1/28, 阴 /多云, 3℃ / -2℃, 无持续风向 ≤3级 /无持续风向 ≤3级
2012/1/29, 阴 /多云, 4℃ / -2℃, 无持续风向 ≤3级 /无持续风向 ≤3级
2012/1/30, 晴 /晴, 7℃ / -2℃, 无持续风向 ≤3级 /无持续风向 ≤3级
2012/1/31, 晴 /多云, 8℃ / -2℃, 无持续风向 ≤3级 /无持续风向 ≤3级
2012/2/1, 多云 /阴, 5℃ / -3℃, 无持续风向 ≤3级 /东北风 ≤3级
2012/2/1, 多云 /阴, 5℃ / -3℃, 无持续风向 ≤3级 /东北风 ≤3级
2012/2/2, 阴 /多云, 4℃ / -3℃, 东北风 ≤3级 /无持续风向 ≤3级
2012/2/2, 阴 /多云, 4℃ / -3℃, 东北风 ≤3级 /无持续风向 ≤3级
2012/2/3, 多云 /多云, 7℃ / -2℃, 无持续风向 ≤3级 /无持续风向 ≤3级
2012/2/3, 多云 /多云, 7℃ / -2℃, 无持续风向 ≤3级 /无持续风向 ≤3级
2012/2/4, 晴 /晴, 7℃ / -2℃, 无持续风向 ≤3级 /无持续风向 ≤3级
2012/2/4, 晴 /晴, 7℃ / -2℃, 无持续风向 ≤3级 /无持续风向 ≤3级
2012/2/5, 多云 /阴, 8℃ / -4℃, 无持续风向 ≤3级 /无持续风向 ≤3级
2012/2/5, 多云 /阴, 8℃ / -4℃, 无持续风向 ≤3级 /无持续风向 ≤3级
2012/2/6, 多云 /晴, 4℃ / -6℃, 北风 3-4级 /北风 3-4级
2012/2/6, 多云 /晴, 4℃ / -6℃, 北风 3-4级 /北风 3-4级
2012/2/7, 晴 /晴, 2℃ / -7℃, 北风 3-4级 /无持续风向 ≤3级
2012/2/7, 晴 /晴, 2℃ / -7℃, 北风 3-4级 /无持续风向 ≤3级
2012/2/8, 晴 /多云, 4℃ / -4℃, 无持续风向 ≤3级 /无持续风向 ≤3级
2012/2/8, 晴 /多云, 4℃ / -4℃, 无持续风向 ≤3级 /无持续风向 ≤3级
2012/2/9, 阴 /多云, 3℃ / -3℃, 无持续风向 ≤3级 /无持续风向 ≤3级
2012/2/9, 阴 /多云, 3℃ / -3℃, 无持续风向 ≤3级 /无持续风向 ≤3级
2012/2/10, 多云 /多云, 4℃ / -3℃, 无持续风向 ≤3级 /无持续风向 ≤3级
2012/2/10, 多云 /多云, 4℃ / -3℃, 无持续风向 ≤3级 /无持续风向 ≤3级
2012/2/11, 阴 /阴, 6℃ / -2℃, 无持续风向 ≤3级 /无持续风向 ≤3级
2012/2/11, 阴 /阴, 6℃ / -2℃, 无持续风向 ≤3级 /无持续风向 ≤3级
2012/2/12, 阴 /多云, 5℃ / -1℃, 无持续风向 ≤3级 /无持续风向 ≤3级
2012/2/12, 阴 /多云, 5℃ / -1℃, 无持续风向 ≤3级 /无持续风向 ≤3级
2012/2/13, 多云 /阴, 8℃ / 0℃, 无持续风向 ≤3级 /无持续风向 ≤3级
2012/2/13, 多云 /阴, 8℃ / 0℃, 无持续风向 ≤3级 /无持续风向 ≤3级
2012/2/14, 阴 /雨夹雪, 7℃ / 1℃, 无持续风向 ≤3级 /无持续风向 ≤3级
2012/2/14, 阴 /雨夹雪, 7℃ / 1℃, 无持续风向 ≤3级 /无持续风向 ≤3级
2012/2/15, 雨夹雪 /阴, 6℃ / 0℃, 无持续风向 ≤3级 /无持续风向 ≤3级
2012/2/15, 雨夹雪 /阴, 6℃ / 0℃, 无持续风向 ≤3级 /无持续风向 ≤3级
2012/2/16, 多云 /多云, 5℃ / -2℃, 无持续风向 ≤3级 /无持续风向 ≤3级
2012/2/16, 多云 /多云, 5℃ / -2℃, 无持续风向 ≤3级 /无持续风向 ≤3级
2012/2/17, 多云 /晴, 5℃ / -2℃, 无持续风向 ≤3级 /无持续风向 ≤3级
2012/2/17, 多云 /晴, 5℃ / -2℃, 无持续风向 ≤3级 /无持续风向 ≤3级
2012/2/18, 晴 /晴, 6℃ / -1℃, 无持续风向 ≤3级 /无持续风向 ≤3级
2012/2/18, 晴 /晴, 6℃ / -1℃, 无持续风向 ≤3级 /无持续风向 ≤3级
2012/2/19, 多云 /多云, 10℃ / 0℃, 无持续风向 ≤3级 /无持续风向 ≤3级
2012/2/19, 多云 /多云, 10℃ / 0℃, 无持续风向 ≤3级 /无持续风向 ≤3级
2012/2/20, 多云 /多云, 10℃ / 0℃, 无持续风向 ≤3级 /无持续风向 ≤3级
2012/2/20, 多云 /多云, 10℃ / 0℃, 无持续风向 ≤3级 /无持续风向 ≤3级
2012/2/21, 多云 /多云, 12℃ / 2℃, 无持续风向 ≤3级 /无持续风向 ≤3级
2012/2/21, 多云 /多云, 12℃ / 2℃, 无持续风向 ≤3级 /无持续风向 ≤3级
2012/2/22, 多云 /阴, 8℃ / 3℃, 无持续风向 ≤3级 /无持续风向 ≤3级
2012/2/22, 多云 /阴, 8℃ / 3℃, 无持续风向 ≤3级 /无持续风向 ≤3级
2012/2/23, 阴 /阴, 8℃ / 1℃, 无持续风向 ≤3级 /东风 3-4级
2012/2/23, 阴 /阴, 8℃ / 1℃, 无持续风向 ≤3级 /东风 3-4级
2012/2/24, 阴 /阴, 7℃ / 2℃, 无持续风向 ≤3级 /无持续风向 ≤3级
2012/2/24, 阴 /阴, 7℃ / 2℃, 无持续风向 ≤3级 /无持续风向 ≤3级
2012/2/25, 阴 /阴, 8℃ / 1℃, 无持续风向 ≤3级 /无持续风向 ≤3级
2012/2/25, 阴 /阴, 8℃ / 1℃, 无持续风向 ≤3级 /无持续风向 ≤3级
2012/2/26, 阴 /阴, 7℃ / 1℃, 无持续风向 ≤3级 /无持续风向 ≤3级
2012/2/26, 阴 /阴, 7℃ / 1℃, 无持续风向 ≤3级 /无持续风向 ≤3级
2012/2/27, 阴 /阴, 7℃ / 0℃, 无持续风向 ≤3级 /无持续风向 ≤3级
2012/2/27, 阴 /阴, 7℃ / 0℃, 无持续风向 ≤3级 /无持续风向 ≤3级
2012/2/28, 阴 /阴, 9℃ / 1℃, 无持续风向 ≤3级 /无持续风向 ≤3级
2012/2/28, 阴 /阴, 9℃ / 1℃, 无持续风向 ≤3级 /无持续风向 ≤3级
2012/2/29, 小雨 /阴, 7℃ / 2℃, 无持续风向 ≤3级 /无持续风向 ≤3级
2012/2/29, 小雨 /阴, 7℃ / 2℃, 无持续风向 ≤3级 /无持续风向 ≤3级
2012/3/1, 阴 /阴, 7℃ / 1℃, 无持续风向 ≤3级 /无持续风向 ≤3级
2012/3/2, 小雨 /阴, 5℃ / 2℃, 无持续风向 ≤3级 /无持续风向 ≤3级
2012/3/3, 小雨 /阴, 7℃ / 1℃, 无持续风向 ≤3级 /无持续风向 ≤3级
2012/3/4, 阴 /阴, 10℃ / 1℃, 无持续风向 ≤3级 /无持续风向 ≤3级
2012/3/5, 阴 /多云, 8℃ / 2℃, 无持续风向 ≤3级 /无持续风向 ≤3级
2012/3/6, 阴 /阴, 9℃ / 2℃, 无持续风向 ≤3级 /无持续风向 ≤3级
2012/3/7, 阴 /阴, 9℃ / 3℃, 无持续风向 ≤3级 /无持续风向 ≤3级
2012/3/8, 小雨 /阴, 8℃ / 2℃, 无持续风向 ≤3级 /无持续风向 ≤3级
2012/3/9, 阴 /多云, 10℃ / 2℃, 无持续风向 ≤3级 /无持续风向 ≤3级
2012/3/10, 多云 /晴, 12℃ / 2℃, 无持续风向 ≤3级 /无持续风向 ≤3级
2012/3/11, 多云 /多云, 11℃ / 4℃, 无持续风向 ≤3级 /东风 3-4级
2012/3/12, 晴 /晴, 15℃ / 3℃, 无持续风向 ≤3级 /无持续风向 ≤3级
2012/3/13, 多云 /多云, 14℃ / 3℃, 无持续风向 ≤3级 /无持续风向 ≤3级
2012/3/14, 阴 /小雨, 14℃ / 5℃, 无持续风向 ≤3级 /无持续风向 ≤3级
2012/3/15, 小雨 /阴, 12℃ / 5℃, 无持续风向 ≤3级 /无持续风向 ≤3级
2012/3/16, 多云 /多云, 16℃ / 7℃, 无持续风向 ≤3级 /无持续风向 ≤3级
2012/3/17, 多云 /多云, 20℃ / 7℃, 无持续风向 ≤3级 /无持续风向 ≤3级
2012/3/18, 阴 /小雨, 18℃ / 7℃, 无持续风向 ≤3级 /东北风 3-4级
2012/3/19, 多云 /多云, 15℃ / 3℃, 东北风 ≤3级 /无持续风向 ≤3级
2012/3/20, 阴 /阴, 13℃ / 4℃, 无持续风向 ≤3级 /无持续风向 ≤3级
2012/3/21, 阴 /小雨, 9℃ / 2℃, 无持续风向 ≤3级 /无持续风向 ≤3级
2012/3/22, 多云 /多云, 12℃ / 2℃, 无持续风向 ≤3级 /北风 3-4级
2012/3/23, 多云 /晴, 13℃ / 4℃, 北风 3-4级 /无持续风向 ≤3级
2012/3/24, 晴 /晴, 19℃ / 4℃, 无持续风向 ≤3级 /无持续风向 ≤3级
2012/3/25, 晴 /晴, 21℃ / 6℃, 无持续风向 ≤3级 /无持续风向 ≤3级
2012/3/26, 晴 /晴, 23℃ / 7℃, 旋转风 微风 /无持续风向 微风
2012/3/27, 多云 /阴, 23℃ / 10℃, 无持续风向 ≤3级 /无持续风向 ≤3级
2012/3/28, 小雨 /小雨, 17℃ / 7℃, 无持续风向 ≤3级 /无持续风向 ≤3级
2012/3/29, 多云 /多云, 15℃ / 6℃, 西风 ≤3级 /北风 3-4级
2012/3/30, 晴 /晴, 16℃ / 5℃, 北风 3-4级 /北风 3-4级
2012/3/31, 晴 /晴, 22℃ / 8℃, 无持续风向 ≤3级 /无持续风向 ≤3级
2012/4/1, 晴 /阴, 25℃ / 9℃, 无持续风向 ≤3级 /无持续风向 ≤3级
2012/4/2, 多云 /晴, 18℃ / 7℃, 北风 3-4级 /无持续风向 ≤3级
2012/4/3, 晴 /晴, 21℃ / 10℃, 无持续风向 ≤3级 /无持续风向 ≤3级
2012/4/4, 晴 /晴, 24℃ / 11℃, 无持续风向 ≤3级 /无持续风向 ≤3级
2012/4/5, 晴 /晴, 24℃ / 10℃, 无持续风向 ≤3级 /无持续风向 ≤3级
2012/4/6, 晴 /多云, 22℃ / 11℃, 无持续风向 ≤3级 /无持续风向 ≤3级
2012/4/7, 多云 /多云, 23℃ / 12℃, 无持续风向 ≤3级 /无持续风向 ≤3级
2012/4/8, 阴 /阴, 24℃ / 14℃, 无持续风向 ≤3级 /无持续风向 ≤3级
2012/4/9, 小雨 /多云, 22℃ / 14℃, 无持续风向 ≤3级 /无持续风向 ≤3级
2012/4/10, 多云 /多云, 26℃ / 14℃, 无持续风向 ≤3级 /无持续风向 ≤3级
2012/4/11, 阴 /小到中雨, 24℃ / 13℃, 无持续风向 ≤3级 /西风 4-5级
2012/4/12, 多云 /多云, 18℃ / 4℃, 西风 4-5级 /西北风 3-4级
2012/4/13, 多云 /多云, 21℃ / 10℃, 无持续风向 ≤3级 /无持续风向 ≤3级
2012/4/14, 晴 /晴, 24℃ / 11℃, 无持续风向 ≤3级 /无持续风向 ≤3级
2012/4/15, 晴 /晴, 25℃ / 12℃, 无持续风向 ≤3级 /无持续风向 ≤3级
2012/4/16, 多云 /多云, 25℃ / 13℃, 无持续风向 ≤3级 /无持续风向 ≤3级
2012/4/17, 阴 /阵雨, 22℃ / 14℃, 无持续风向 ≤3级 /无持续风向 ≤3级
2012/4/18, 多云 /多云, 25℃ / 13℃, 无持续风向 ≤3级 /无持续风向 ≤3级
2012/4/19, 多云 /阵雨, 25℃ / 14℃, 无持续风向 ≤3级 /无持续风向 ≤3级
2012/4/20, 多云 /多云, 23℃ / 13℃, 无持续风向 ≤3级 /无持续风向 ≤3级
2012/4/21, 晴 /多云, 28℃ / 15℃, 无持续风向 ≤3级 /无持续风向 ≤3级
2012/4/22, 多云 /多云, 30℃ / 16℃, 旋转风 微风 /无持续风向 微风
2012/4/23, 阵雨 /中雨, 27℃ / 12℃, 无持续风向 ≤3级 /无持续风向 ≤3级
2012/4/24, 阴 /多云, 22℃ / 11℃, 西北风 3-4级 /西北风 3-4级
2012/4/25, 晴 /晴, 23℃ / 11℃, 无持续风向 ≤3级 /无持续风向 ≤3级
2012/4/26, 晴 /多云, 27℃ / 13℃, 无持续风向 ≤3级 /无持续风向 ≤3级
2012/4/27, 多云 /多云, 29℃ / 16℃, 无持续风向 ≤3级 /无持续风向 ≤3级
2012/4/28, 多云 /多云, 30℃ / 17℃, 无持续风向 ≤3级 /无持续风向 ≤3级
2012/4/29, 阴 /多云, 28℃ / 17℃, 无持续风向 ≤3级 /无持续风向 ≤3级
2012/4/30, 阵雨 /阵雨, 27℃ / 16℃, 无持续风向 ≤3级 /东风 3-4级
2012/5/1, 小雨 /阴, 21℃ / 15℃, 无持续风向 ≤3级 /无持续风向 ≤3级
2012/5/2, 阴 /阴, 24℃ / 16℃, 无持续风向 ≤3级 /无持续风向 ≤3级
2012/5/3, 阵雨 /阵雨, 21℃ / 16℃, 无持续风向 ≤3级 /无持续风向 ≤3级
2012/5/4, 阴 /阴, 25℃ / 17℃, 无持续风向 ≤3级 /无持续风向 ≤3级
2012/5/5, 多云 /多云, 30℃ / 19℃, 无持续风向 ≤3级 /无持续风向 ≤3级
2012/5/6, 阴 /阵雨, 29℃ / 19℃, 无持续风向 ≤3级 /无持续风向 ≤3级
2012/5/7, 阵雨 /阴, 27℃ / 18℃, 旋转风 微风 /无持续风向 微风
2012/5/8, 多云 /多云, 29℃ / 19℃, 无持续风向 ≤3级 /无持续风向 ≤3级
2012/5/9, 多云 /多云, 30℃ / 20℃, 无持续风向 ≤3级 /东南风 ≤3级
2012/5/10, 多云 /阴, 30℃ / 20℃, 无持续风向 ≤3级 /无持续风向 ≤3级
2012/5/11, 小到中雨 /阴, 24℃ / 16℃, 无持续风向 ≤3级 /西北风 3-4级
2012/5/12, 多云 /多云, 24℃ / 14℃, 西北风 3-4级 /无持续风向 ≤3级
2012/5/13, 小雨 /阴, 24℃ / 14℃, 无持续风向 ≤3级 /无持续风向 ≤3级
2012/5/14, 多云 /晴, 28℃ / 16℃, 无持续风向 ≤3级 /东北风 ≤3级
2012/5/15, 晴 /晴, 31℃ / 17℃, 无持续风向 ≤3级 /无持续风向 ≤3级
2012/5/16, 晴 /多云, 31℃ / 18℃, 北风 ≤3级 /无持续风向 ≤3级
2012/5/17, 多云 /多云, 31℃ / 17℃, 无持续风向 ≤3级 /无持续风向 ≤3级
2012/5/18, 阴 /多云, 29℃ / 18℃, 无持续风向 ≤3级 /北风 ≤3级
2012/5/19, 晴 /晴, 33℃ / 20℃, 东北风 ≤3级 /无持续风向 ≤3级
2012/5/20, 多云 /阴, 32℃ / 22℃, 北风 ≤3级 /无持续风向 ≤3级
2012/5/21, 小雨 /小雨, 28℃ / 15℃, 无持续风向 ≤3级 /无持续风向 ≤3级
2012/5/22, 小雨 /阴, 23℃ / 14℃, 西北风 ≤3级 /无持续风向 ≤3级
2012/5/23, 阴 /阴, 25℃ / 15℃, 无持续风向 ≤3级 /无持续风向 ≤3级
2012/5/24, 阴 /阴, 25℃ / 16℃, 无持续风向 ≤3级 /无持续风向 ≤3级
2012/5/25, 多云 /多云, 29℃ / 16℃, 无持续风向 ≤3级 /北风 ≤3级
2012/5/26, 多云 /晴, 31℃ / 17℃, 东北风 ≤3级 /无持续风向 ≤3级
2012/5/27, 多云 /多云, 32℃ / 18℃, 东北风 ≤3级 /无持续风向 ≤3级
2012/5/28, 小到中雨 /中雨, 25℃ / 16℃, 无持续风向 ≤3级 /无持续风向 ≤3级
2012/5/29, 多云 /晴, 27℃ / 15℃, 无持续风向 ≤3级 /西北风 ≤3级
2012/5/30, 多云 /多云, 31℃ / 19℃, 无持续风向 ≤3级 /无持续风向 ≤3级
2012/5/31, 阴 /阴, 28℃ / 19℃, 无持续风向 ≤3级 /无持续风向 ≤3级
2012/6/1, 多云 /晴, 30℃ / 19℃, 无持续风向 ≤3级 /无持续风向 ≤3级
2012/6/2, 晴 /多云, 32℃ / 20℃, 无持续风向 ≤3级 /无持续风向 ≤3级
2012/6/3, 阴 /多云, 31℃ / 21℃, 无持续风向 ≤3级 /北风 ≤3级
2012/6/4, 多云 /阴, 32℃ / 22℃, 北风 ≤3级 /无持续风向 ≤3级
2012/6/5, 阴 /阵雨, 29℃ / 21℃, 无持续风向 ≤3级 /无持续风向 ≤3级
2012/6/6, 多云 /多云, 31℃ / 21℃, 无持续风向 ≤3级 /西风 ≤3级
2012/6/7, 晴 /晴, 33℃ / 21℃, 无持续风向 ≤3级 /无持续风向 ≤3级
2012/6/8, 晴 /晴, 34℃ / 23℃, 东风 ≤3级 /无持续风向 ≤3级
2012/6/9, 多云 /晴, 35℃ / 23℃, 无持续风向 ≤3级 /无持续风向 ≤3级
2012/6/10, 晴 /晴, 36℃ / 22℃, 东北风 ≤3级 /北风 ≤3级
2012/6/11, 晴 /晴, 34℃ / 21℃, 北风 ≤3级 /无持续风向 ≤3级
2012/6/12, 晴 /晴, 36℃ / 22℃, 无持续风向 ≤3级 /无持续风向 ≤3级
2012/6/13, 多云 /多云, 37℃ / 23℃, 北风 ≤3级 /无持续风向 ≤3级
2012/6/14, 晴 /晴, 34℃ / 20℃, 无持续风向 ≤3级 /无持续风向 ≤3级
2012/6/15, 晴 /晴, 32℃ / 20℃, 无持续风向 ≤3级 /北风 ≤3级
2012/6/16, 多云 /多云, 34℃ / 21℃, 北风 ≤3级 /无持续风向 ≤3级
2012/6/17, 阴 /多云, 34℃ / 23℃, 无持续风向 ≤3级 /无持续风向 ≤3级
2012/6/18, 阴 /多云, 34℃ / 22℃, 北风 ≤3级 /无持续风向 ≤3级
2012/6/19, 多云 /雷阵雨, 36℃ / 23℃, 无持续风向 ≤3级 /无持续风向 ≤3级
2012/6/20, 雷阵雨 /多云, 34℃ / 23℃, 无持续风向 ≤3级 /无持续风向 ≤3级
2012/6/21, 多云 /晴, 36℃ / 25℃, 无持续风向 ≤3级 /无持续风向 ≤3级
2012/6/22, 多云 /晴, 37℃ / 25℃, 无持续风向 ≤3级 /北风 ≤3级
2012/6/23, 多云 /阴, 37℃ / 25℃, 无持续风向 ≤3级 /东北风 ≤3级
2012/6/24, 雷阵雨 /阴, 35℃ / 24℃, 东北风 ≤3级 /无持续风向 ≤3级
2012/6/25, 小雨 /阴, 30℃ / 22℃, 无持续风向 ≤3级 /东北风 ≤3级
2012/6/26, 小雨 /阵雨, 27℃ / 22℃, 东风 ≤3级 /无持续风向 ≤3级
2012/6/27, 小雨 /阴, 27℃ / 23℃, 无持续风向 ≤3级 /无持续风向 ≤3级
2012/6/28, 小雨 /阵雨, 30℃ / 22℃, 无持续风向 ≤3级 /无持续风向 ≤3级
2012/6/29, 小雨 /阴, 26℃ / 21℃, 无持续风向 ≤3级 /西风 ≤3级
2012/6/30, 多云 /阴, 30℃ / 21℃, 无持续风向 ≤3级 /无持续风向 ≤3级
2012/7/1, 阴 /阴, 32℃ / 22℃, 无持续风向 ≤3级 /无持续风向 ≤3级
2012/7/2, 小到中雨 /小雨, 27℃ / 21℃, 无持续风向 ≤3级 /无持续风向 ≤3级
2012/7/3, 阵雨 /阴, 31℃ / 23℃, 无持续风向 ≤3级 /西风 ≤3级
2012/7/4, 小到中雨 /多云, 31℃ / 23℃, 无持续风向 ≤3级 /北风 ≤3级
2012/7/5, 多云 /晴, 32℃ / 23℃, 东北风 ≤3级 /无持续风向 ≤3级
2012/7/6, 多云 /雷阵雨, 34℃ / 24℃, 东北风 ≤3级 /无持续风向 ≤3级
2012/7/7, 雷阵雨 /小雨, 31℃ / 23℃, 无持续风向 ≤3级 /无持续风向 ≤3级
2012/7/8, 中雨 /中雨, 27℃ / 23℃, 无持续风向 ≤3级 /无持续风向 ≤3级
2012/7/9, 中雨 /中雨, 27℃ / 22℃, 无持续风向 ≤3级 /无持续风向 ≤3级
2012/7/10, 多云 /晴, 31℃ / 23℃, 无持续风向 ≤3级 /无持续风向 ≤3级
2012/7/11, 晴 /多云, 37℃ / 25℃, 无持续风向 ≤3级 /西风 ≤3级
2012/7/12, 多云 /多云, 35℃ / 24℃, 无持续风向 ≤3级 /西风 ≤3级
2012/7/13, 晴 /晴, 36℃ / 25℃, 北风 ≤3级 /无持续风向 ≤3级
2012/7/14, 晴 /多云, 35℃ / 23℃, 东风 ≤3级 /无持续风向 ≤3级
2012/7/15, 多云 /多云, 34℃ / 23℃, 无持续风向 ≤3级 /无持续风向 ≤3级
2012/7/16, 多云 /阴, 30℃ / 23℃, 无持续风向 ≤3级 /无持续风向 ≤3级
2012/7/17, 阴 /阴, 32℃ / 23℃, 无持续风向 ≤3级 /无持续风向 ≤3级
2012/7/18, 阴 /阴, 31℃ / 25℃, 无持续风向 ≤3级 /东风 ≤3级
2012/7/19, 阴 /阴, 33℃ / 24℃, 无持续风向 ≤3级 /东风 ≤3级
2012/7/20, 阴 /阵雨, 32℃ / 25℃, 无持续风向 ≤3级 /北风 ≤3级
2012/7/21, 小到中雨 /中雨, 29℃ / 22℃, 东北风 ≤3级 /北风 ≤3级
2012/7/22, 多云 /晴, 32℃ / 22℃, 西风 ≤3级 /无持续风向 ≤3级
2012/7/23, 多云 /多云, 32℃ / 23℃, 无持续风向 ≤3级 /无持续风向 ≤3级
2012/7/24, 多云 /多云, 31℃ / 23℃, 无持续风向 ≤3级 /无持续风向 ≤3级
2012/7/25, 多云 /多云, 34℃ / 24℃, 无持续风向 ≤3级 /无持续风向 ≤3级
2012/7/26, 多云 /多云, 33℃ / 25℃, 无持续风向 ≤3级 /无持续风向 ≤3级
2012/7/27, 多云 /阵雨, 36℃ / 26℃, 北风 ≤3级 /东风 ≤3级
2012/7/28, 多云 /多云, 37℃ / 27℃, 无持续风向 ≤3级 /北风 ≤3级
2012/7/29, 多云 /多云, 37℃ / 27℃, 北风 ≤3级 /无持续风向 ≤3级
2012/7/30, 多云 /雷阵雨, 36℃ / 25℃, 北风 ≤3级 /无持续风向 ≤3级
2012/7/31, 小到中雨 /阵雨, 34℃ / 23℃, 无持续风向 ≤3级 /无持续风向 ≤3级
2012/8/1, 雷阵雨 /阵雨, 30℃ / 23℃, 无持续风向 ≤3级 /西南风 ≤3级
2012/8/2, 阵雨 /多云, 32℃ / 24℃, 无持续风向 ≤3级 /无持续风向 ≤3级
2012/8/3, 多云 /多云, 33℃ / 24℃, 东风 ≤3级 /东北风 ≤3级
2012/8/4, 多云 /阴, 33℃ / 24℃, 无持续风向 ≤3级 /无持续风向 ≤3级
2012/8/5, 阵雨 /阵雨, 30℃ / 24℃, 东风 ≤3级 /东风 ≤3级
2012/8/6, 阵雨 /多云, 32℃ / 24℃, 东风 ≤3级 /无持续风向 ≤3级
2012/8/7, 多云 /多云, 33℃ / 24℃, 无持续风向 ≤3级 /无持续风向 ≤3级
2012/8/8, 多云 /雷阵雨, 35℃ / 25℃, 无持续风向 ≤3级 /东风 ≤3级
2012/8/9, 雷阵雨 /多云, 34℃ / 25℃, 无持续风向 ≤3级 /无持续风向 ≤3级
2012/8/10, 多云 /多云, 34℃ / 25℃, 东北风 ≤3级 /无持续风向 ≤3级
2012/8/11, 多云 /阴, 35℃ / 25℃, 无持续风向 ≤3级 /无持续风向 ≤3级
2012/8/12, 阴 /阵雨, 34℃ / 26℃, 无持续风向 ≤3级 /无持续风向 ≤3级
2012/8/13, 小雨 /小雨, 30℃ / 24℃, 东风 ≤3级 /东北风 ≤3级
2012/8/14, 小雨 /阵雨, 29℃ / 21℃, 无持续风向 ≤3级 /无持续风向 ≤3级
2012/8/15, 多云 /多云, 32℃ / 21℃, 无持续风向 ≤3级 /无持续风向 ≤3级
2012/8/16, 阴 /阴, 31℃ / 23℃, 无持续风向 ≤3级 /无持续风向 ≤3级
2012/8/17, 阵雨 /中雨, 31℃ / 22℃, 无持续风向 ≤3级 /无持续风向 ≤3级
2012/8/18, 中雨 /小雨, 26℃ / 22℃, 无持续风向 ≤3级 /西风 ≤3级
2012/8/19, 阴 /中雨, 26℃ / 20℃, 无持续风向 ≤3级 /无持续风向 ≤3级
2012/8/20, 小雨 /阴, 27℃ / 20℃, 西北风 ≤3级 /无持续风向 ≤3级
2012/8/21, 阴 /多云, 28℃ / 20℃, 无持续风向 ≤3级 /无持续风向 ≤3级
2012/8/22, 多云 /多云, 30℃ / 20℃, 无持续风向 ≤3级 /无持续风向 ≤3级
2012/8/23, 多云 /晴, 31℃ / 20℃, 无持续风向 ≤3级 /无持续风向 ≤3级
2012/8/24, 多云 /晴, 30℃ / 20℃, 无持续风向 ≤3级 /无持续风向 ≤3级
2012/8/25, 阴 /阵雨, 30℃ / 21℃, 无持续风向 ≤3级 /无持续风向 ≤3级
2012/8/26, 多云 /多云, 30℃ / 21℃, 无持续风向 ≤3级 /东风 ≤3级
2012/8/27, 晴 /晴, 31℃ / 22℃, 无持续风向 ≤3级 /无持续风向 ≤3级
2012/8/28, 晴 /晴, 33℃ / 21℃, 无持续风向 ≤3级 /无持续风向 ≤3级
2012/8/29, 晴 /多云, 33℃ / 22℃, 无持续风向 ≤3级 /无持续风向 ≤3级
2012/8/30, 多云 /阴, 33℃ / 22℃, 无持续风向 ≤3级 /西风 ≤3级
2012/8/31, 小到中雨 /大到暴雨, 25℃ / 18℃, 西风 3-4级 /无持续风向 ≤3级
2012/9/1, 大到暴雨 /小到中雨, 19℃ / 16℃, 东风 ≤3级 /无持续风向 ≤3级
2012/9/2, 阴 /晴, 25℃ / 18℃, 无持续风向 ≤3级 /无持续风向 ≤3级
2012/9/3, 晴 /晴, 31℃ / 17℃, 无持续风向 ≤3级 /南风 ≤3级
2012/9/4, 多云 /多云, 32℃ / 18℃, 无持续风向 ≤3级 /无持续风向 ≤3级
2012/9/5, 多云 /多云, 30℃ / 21℃, 东风 ≤3级 /无持续风向 ≤3级
2012/9/6, 阴 /多云, 28℃ / 20℃, 无持续风向 ≤3级 /无持续风向 ≤3级
2012/9/7, 阴 /中到大雨, 27℃ / 19℃, 无持续风向 ≤3级 /无持续风向 ≤3级
2012/9/8, 阵雨 /阴, 22℃ / 18℃, 无持续风向 ≤3级 /东北风 ≤3级
2012/9/9, 多云 /阴, 26℃ / 19℃, 无持续风向 ≤3级 /无持续风向 ≤3级
2012/9/10, 中雨 /中雨, 22℃ / 17℃, 无持续风向 ≤3级 /无持续风向 ≤3级
2012/9/11, 阴 /多云, 24℃ / 15℃, 无持续风向 ≤3级 /西风 3-4级
2012/9/12, 多云 /晴, 24℃ / 14℃, 西风 3-4级 /无持续风向 ≤3级
2012/9/13, 晴 /晴, 24℃ / 14℃, 无持续风向 ≤3级 /无持续风向 ≤3级
2012/9/14, 晴 /晴, 27℃ / 13℃, 无持续风向 ≤3级 /无持续风向 ≤3级
2012/9/15, 晴 /多云, 26℃ / 17℃, 无持续风向 ≤3级 /无持续风向 ≤3级
2012/9/16, 阴 /阴, 23℃ / 15℃, 无持续风向 ≤3级 /无持续风向 ≤3级
2012/9/17, 多云 /晴, 25℃ / 15℃, 无持续风向 ≤3级 /无持续风向 ≤3级
2012/9/18, 晴 /晴, 27℃ / 16℃, 无持续风向 ≤3级 /无持续风向 ≤3级
2012/9/19, 多云 /多云, 29℃ / 17℃, 无持续风向 ≤3级 /无持续风向 ≤3级
2012/9/20, 多云 /小到中雨, 26℃ / 16℃, 无持续风向 ≤3级 /无持续风向 ≤3级
2012/9/21, 多云 /多云, 26℃ / 15℃, 无持续风向 ≤3级 /西北风 ≤3级
2012/9/22, 晴 /多云, 28℃ / 16℃, 无持续风向 ≤3级 /无持续风向 ≤3级
2012/9/23, 多云 /阴, 26℃ / 17℃, 西南风 ≤3级 /无持续风向 ≤3级
2012/9/24, 小雨 /小雨, 26℃ / 17℃, 无持续风向 ≤3级 /无持续风向 ≤3级
2012/9/25, 中雨 /小雨, 22℃ / 16℃, 无持续风向 ≤3级 /东风 ≤3级
2012/9/26, 阴 /阴, 22℃ / 16℃, 东风 ≤3级 /北风 ≤3级
2012/9/27, 多云 /晴, 25℃ / 13℃, 北风 ≤3级 /北风 ≤3级
2012/9/28, 晴 /晴, 24℃ / 11℃, 西北风 ≤3级 /西北风 ≤3级
2012/9/29, 晴 /晴, 24℃ / 12℃, 西北风 ≤3级 /西风 ≤3级
2012/9/30, 多云 /晴, 25℃ / 13℃, 西北风 ≤3级 /东风 ≤3级
2012/10/1, 多云 /多云, 25℃ / 14℃, 东风 ≤3级 /西北风 ≤3级
2012/10/2, 多云 /小雨, 25℃ / 15℃, 西南风 ≤3级 /西风 ≤3级
2012/10/3, 阴 /多云, 23℃ / 14℃, 东风 ≤3级 /南风 ≤3级
2012/10/4, 阴 /多云, 23℃ / 15℃, 南风 ≤3级 /东风 ≤3级
2012/10/5, 多云 /多云, 23℃ / 14℃, 西风 ≤3级 /东风 ≤3级
2012/10/6, 阴 /阵雨, 23℃ / 15℃, 南风 ≤3级 /东风 ≤3级
2012/10/7, 小雨 /小雨, 20℃ / 14℃, 南风 ≤3级 /东风 ≤3级
2012/10/8, 小雨 /小雨, 19℃ / 14℃, 西风 ≤3级 /西风 ≤3级
2012/10/9, 多云 /晴, 23℃ / 12℃, 西北风 ≤3级 /西南风 ≤3级
2012/10/10, 多云 /多云, 24℃ / 13℃, 东北风 ≤3级 /西风 ≤3级
2012/10/11, 阴 /阴, 23℃ / 14℃, 西南风 ≤3级 /东南风 ≤3级
2012/10/12, 阴 /多云, 21℃ / 13℃, 南风 ≤3级 /西南风 ≤3级
2012/10/13, 多云 /多云, 24℃ / 14℃, 西北风 ≤3级 /东北风 ≤3级
2012/10/14, 阴 /阴, 23℃ / 14℃, 东风 ≤3级 /东风 ≤3级
2012/10/15, 小雨 /小雨, 19℃ / 12℃, 东风 ≤3级 /南风 ≤3级
2012/10/16, 晴 /晴, 19℃ / 8℃, 西北风 3-4级 /北风 ≤3级
2012/10/17, 晴 /晴, 19℃ / 9℃, 西北风 ≤3级 /东北风 ≤3级
2012/10/18, 多云 /阴, 20℃ / 10℃, 北风 ≤3级 /东风 ≤3级
2012/10/19, 多云 /多云, 21℃ / 12℃, 东北风 ≤3级 /东风 ≤3级
2012/10/20, 阴 /阴, 21℃ / 11℃, 东风 ≤3级 /西南风 ≤3级
2012/10/21, 小雨 /阴, 17℃ / 9℃, 西南风 3-4级 /北风 ≤3级
2012/10/22, 多云 /晴, 19℃ / 8℃, 北风 ≤3级 /西南风 ≤3级
2012/10/23, 阴 /阴, 18℃ / 7℃, 西南风 ≤3级 /南风 ≤3级
2012/10/24, 多云 /多云, 17℃ / 8℃, 南风 ≤3级 /西风 ≤3级
2012/10/25, 阴 /小雨, 18℃ / 9℃, 东北风 ≤3级 /西南风 ≤3级
2012/10/26, 多云 /晴, 18℃ / 9℃, 西南风 ≤3级 /西风 ≤3级
2012/10/27, 多云 /多云, 19℃ / 10℃, 东北风 ≤3级 /东风 ≤3级
2012/10/28, 多云 /小雨, 17℃ / 10℃, 东风 ≤3级 /西风 ≤3级
2012/10/29, 多云 /多云, 18℃ / 8℃, 西风 ≤3级 /西风 ≤3级
2012/10/30, 晴 /晴, 18℃ / 7℃, 无持续风向 ≤3级 /西北风 ≤3级
2012/10/31, 晴 /晴, 18℃ / 6℃, 西风 ≤3级 /西北风 ≤3级
2012/11/1, 多云 /多云, 19℃ / 6℃, 西风 ≤3级 /无持续风向 ≤3级
2012/11/2, 阴 /小雨, 15℃ / 6℃, 南风 ≤3级 /东北风 4-5级
2012/11/3, 多云 /晴, 13℃ / 2℃, 东北风 4-5级 /西北风 3-4级
2012/11/4, 晴 /晴, 13℃ / 2℃, 西北风 ≤3级 /西风 ≤3级
2012/11/5, 晴 /晴, 14℃ / 2℃, 无持续风向 ≤3级 /北风 ≤3级
2012/11/6, 多云 /多云, 15℃ / 4℃, 西风 ≤3级 /西南风 ≤3级
2012/11/7, 阴 /阴, 13℃ / 3℃, 南风 ≤3级 /西南风 ≤3级
2012/11/8, 多云 /阴, 13℃ / 5℃, 西风 ≤3级 /东风 ≤3级
2012/11/9, 小雨 /小雨, 12℃ / 6℃, 南风 ≤3级 /南风 ≤3级
2012/11/10, 晴 /晴, 11℃ / 1℃, 西北风 ≤3级 /北风 3-4级
2012/11/11, 晴 /晴, 13℃ / 1℃, 北风 ≤3级 /北风 ≤3级
2012/11/12, 晴 /晴, 14℃ / 2℃, 北风 ≤3级 /东风 ≤3级
2012/11/13, 晴 /多云, 14℃ / 3℃, 北风 ≤3级 /东风 ≤3级
2012/11/14, 阴 /阴, 13℃ / 4℃, 西南风 ≤3级 /西风 ≤3级
2012/11/15, 小雨 /阴, 10℃ / 2℃, 东北风 3-4级 /南风 ≤3级
2012/11/16, 多云 /晴, 13℃ / 2℃, 西风 ≤3级 /北风 ≤3级
2012/11/17, 晴 /多云, 16℃ / 3℃, 西北风 ≤3级 /东风 ≤3级
2012/11/18, 多云 /多云, 13℃ / 4℃, 西风 ≤3级 /西风 ≤3级
2012/11/19, 阴 /阴, 13℃ / 5℃, 东南风 ≤3级 /西风 ≤3级
2012/11/20, 阴 /阴, 11℃ / 6℃, 西风 ≤3级 /南风 ≤3级
2012/11/21, 多云 /阴, 12℃ / 6℃, 北风 ≤3级 /西风 3-4级
2012/11/22, 阵雨 /多云, 11℃ / 2℃, 南风 ≤3级 /东南风 ≤3级
2012/11/23, 多云 /多云, 11℃ / 2℃, 西风 ≤3级 /东南风 ≤3级
2012/11/24, 阴 /小雨, 11℃ / 3℃, 东风 ≤3级 /西南风 4-5级
2012/11/25, 小雨 /晴, 9℃ / 0℃, 西北风 3-4级 /北风 3-4级
2012/11/26, 晴 /晴, 10℃ / 0℃, 北风 3-4级 /北风 ≤3级
2012/11/27, 晴 /多云, 11℃ / -1℃, 西北风 ≤3级 /无持续风向 ≤3级
2012/11/28, 多云 /多云, 9℃ / -1℃, 北风 3-4级 /西风 ≤3级
2012/11/29, 多云 /阴, 9℃ / -1℃, 西风 ≤3级 /东风 ≤3级
2012/11/30, 多云 /雨夹雪, 6℃ / 0℃, 北风 ≤3级 /西南风 ≤3级
2012/12/1, 雨夹雪 /多云, 5℃ / -2℃, 西南风 ≤3级 /西风 ≤3级
2012/12/2, 晴 /晴, 10℃ / -2℃, 西风 ≤3级 /西风 3-4级
2012/12/3, 晴 /晴, 8℃ / 0℃, 西风 ≤3级 /西风 ≤3级
2012/12/4, 晴 /晴, 11℃ / -1℃, 东北风 ≤3级 /北风 3-4级
2012/12/5, 晴 /晴, 9℃ / 0℃, 东风 ≤3级 /西北风 3-4级
2012/12/6, 晴 /多云, 12℃ / 0℃, 西北风 3-4级 /西风 ≤3级
2012/12/7, 晴 /晴, 11℃ / -1℃, 北风 ≤3级 /北风 ≤3级
2012/12/8, 晴 /晴, 9℃ / -2℃, 北风 3-4级 /东北风 ≤3级
2012/12/9, 多云 /多云, 7℃ / -1℃, 东北风 ≤3级 /西风 ≤3级
2012/12/10, 晴 /晴, 10℃ / -2℃, 西北风 ≤3级 /西风 ≤3级
2012/12/11, 多云 /多云, 7℃ / -1℃, 东北风 ≤3级 /西南风 ≤3级
2012/12/12, 阴 /阴, 4℃ / -1℃, 西风 ≤3级 /东风 ≤3级
2012/12/13, 雨夹雪 /阴, 4℃ / -1℃, 东风 ≤3级 /东风 ≤3级
2012/12/14, 多云 /多云, 6℃ / 0℃, 东北风 ≤3级 /东南风 ≤3级
2012/12/15, 阴 /阴, 5℃ / 0℃, 东风 ≤3级 /南风 ≤3级
2012/12/17, 阴 /阴, 5℃ / 0℃, 西风 ≤3级 /东风 ≤3级
2012/12/18, 阴 /多云, 6℃ / -2℃, 东风 ≤3级 /东风 ≤3级
2012/12/19, 阴 /雨夹雪, 4℃ / -1℃, 东风 ≤3级 /西南风 ≤3级
2012/12/20, 小雪 /阴, 3℃ / -2℃, 东风 ≤3级 /东风 ≤3级
2012/12/21, 多云 /多云, 4℃ / -3℃, 西风 ≤3级 /北风 ≤3级
2012/12/22, 晴 /晴, 4℃ / -5℃, 北风 3-4级 /东风 ≤3级
2012/12/23, 晴 /晴, 2℃ / -7℃, 北风 3-4级 /东风 ≤3级
2012/12/24, 晴 /多云, 2℃ / -5℃, 东风 ≤3级 /西风 ≤3级
2012/12/25, 多云 /多云, 1℃ / -5℃, 西风 ≤3级 /东风 ≤3级
2012/12/26, 阴 /阴, 3℃ / -4℃, 东风 ≤3级 /东风 ≤3级
2012/12/27, 多云 /阴, 2℃ / -5℃, 东风 ≤3级 /西风 ≤3级
2012/12/28, 小雪 /阴, 1℃ / -4℃, 西风 ≤3级 /西风 3-4级
2012/12/29, 多云 /晴, 2℃ / -7℃, 西北风 3-4级 /西北风 ≤3级
2012/12/30, 晴 /晴, 3℃ / -6℃, 西北风 ≤3级 /西北风 ≤3级
2012/12/31, 晴 /晴, 7℃ / -6℃, 北风 ≤3级 /北风 ≤3级
2013/1/1, 晴 /多云, 5℃ / -5℃, 西风 ≤3级 /西风 ≤3级
2013/1/2, 多云 /多云, 2℃ / -5℃, 东风 ≤3级 /东风 ≤3级
2013/1/3, 阴 /多云, 0℃ / -7℃, 北风 ≤3级 /东风 ≤3级
2013/1/4, 多云 /多云, 2℃ / -6℃, 东风 ≤3级 /西风 ≤3级
2013/1/5, 多云 /多云, 2℃ / -6℃, 西风 ≤3级 /西风 ≤3级
2013/1/6, 阴 /阴, 2℃ / -6℃, 西南风 ≤3级 /西南风 ≤3级
2013/1/7, 多云 /多云, 4℃ / -4℃, 东风 ≤3级 /西风 ≤3级
2013/1/8, 多云 /晴, 4℃ / -5℃, 西风 ≤3级 /北风 ≤3级
2013/1/9, 晴 /晴, 4℃ / -5℃, 东北风 ≤3级 /东北风 ≤3级
2013/1/10, 多云 /多云, 5℃ / -5℃, 东风 ≤3级 /西风 ≤3级
2013/1/11, 晴 /晴, 7℃ / -4℃, 北风 ≤3级 /南风 ≤3级
2013/1/13, 晴 /晴, 7℃ / -4℃, 东北风 ≤3级 /东风 ≤3级
2013/1/14, 多云 /阴, 7℃ / -4℃, 南风 ≤3级 /南风 ≤3级
2013/1/15, 多云 /晴, 7℃ / -2℃, 东风 ≤3级 /东风 ≤3级
2013/1/16, 晴 /晴, 10℃ / -3℃, 西风 ≤3级 /东风 ≤3级
2013/1/17, 晴 /晴, 8℃ / -3℃, 东风 ≤3级 /东风 ≤3级
2013/1/18, 多云 /多云, 6℃ / -2℃, 南风 ≤3级 /西风 ≤3级
2013/1/19, 阴 /小到中雪, 5℃ / -1℃, 南风 ≤3级 /南风 ≤3级
2013/1/20, 小雪 /阴, 3℃ / -2℃, 南风 ≤3级 /西南风 ≤3级
2013/1/21, 阴 /多云, 6℃ / -3℃, 南风 ≤3级 /东风 ≤3级
2013/1/22, 晴 /晴, 10℃ / -2℃, 东风 ≤3级 /西南风 ≤3级
2013/1/23, 晴 /晴, 10℃ / -2℃, 西风 ≤3级 /西北风 ≤3级
2013/1/24, 晴 /晴, 10℃ / -1℃, 东北风 ≤3级 /东北风 ≤3级
2013/1/25, 晴 /晴, 12℃ / -2℃, 东北风 ≤3级 /西风 ≤3级
2013/1/26, 晴 /晴, 13℃ / -1℃, 东北风 ≤3级 /西北风 ≤3级
2013/1/27, 晴 /晴, 14℃ / -1℃, 北风 ≤3级 /西南风 ≤3级
2013/1/28, 多云 /多云, 13℃ / 0℃, 西南风 ≤3级 /东风 ≤3级
2013/1/29, 阴 /多云, 11℃ / 2℃, 西南风 ≤3级 /南风 ≤3级
2013/1/30, 多云 /多云, 11℃ / 2℃, 东风 ≤3级 /西南风 ≤3级
2013/1/31, 晴 /晴, 11℃ / 1℃, 西南风 ≤3级 /东风 ≤3级
2013/3/1, 小雪 /阴, 8℃ / 2℃, 北风 3-4级 /北风 ≤3级
2013/3/2, 晴 /晴, 12℃ / 1℃, 东风 ≤3级 /北风 ≤3级
2013/3/3, 晴 /晴, 16℃ / 3℃, 北风 ≤3级 /东风 ≤3级
2013/3/4, 晴 /多云, 20℃ / 4℃, 东北风 ≤3级 /东风 ≤3级
2013/3/5, 多云 /多云, 21℃ / 6℃, 东风 ≤3级 /西北风 ≤3级
2013/3/6, 晴 /晴, 21℃ / 4℃, 北风 3-4级 /西风 ≤3级
2013/3/6, 晴 /晴, 21℃ / 4℃, 北风 3-4级 /西风 ≤3级
2013/3/7, 晴 /晴, 25℃ / 9℃, 西风 ≤3级 /东风 ≤3级
2013/3/8, 多云 /多云, 27℃ / 14℃, 东风 ≤3级 /西风 ≤3级
2013/3/9, 多云 /浮尘, 22℃ / 9℃, 西北风 3-4级 /北风 3-4级
2013/3/10, 多云 /阴, 19℃ / 8℃, 东风 ≤3级 /东风 ≤3级
2013/3/11, 阴 /小雨, 17℃ / 6℃, 东风 ≤3级 /西南风 ≤3级
2013/3/12, 阴 /晴, 16℃ / 7℃, 东北风 ≤3级 /西风 ≤3级
2013/3/13, 多云 /阴, 19℃ / 7℃, 东风 ≤3级 /东风 ≤3级
2013/3/14, 多云 /多云, 16℃ / 7℃, 东风 3-4级 /东风 ≤3级
2013/3/15, 多云 /阴, 18℃ / 7℃, 东北风 ≤3级 /东风 ≤3级
2013/3/16, 小雨 /小雨, 13℃ / 9℃, 西南风 ≤3级 /西北风 3-4级
2013/3/17, 多云 /晴, 21℃ / 8℃, 西风 3-4级 /西北风 3-4级
2013/3/18, 晴 /晴, 26℃ / 10℃, 西北风 ≤3级 /西风 ≤3级
2013/3/19, 晴 /晴, 27℃ / 10℃, 西北风 ≤3级 /西南风 ≤3级
2013/3/20, 多云 /多云, 24℃ / 10℃, 东风 ≤3级 /东南风 ≤3级
2013/3/21, 阴 /多云, 22℃ / 8℃, 东风 ≤3级 /西南风 ≤3级
2013/3/22, 多云 /多云, 21℃ / 10℃, 东北风 ≤3级 /西南风 ≤3级
2013/3/23, 晴 /晴, 25℃ / 9℃, 东北风 ≤3级 /西北风 ≤3级
2013/3/24, 多云 /阴, 20℃ / 10℃, 东北风 3-4级 /东风 ≤3级
2013/3/25, 小雨 /阴, 17℃ / 7℃, 西南风 ≤3级 /东风 ≤3级
2013/3/26, 晴 /晴, 20℃ / 6℃, 东风 ≤3级 /北风 ≤3级
2013/3/27, 晴 /晴, 26℃ / 8℃, 西南风 ≤3级 /东北风 ≤3级
2013/3/28, 晴 /多云, 24℃ / 11℃, 东风 ≤3级 /东风 ≤3级
2013/3/29, 阴 /多云, 23℃ / 10℃, 南风 3-4级 /东风 ≤3级
2013/3/30, 晴 /晴, 24℃ / 11℃, 西北风 ≤3级 /北风 ≤3级
2013/3/31, 多云 /阴, 24℃ / 11℃, 东风 ≤3级 /南风 ≤3级
2013/4/1,多云 /多云,21℃ / 9℃,西南风 ≤3级 /东北风 ≤3级
2013/4/1, 多云 /多云, 21℃ / 9℃, 西南风 ≤3级 /东北风 ≤3级
2013/4/2,阴 /阴,19℃ / 10℃,南风 ≤3级 /西风 ≤3级
2013/4/2, 阴 /阴, 19℃ / 10℃, 南风 ≤3级 /西风 ≤3级
2013/4/3,多云 /多云,22℃ / 10℃,东北风 ≤3级 /北风 ≤3级
2013/4/3, 多云 /多云, 22℃ / 10℃, 东北风 ≤3级 /北风 ≤3级
2013/4/4,小雨 /小雨,18℃ / 9℃,西南风 ≤3级 /西风 3-4级
2013/4/4, 小雨 /小雨, 18℃ / 9℃, 西南风 ≤3级 /西风 3-4级
2013/4/5,多云 /多云,15℃ / 5℃,北风 ≤3级 /北风 ≤3级
2013/4/5, 多云 /多云, 15℃ / 5℃, 北风 ≤3级 /北风 ≤3级
2013/4/6,晴 /晴,18℃ / 4℃,北风 ≤3级 /东北风 ≤3级
2013/4/6, 晴 /晴, 18℃ / 4℃, 北风 ≤3级 /东北风 ≤3级
2013/4/7,晴 /晴,24℃ / 8℃,东北风 ≤3级 /西北风 ≤3级
2013/4/7, 晴 /晴, 24℃ / 8℃, 东北风 ≤3级 /西北风 ≤3级
2013/4/8,晴 /晴,22℃ / 6℃,北风 ≤3级 /东北风 3-4级
2013/4/8, 晴 /晴, 22℃ / 6℃, 北风 ≤3级 /东北风 3-4级
2013/4/9,晴 /晴,19℃ / 5℃,北风 ≤3级 /北风 ≤3级
2013/4/9, 晴 /晴, 19℃ / 5℃, 北风 ≤3级 /北风 ≤3级
2013/4/10,晴 /晴,20℃ / 8℃,东风 ≤3级 /东风 ≤3级
2013/4/10, 晴 /晴, 20℃ / 8℃, 东风 ≤3级 /东风 ≤3级
2013/4/11,晴 /晴,23℃ / 9℃,东风 ≤3级 /南风 ≤3级
2013/4/11, 晴 /晴, 23℃ / 9℃, 东风 ≤3级 /南风 ≤3级
2013/4/12,晴 /晴,27℃ / 11℃,东风 ≤3级 /西南风 ≤3级
2013/4/12, 晴 /晴, 27℃ / 11℃, 东风 ≤3级 /西南风 ≤3级
2013/4/13,晴 /晴,29℃ / 14℃,西南风 ≤3级 /北风 ≤3级
2013/4/13, 晴 /晴, 29℃ / 14℃, 西南风 ≤3级 /北风 ≤3级
2013/4/14,多云 /多云,31℃ / 16℃,南风 ≤3级 /南风 ≤3级
2013/4/14, 多云 /多云, 31℃ / 16℃, 南风 ≤3级 /南风 ≤3级
2013/4/15,多云 /多云,32℃ / 17℃,东风 ≤3级 /南风 ≤3级
2013/4/15, 多云 /多云, 32℃ / 17℃, 东风 ≤3级 /南风 ≤3级
2013/4/16,多云 /多云,33℃ / 19℃,北风 ≤3级 /西风 ≤3级
2013/4/16, 多云 /多云, 33℃ / 19℃, 北风 ≤3级 /西风 ≤3级
2013/4/17,多云 /多云,33℃ / 18℃,东风 ≤3级 /东风 ≤3级
2013/4/17, 多云 /多云, 33℃ / 18℃, 东风 ≤3级 /东风 ≤3级
2013/4/18,阴 /阴,24℃ / 12℃,北风 3-4级 /东风 5-6级
2013/4/18, 阴 /阴, 24℃ / 12℃, 北风 3-4级 /东风 5-6级
2013/4/19,小雨 /阴,14℃ / 6℃,东风 5-6级 /东风 ≤3级
2013/4/19, 小雨 /阴, 14℃ / 6℃, 东风 5-6级 /东风 ≤3级
2013/4/20,多云 /多云,19℃ / 8℃,东北风 ≤3级 /东风 ≤3级
2013/4/20, 多云 /多云, 19℃ / 8℃, 东北风 ≤3级 /东风 ≤3级
2013/4/21,多云 /阴,18℃ / 9℃,东风 ≤3级 /西南风 ≤3级
2013/4/21, 多云 /阴, 18℃ / 9℃, 东风 ≤3级 /西南风 ≤3级
2013/4/22,小雨 /多云,15℃ / 9℃,南风 ≤3级 /西风 ≤3级
2013/4/22, 小雨 /多云, 15℃ / 9℃, 南风 ≤3级 /西风 ≤3级
2013/4/23,晴 /晴,26℃ / 11℃,东北风 ≤3级 /东风 ≤3级
2013/4/23, 晴 /晴, 26℃ / 11℃, 东北风 ≤3级 /东风 ≤3级
2013/4/24,晴 /晴,27℃ / 14℃,东风 ≤3级 /东北风 ≤3级
2013/4/24, 晴 /晴, 27℃ / 14℃, 东风 ≤3级 /东北风 ≤3级
2013/4/25,晴 /晴,29℃ / 13℃,东风 ≤3级 /东风 ≤3级
2013/4/25, 晴 /晴, 29℃ / 13℃, 东风 ≤3级 /东风 ≤3级
2013/4/26,晴 /晴,31℃ / 14℃,西北风 ≤3级 /东风 ≤3级
2013/4/26, 晴 /晴, 31℃ / 14℃, 西北风 ≤3级 /东风 ≤3级
2013/4/27,晴 /晴,31℃ / 18℃,北风 ≤3级 /北风 ≤3级
2013/4/27, 多云 /多云, 31℃ / 16℃, 东风 ≤3级 /西风 ≤3级
2013/4/28,多云 /阴,32℃ / 15℃,西风 ≤3级 /西南风 ≤3级
2013/4/28, 多云 /多云, 30℃ / 17℃, 西风 ≤3级 /西风 ≤3级
2013/4/29,小雨 /阴,24℃ / 13℃,东风 ≤3级 /东北风 ≤3级
2013/4/30,多云 /多云,24℃ / 14℃,东风 ≤3级 /东风 ≤3级
2013/5/1,多云 /阴,26℃ / 15℃,东风 ≤3级 /东风 ≤3级
2013/5/2,阴 /多云,27℃ / 17℃,东风 ≤3级 /东风 ≤3级
2013/5/3,多云 /多云,32℃ / 18℃,东风 ≤3级 /东风 ≤3级
2013/5/4,阴 /阴,28℃ / 18℃,东风 ≤3级 /东风 3-4级
2013/5/5,小雨 /小到中雨,23℃ / 17℃,南风 ≤3级 /西南风 ≤3级
2013/5/6,小雨 /小雨,21℃ / 17℃,东风 ≤3级 /东风 ≤3级
2013/5/7,阴 /阴,24℃ / 17℃,东风 ≤3级 /西南风 ≤3级
2013/5/8,小雨 /小雨,22℃ / 15℃,西南风 ≤3级 /西风 ≤3级
2013/5/9,多云 /多云,25℃ / 13℃,东风 ≤3级 /东风 ≤3级
2013/5/10,晴 /晴,28℃ / 14℃,北风 ≤3级 /西风 ≤3级
2013/5/11,晴 /晴,33℃ / 16℃,东风 ≤3级 /东风 ≤3级
2013/5/12,晴 /晴,35℃ / 19℃,东风 ≤3级 /东风 ≤3级
2013/5/13,多云 /多云,35℃ / 20℃,东风 ≤3级 /东风 ≤3级
2013/5/14,多云 /阴,34℃ / 23℃,东南风 ≤3级 /西南风 ≤3级
2013/5/15,阴 /小雨,28℃ / 20℃,南风 ≤3级 /南风 ≤3级
2013/5/16,小雨 /小雨,26℃ / 16℃,西南风 ≤3级 /西南风 ≤3级
2013/5/17,小到中雨 /小雨,22℃ / 16℃,西南风 ≤3级 /南风 ≤3级
2013/5/18,多云 /晴,29℃ / 16℃,东北风 ≤3级 /东北风 ≤3级
2013/5/19,晴 /晴,32℃ / 17℃,东北风 ≤3级 /东南风 ≤3级
2013/5/20,晴 /晴,33℃ / 19℃,东风 ≤3级 /东风 ≤3级
2013/5/21,晴 /晴,36℃ / 21℃,东风 ≤3级 /东风 ≤3级
2013/5/22,晴 /阴,34℃ / 22℃,东风 ≤3级 /南风 ≤3级
2013/5/23,多云 /多云,33℃ / 20℃,东风 ≤3级 /东南风 ≤3级
2013/5/24,阵雨 /小到中雨,28℃ / 18℃,南风 ≤3级 /西南风 ≤3级
2013/5/25,中雨 /小到中雨,24℃ / 17℃,南风 ≤3级 /西南风 ≤3级
2013/5/26,多云 /多云,28℃ / 18℃,东风 ≤3级 /东风 ≤3级
2013/5/27,多云 /阴,30℃ / 18℃,东风 ≤3级 /西风 ≤3级
2013/5/28,小到中雨 /阴,25℃ / 16℃,南风 ≤3级 /南风 ≤3级
2013/5/29,小雨 /阴,24℃ / 14℃,西南风 ≤3级 /西南风 ≤3级
2013/5/30,小到中雨 /阴,20℃ / 15℃,南风 ≤3级 /东风 ≤3级
2013/5/31,多云 /多云,27℃ / 16℃,东北风 ≤3级 /东风 ≤3级
2013/6/1,晴 /晴,32℃ / 18℃,东北风 ≤3级 /东北风 ≤3级
2013/6/2,晴 /多云,35℃ / 19℃,东北风 ≤3级 /东风 ≤3级
2013/6/3,多云 /多云,35℃ / 20℃,东北风 ≤3级 /东北风 ≤3级
2013/6/4,多云 /晴,34℃ / 20℃,东风 ≤3级 /东风 ≤3级
2013/6/5,多云 /阴,35℃ / 24℃,东风 ≤3级 /东风 ≤3级
2013/6/6,阴 /多云,34℃ / 20℃,南风 ≤3级 /东风 ≤3级
2013/6/7,多云 /多云,36℃ / 21℃,东风 ≤3级 /东风 ≤3级
2013/6/8,阵雨 /小雨,30℃ / 20℃,南风 ≤3级 /南风 ≤3级
2013/6/9,阵雨 /阴,29℃ / 16℃,南风 ≤3级 /西风 ≤3级
2013/6/10,晴 /多云,31℃ / 16℃,东北风 ≤3级 /西北风 ≤3级
2013/6/11,晴 /晴,32℃ / 17℃,西风 ≤3级 /东风 ≤3级
2013/6/12,多云 /晴,33℃ / 17℃,东北风 ≤3级 /东风 ≤3级
2013/6/13,多云 /多云,34℃ / 22℃,南风 ≤3级 /东北风 ≤3级
2013/6/14,多云 /雷阵雨,34℃ / 23℃,东风 ≤3级 /东北风 ≤3级
2013/6/15,雷阵雨 /阴,34℃ / 24℃,南风 ≤3级 /东风 ≤3级
2013/6/16,阴 /阴,36℃ / 25℃,东风 ≤3级 /东风 ≤3级
2013/6/17,多云 /多云,37℃ / 26℃,东风 ≤3级 /东风 ≤3级
2013/6/18,多云 /多云,37℃ / 28℃,东风 ≤3级 /东风 ≤3级
2013/6/19,阴 /阵雨,35℃ / 26℃,东风 ≤3级 /东风 ≤3级
2013/6/20,小到中雨 /小到中雨,30℃ / 23℃,南风 ≤3级 /西风 ≤3级
2013/6/21,小到中雨 /小雨,27℃ / 22℃,东风 ≤3级 /西北风 ≤3级
2013/6/22,小雨 /阵雨,26℃ / 22℃,西南风 ≤3级 /西南风 ≤3级
2013/6/23,阴 /阴,31℃ / 22℃,北风 ≤3级 /南风 ≤3级
2013/6/24,阵雨 /阴,29℃ / 21℃,西南风 ≤3级 /南风 ≤3级
2013/6/25,多云 /晴,34℃ / 23℃,东风 ≤3级 /东北风 ≤3级
2013/6/26,多云 /多云,36℃ / 24℃,东风 ≤3级 /东风 ≤3级
2013/6/27,晴 /晴,37℃ / 24℃,东北风 ≤3级 /西南风 ≤3级
2013/6/28,晴 /晴,37℃ / 25℃,东北风 ≤3级 /东风 ≤3级
2013/6/29,晴 /多云,38℃ / 27℃,东风 ≤3级 /东风 ≤3级
2013/6/30,多云 /阴,37℃ / 28℃,东风 ≤3级 /东风 ≤3级
2013/7/1,雷阵雨 /阵雨,35℃ / 26℃,东风 ≤3级 /南风 ≤3级
2013/7/2,阵雨 /阴,33℃ / 25℃,西南风 ≤3级 /东风 ≤3级
2013/7/3,阴 /阴,34℃ / 24℃,东北风 ≤3级 /北风 ≤3级
2013/7/4,小到中雨 /阴,32℃ / 23℃,西风 ≤3级 /西南风 ≤3级
2013/7/5,晴 /晴,36℃ / 24℃,东风 ≤3级 /东风 ≤3级
2013/7/6,晴 /晴,36℃ / 25℃,东风 ≤3级 /东风 ≤3级
2013/7/7,多云 /多云,37℃ / 27℃,东风 ≤3级 /东北风 ≤3级
2013/7/8,阴 /阵雨,34℃ / 25℃,南风 ≤3级 /北风 ≤3级
2013/7/9,小到中雨 /阵雨,28℃ / 23℃,南风 ≤3级 /西风 ≤3级
2013/7/10,阵雨 /阴,30℃ / 24℃,西风 ≤3级 /东北风 ≤3级
2013/7/11,多云 /多云,33℃ / 25℃,东北风 ≤3级 /东风 ≤3级
2013/7/12,多云 /多云,34℃ / 26℃,东北风 ≤3级 /东风 ≤3级
2013/7/13,阴 /阴,33℃ / 25℃,东风 ≤3级 /东北风 ≤3级
2013/7/14,阴 /阴,32℃ / 25℃,南风 ≤3级 /西风 ≤3级
2013/7/15,小到中雨 /阵雨,30℃ / 24℃,南风 ≤3级 /西风 ≤3级
2013/7/16,多云 /多云,33℃ / 23℃,东风 ≤3级 /东北风 ≤3级
2013/7/17,小雨 /大雨,27℃ / 23℃,西风 ≤3级 /南风 ≤3级
2013/7/18,中雨 /阴,24℃ / 22℃,南风 ≤3级 /东南风 ≤3级
2013/7/19,多云 /阴,31℃ / 24℃,东风 ≤3级 /南风 ≤3级
2013/7/20,阵雨 /多云,32℃ / 24℃,西南风 ≤3级 /东风 ≤3级
2013/7/21,阴 /小雨,32℃ / 24℃,南风 ≤3级 /东风 ≤3级
2013/7/22,中雨 /小雨,26℃ / 22℃,东风 ≤3级 /东风 ≤3级
2013/7/23,多云 /多云,32℃ / 23℃,东风 ≤3级 /东风 ≤3级
2013/7/24,多云 /多云,32℃ / 24℃,东风 ≤3级 /东北风 ≤3级
2013/7/25,多云 /多云,35℃ / 26℃,东风 ≤3级 /东北风 ≤3级
2013/7/26,多云 /多云,36℃ / 26℃,东北风 ≤3级 /西南风 ≤3级
2013/7/27,阴 /阴,33℃ / 25℃,南风 ≤3级 /南风 ≤3级
2013/7/28,阵雨 /小到中雨,32℃ / 23℃,西南风 ≤3级 /西南风 ≤3级
2013/7/29,小雨 /多云,30℃ / 22℃,东风 ≤3级 /东风 ≤3级
2013/7/30,阴 /小到中雨,34℃ / 25℃,东风 ≤3级 /西南风 ≤3级
2013/7/31,小到中雨 /小到中雨,33℃ / 25℃,东风 ≤3级 /东风 ≤3级
2013/8/1,小到中雨 /阴,30℃ / 24℃,东风 ≤3级 /东风 ≤3级
2013/8/2,多云 /阴,35℃ / 25℃,东风 ≤3级 /东南风 ≤3级
2013/8/3,多云 /多云,36℃ / 26℃,东风 ≤3级 /东风 ≤3级
2013/8/4,多云 /多云,37℃ / 26℃,东北风 ≤3级 /东风 ≤3级
2013/8/5,多云 /阵雨,36℃ / 24℃,东风 ≤3级 /南风 ≤3级
2013/8/6,中雨 /中雨,31℃ / 22℃,东风 ≤3级 /东风 ≤3级
2013/8/7,小雨 /阴,28℃ / 22℃,西风 ≤3级 /东风 ≤3级
2013/8/8,多云 /多云,32℃ / 23℃,东风 ≤3级 /东风 ≤3级
2013/8/9,多云 /多云,35℃ / 25℃,东北风 ≤3级 /东风 ≤3级
2013/8/10,多云 /阴,33℃ / 25℃,东风 ≤3级 /南风 ≤3级
2013/8/11,阴 /阴,33℃ / 25℃,南风 ≤3级 /东风 ≤3级
2013/8/12,阴 /多云,34℃ / 24℃,南风 ≤3级 /东风 ≤3级
2013/8/13,多云 /多云,35℃ / 25℃,东风 ≤3级 /东北风 ≤3级
2013/8/14,多云 /晴,36℃ / 26℃,东风 ≤3级 /东风 ≤3级
2013/8/15,多云 /晴,37℃ / 27℃,东风 ≤3级 /东风 ≤3级
2013/8/16,晴 /晴,37℃ / 27℃,东风 ≤3级 /东风 ≤3级
2013/8/17,晴 /晴,38℃ / 26℃,东北风 ≤3级 /东北风 ≤3级
2013/8/18,多云 /晴,35℃ / 25℃,东风 ≤3级 /东北风 ≤3级
2013/8/19,晴 /晴,36℃ / 24℃,东北风 ≤3级 /东风 ≤3级
2013/8/20,晴 /晴,33℃ / 23℃,东北风 ≤3级 /东风 ≤3级
2013/8/21,多云 /晴,33℃ / 24℃,东风 ≤3级 /东风 ≤3级
2013/8/22,多云 /多云,34℃ / 25℃,东风 ≤3级 /东风 ≤3级
2013/8/23,多云 /多云,32℃ / 24℃,东风 ≤3级 /东风 ≤3级
2013/8/24,多云 /阴,31℃ / 23℃,东风 ≤3级 /东风 ≤3级
2013/8/25,阴 /多云,32℃ / 23℃,南风 ≤3级 /东风 ≤3级
2013/8/26,多云 /多云,35℃ / 25℃,东风 ≤3级 /西南风 ≤3级
2013/8/27,阴 /小到中雨,31℃ / 24℃,东风 ≤3级 /南风 ≤3级
2013/8/28,小到中雨 /阴,25℃ / 20℃,西风 ≤3级 /东风 ≤3级
