点位名称,SO2,NO2,PM10,CO,O31小时,O38小时,PM2.5,首要污染物,时间
高压开关厂 ,23,79,140,42,107,116,133,3,2013-04-26
高压开关厂 ,26,88,167,46,95,99,169,4,2013-04-25
高压开关厂 ,80,130,154,77,59,78,195,4,2013-04-24
高压开关厂 ,24,82,133,79,40,44,200,4,2013-04-23
高压开关厂 ,13,45,125,71,9,9,220,6,2013-04-22
高压开关厂 ,21,40,98,67,26,32,168,4,2013-04-21
高压开关厂 ,15,37,70,50,22,26,88,1,2013-04-20
高压开关厂 ,8,34,87,71,23,33,125,3,2013-04-19
高压开关厂 ,31,40,318,93,39,52,200,7,2013-04-18
高压开关厂 ,42,52,155,99,107,115,170,4,2013-04-17
高压开关厂 ,54,45,98,76,64,79,92,1,2013-04-16
高压开关厂 ,76,52,106,93,49,78,85,3,2013-04-15
高压开关厂 ,62,47,88,82,49,72,64,1,2013-04-14
高压开关厂 ,34,62,107,89,41,52,105,3,2013-04-13
高压开关厂 ,56,125,110,101,44,62,108,3,2013-04-12
高压开关厂 ,83,167,119,102,41,57,134,4,2013-04-11
高压开关厂 ,37,99,108,89,38,45,113,3,2013-04-10
高压开关厂 ,19,100,90,79,42,65,85,1,2013-04-09
高压开关厂 ,36,165,159,87,35,55,112,4,2013-04-08
高压开关厂 ,65,155,125,96,56,67,147,4,2013-04-07
高压开关厂 ,40,97,96,77,38,45,93,1,2013-04-06
高压开关厂 ,30,82,109,68,30,40,89,3,2013-04-05
高压开关厂 ,47,59,127,83,24,27,158,4,2013-04-04
高压开关厂 ,62,79,134,91,54,68,179,4,2013-04-03
高压开关厂 ,81,64,126,82,15,21,138,3,2013-04-02
高压开关厂 ,54,92,191,99,50,76,229,6,2013-04-01
高压开关厂 ,46,59,147,87,41,44,237,6,2013-03-31
高压开关厂 ,65,90,176,89,41,52,235,6,2013-03-30
高压开关厂 ,54,65,146,80,30,40,198,4,2013-03-29
高压开关厂 ,57,116,143,101,40,50,150,3,2013-03-28
高压开关厂 ,52,94,140,99,37,44,148,3,2013-03-27
高压开关厂 ,44,95,105,78,40,50,145,3,2013-03-26
高压开关厂 ,56,62,115,71,13,28,133,3,2013-03-25
高压开关厂 ,43,92,146,63,36,48,115,3,2013-03-24
高压开关厂 ,58,85,166,83,46,56,208,6,2013-03-23
高压开关厂 ,58,101,143,85,32,38,208,6,2013-03-22
高压开关厂 ,52,70,136,71,23,28,173,4,2013-03-21
高压开关厂 ,42,53,148,59,32,44,114,3,2013-03-20
高压开关厂 ,57,105,175,98,32,34,163,4,2013-03-19
高压开关厂 ,55,99,153,70,35,42,108,4,2013-03-18
高压开关厂 ,63,107,139,64,45,65,158,4,2013-03-17
高压开关厂 ,66,64,166,75,15,18,280,6,2013-03-16
高压开关厂 ,67,75,149,62,26,34,229,6,2013-03-15
高压开关厂 ,61,65,118,48,22,27,166,4,2013-03-14
高压开关厂 ,68,83,500,59,15,19,364,7,2013-03-13
高压开关厂 ,60,91,500,50,19,21,268,7,2013-03-12
高压开关厂 ,67,62,107,33,18,22,105,3,2013-03-11
高压开关厂 ,45,88,364,24,27,37,112,7,2013-03-10
高压开关厂 ,50,98,500,48,23,32,309,7,2013-03-09
高压开关厂 ,100,112,152,63,38,49,162,4,2013-03-08
高压开关厂 ,76,94,191,57,36,42,195,4,2013-03-07
高压开关厂 ,74,80,196,33,33,46,209,6,2013-03-06
高压开关厂 ,85,87,192,60,33,35,252,6,2013-03-05
高压开关厂 ,69,81,171,43,33,37,169,4,2013-03-04
高压开关厂 ,60,88,153,32,38,48,127,4,2013-03-03
高压开关厂 ,94,88,144,20,30,35,103,3,2013-03-02
高压开关厂 ,63,63,145,10,27,40,67,3,2013-03-01
高压开关厂 ,70,76,270,52,27,28,272,6,2013-02-28
高压开关厂 ,99,109,322,91,41,38,402,7,2013-02-27
高压开关厂 ,116,100,282,87,31,32,412,7,2013-02-26
高压开关厂 ,104,88,270,81,20,20,354,7,2013-02-25
高压开关厂 ,105,99,270,81,38,41,412,7,2013-02-24
高压开关厂 ,86,116,158,69,40,47,285,6,2013-02-23
高压开关厂 ,78,90,125,65,39,45,225,6,2013-02-22
高压开关厂 ,100,100,118,61,38,48,208,6,2013-02-21
高压开关厂 ,60,60,82,36,24,30,138,3,2013-02-20
高压开关厂 ,63,59,82,38,21,26,140,3,2013-02-19
高压开关厂 ,58,65,83,34,29,33,119,3,2013-02-18
高压开关厂 ,96,59,160,41,22,19,296,6,2013-02-17
高压开关厂 ,105,108,178,101,34,44,347,7,2013-02-16
高压开关厂 ,78,93,89,108,34,41,99,3,2013-02-15
高压开关厂 ,104,103,109,109,26,28,159,4,2013-02-14
高压开关厂 ,128,107,100,109,20,18,145,3,2013-02-13
高压开关厂 ,68,77,114,108,33,42,185,4,2013-02-12
高压开关厂 ,74,82,155,111,9,11,305,7,2013-02-11
高压开关厂 ,106,105,487,114,40,40,500,7,2013-02-10
高压开关厂 ,127,107,178,111,22,28,327,7,2013-02-09
高压开关厂 ,102,106,105,110,9,10,190,4,2013-02-08
高压开关厂 ,104,108,134,113,11,14,221,6,2013-02-07
高压开关厂 ,117,120,196,118,11,11,346,7,2013-02-06
高压开关厂 ,107,110,102,114,29,31,166,4,2013-02-05
高压开关厂 ,90,107,4,113,4,6,199,4,2013-02-04
高压开关厂 ,98,115,4,114,4,5,240,6,2013-02-03
高压开关厂 ,101,131,253,118,5,6,391,7,2013-02-02
高压开关厂 ,122,144,342,119,6,7,440,7,2013-02-01
高压开关厂 ,107,134,172,114,10,10,318,7,2013-01-31
高压开关厂 ,118,148,322,115,10,10,429,7,2013-01-30
高压开关厂 ,108,142,319,116,13,12,413,7,2013-01-29
高压开关厂 ,135,132,169,109,14,14,293,6,2013-01-28
高压开关厂 ,118,138,182,109,8,8,266,6,2013-01-27
高压开关厂 ,117,119,114,103,17,20,172,4,2013-01-26
高压开关厂 ,80,109,117,102,25,28,169,4,2013-01-25
高压开关厂 ,99,97,83,86,31,39,65,1,2013-01-24
高压开关厂 ,114,128,176,106,20,22,312,7,2013-01-23
高压开关厂 ,101,119,128,104,23,20,219,6,2013-01-23
高压开关厂 ,102,91,82,88,26,33,94,3,2013-01-21
高压开关厂 ,103,116,183,107,17,21,319,7,2013-01-20
高压开关厂 ,121,146,407,115,4,6,458,7,2013-01-19
高压开关厂 ,132,140,205,109,8,8,329,7,2013-01-18
高压开关厂 ,107,117,143,101,12,14,214,6,2013-01-17
高压开关厂 ,107,122,235,107,24,20,300,6,2013-01-16
高压开关厂 ,109,103,151,89,25,31,148,4,2013-01-15
高压开关厂 ,126,155,500,114,11,5,500,7,2013-01-14
高压开关厂 ,115,144,298,108,12,15,399,7,2013-01-13
高压开关厂 ,133,139,215,103,10,14,308,7,2013-01-12
高压开关厂 ,112,122,171,104,33,37,269,6,2013-01-11
高压开关厂 ,124,133,198,102,14,18,333,7,2013-01-10
高压开关厂 ,110,115,149,89,16,22,216,6,2013-01-09
高压开关厂 ,116,138,273,105,10,13,383,7,2013-01-08
高压开关厂 ,114,117,182,45,9,13,320,7,2013-01-05
高压开关厂 ,110,111,131,35,25,9,143,3,2013-01-04
高压开关厂 ,76,84,68,21,58,24,39,1,2013-01-03
高压开关厂 ,86,92,73,23,40,18,69,1,2013-01-02
高压开关厂 ,90,116,115,30,52,17,139,3,2013-01-01
兴庆小区 ,32,104,117,38,67,85,108,3,2013-04-26
兴庆小区 ,28,93,122,34,46,67,100,3,2013-04-25
兴庆小区 ,34,106,134,45,35,48,144,3,2013-04-24
兴庆小区 ,17,83,106,51,26,26,137,3,2013-04-23
兴庆小区 ,6,82,123,49,2,2,198,4,2013-04-22
兴庆小区 ,18,84,97,42,15,15,162,4,2013-04-21
兴庆小区 ,10,55,65,29,15,18,100,1,2013-04-20
兴庆小区 ,4,48,81,29,17,24,102,3,2013-04-19
兴庆小区 ,24,53,182,34,32,42,158,4,2013-04-18
兴庆小区 ,44,74,151,37,58,29,155,4,2013-04-17
兴庆小区 ,25,65,93,20,39,50,83,1,2013-04-16
兴庆小区 ,38,102,100,26,43,58,87,3,2013-04-15
兴庆小区 ,20,92,96,24,34,44,83,1,2013-04-14
兴庆小区 ,15,102,96,25,38,50,70,3,2013-04-13
兴庆小区 ,18,90,94,25,35,44,72,1,2013-04-12
兴庆小区 ,25,93,104,24,32,40,90,3,2013-04-11
兴庆小区 ,14,74,100,18,27,38,68,1,2013-04-10
兴庆小区 ,12,50,87,14,29,43,55,1,2013-04-09
兴庆小区 ,14,65,153,23,27,40,109,4,2013-04-08
兴庆小区 ,29,79,102,24,31,36,99,3,2013-04-07
兴庆小区 ,14,52,104,17,34,43,83,3,2013-04-06
兴庆小区 ,23,48,114,15,20,27,64,3,2013-04-05
兴庆小区 ,19,90,136,32,22,21,173,4,2013-04-04
兴庆小区 ,45,102,143,35,54,70,172,4,2013-04-03
兴庆小区 ,44,101,135,32,11,15,129,3,2013-04-02
兴庆小区 ,30,106,192,36,39,49,210,6,2013-04-01
兴庆小区 ,30,103,156,31,38,40,231,6,2013-03-31
兴庆小区 ,46,106,171,31,38,50,223,6,2013-03-30
兴庆小区 ,32,98,154,25,25,30,196,4,2013-03-29
兴庆小区 ,38,106,139,31,32,37,124,3,2013-03-28
兴庆小区 ,31,107,126,31,28,33,109,3,2013-03-27
兴庆小区 ,16,82,105,23,36,45,120,3,2013-03-26
兴庆小区 ,32,60,155,16,36,46,119,4,2013-03-24
兴庆小区 ,37,106,174,32,37,40,192,4,2013-03-23
兴庆小区 ,36,102,132,29,28,32,130,3,2013-03-22
兴庆小区 ,28,88,151,31,16,18,170,4,2013-03-21
兴庆小区 ,32,70,153,25,31,43,108,4,2013-03-20
兴庆小区 ,31,102,160,38,26,25,114,4,2013-03-19
兴庆小区 ,31,97,165,47,28,28,85,4,2013-03-18
兴庆小区 ,44,89,137,68,37,47,147,3,2013-03-17
兴庆小区 ,45,93,171,75,16,17,256,6,2013-03-16
兴庆小区 ,40,70,156,70,25,32,210,6,2013-03-15
兴庆小区 ,29,69,133,60,23,33,158,4,2013-03-14
兴庆小区 ,46,82,500,66,14,16,315,7,2013-03-13
兴庆小区 ,52,90,500,62,15,12,274,7,2013-03-12
兴庆小区 ,47,63,120,51,16,21,112,3,2013-03-11
兴庆小区 ,60,117,179,63,38,41,127,4,2013-03-08
兴庆小区 ,57,104,288,61,26,29,162,6,2013-03-06
兴庆小区 ,69,111,345,74,32,41,223,7,2013-03-05
兴庆小区 ,41,98,177,53,33,40,125,4,2013-03-04
兴庆小区 ,50,93,205,57,34,40,130,6,2013-03-03
兴庆小区 ,65,94,168,50,36,43,112,4,2013-03-02
兴庆小区 ,45,59,164,38,22,31,65,4,2013-03-01
兴庆小区 ,72,113,357,88,15,33,326,7,2013-02-28
兴庆小区 ,81,117,349,86,39,48,382,7,2013-02-27
兴庆小区 ,94,130,347,101,21,17,394,7,2013-02-26
兴庆小区 ,88,114,282,73,94,27,365,7,2013-02-25
兴庆小区 ,83,109,282,73,44,51,354,7,2013-02-24
兴庆小区 ,73,103,153,65,42,50,252,6,2013-02-23
兴庆小区 ,54,87,100,46,46,54,133,3,2013-02-22
兴庆小区 ,92,102,113,50,18,16,175,4,2013-02-21
兴庆小区 ,80,75,90,35,9,9,137,3,2013-02-20
兴庆小区 ,58,59,84,30,9,8,122,3,2013-02-19
兴庆小区 ,27,57,95,32,17,17,120,3,2013-02-18
兴庆小区 ,84,94,169,68,20,15,291,6,2013-02-17
兴庆小区 ,69,95,181,70,20,21,345,7,2013-02-16
兴庆小区 ,44,69,84,46,23,28,90,1,2013-02-15
兴庆小区 ,66,79,87,46,16,17,124,3,2013-02-13
兴庆小区 ,62,64,111,52,20,24,175,4,2013-02-12
兴庆小区 ,53,70,306,63,4,4,307,7,2013-02-11
兴庆小区 ,77,94,500,71,18,18,500,7,2013-02-10
兴庆小区 ,102,105,172,64,12,13,303,7,2013-02-09
兴庆小区 ,53,85,91,56,9,7,150,3,2013-02-08
兴庆小区 ,65,87,127,67,6,6,208,6,2013-02-07
兴庆小区 ,84,113,205,96,3,4,325,7,2013-02-06
兴庆小区 ,69,72,97,72,13,13,144,3,2013-02-05
兴庆小区 ,28,18,104,75,2,2,200,4,2013-02-04
兴庆小区 ,53,20,129,70,2,2,250,6,2013-02-03
兴庆小区 ,78,24,297,91,3,3,385,7,2013-02-02
兴庆小区 ,87,26,416,102,3,3,459,7,2013-02-01
兴庆小区 ,84,25,246,87,6,6,370,7,2013-01-31
兴庆小区 ,106,30,438,94,6,6,447,7,2013-01-30
兴庆小区 ,93,28,269,78,10,10,346,7,2013-01-29
兴庆小区 ,102,80,289,81,3,4,321,7,2013-01-28
兴庆小区 ,94,121,170,59,5,6,219,6,2013-01-27
兴庆小区 ,108,113,170,58,8,9,183,4,2013-01-26
兴庆小区 ,72,106,136,56,11,13,137,3,2013-01-25
兴庆小区 ,68,77,87,36,18,23,54,1,2013-01-24
兴庆小区 ,81,131,199,79,4,5,299,6,2013-01-23
兴庆小区 ,68,89,98,44,20,22,124,3,2013-01-22
兴庆小区 ,87,84,79,36,16,18,78,1,2013-01-21
兴庆小区 ,76,111,250,83,4,3,368,7,2013-01-20
兴庆小区 ,113,131,478,103,3,4,458,7,2013-01-19
兴庆小区 ,108,125,325,92,4,4,349,7,2013-01-18
兴庆小区 ,91,105,185,61,6,7,242,6,2013-01-17
兴庆小区 ,100,104,167,50,8,8,193,4,2013-01-16
兴庆小区 ,104,84,160,41,13,14,120,4,2013-01-15
兴庆小区 ,116,139,449,90,4,5,469,7,2013-01-14
兴庆小区 ,107,120,275,69,5,5,337,6,2013-01-13
兴庆小区 ,115,119,216,66,4,5,316,6,2013-01-12
兴庆小区 ,102,114,200,80,13,14,250,6,2013-01-11
兴庆小区 ,116,129,416,84,6,9,389,7,2013-01-10
兴庆小区 ,105,104,176,65,4,5,236,6,2013-01-09
兴庆小区 ,106,125,407,87,6,9,373,7,2013-01-08
兴庆小区 ,108,121,256,101,7,10,389,3,2013-01-07
兴庆小区 ,104,82,185,95,8,11,376,3,2013-01-06
兴庆小区 ,120,70,258,71,7,10,278,6,2013-01-05
兴庆小区 ,107,44,126,41,21,10,156,4,2013-01-04
兴庆小区 ,46,23,63,13,46,21,42,1,2013-01-03
兴庆小区 ,61,27,105,21,34,15,87,3,2013-01-02
兴庆小区 ,62,43,144,33,43,17,103,3,2013-01-01
纺织城 ,34,117,126,41,35,48,133,3,2013-04-26
纺织城 ,20,110,115,65,33,45,102,3,2013-04-25
纺织城 ,3,51,135,37,28,35,113,3,2013-04-24
纺织城 ,3,104,113,22,16,19,93,3,2013-04-23
纺织城 ,6,102,109,28,2,3,119,3,2013-04-22
纺织城 ,11,106,107,50,10,12,95,3,2013-04-21
纺织城 ,33,78,62,30,12,15,58,1,2013-04-20
纺织城 ,8,68,73,27,13,17,83,1,2013-04-19
纺织城 ,31,67,262,25,29,33,160,6,2013-04-18
纺织城 ,49,104,164,36,41,55,135,4,2013-04-17
纺织城 ,31,95,115,23,34,45,92,3,2013-04-16
纺织城 ,45,113,118,35,34,42,89,3,2013-04-15
纺织城 ,33,94,114,38,29,40,79,3,2013-04-14
纺织城 ,23,97,95,32,32,37,67,1,2013-04-13
纺织城 ,21,98,98,36,29,40,73,1,2013-04-12
纺织城 ,46,107,105,37,23,29,84,3,2013-04-11
纺织城 ,22,83,97,23,26,37,69,1,2013-04-10
纺织城 ,16,58,83,18,26,37,58,1,2013-04-09
纺织城 ,20,79,140,24,23,34,118,3,2013-04-08
纺织城 ,40,103,107,41,25,30,104,3,2013-04-07
纺织城 ,19,83,89,23,27,33,82,1,2013-04-06
纺织城 ,13,65,95,22,16,22,88,1,2013-04-05
纺织城 ,30,105,129,36,16,16,129,3,2013-04-04
纺织城 ,53,110,136,40,38,47,140,3,2013-04-03
纺织城 ,56,116,126,39,8,10,133,3,2013-04-02
纺织城 ,25,103,374,41,30,41,144,3,2013-04-01
纺织城 ,40,106,145,43,32,29,176,4,2013-03-31
纺织城 ,57,111,158,42,32,37,179,4,2013-03-30
纺织城 ,48,108,168,40,17,22,179,4,2013-03-29
纺织城 ,60,121,136,42,20,21,120,3,2013-03-28
纺织城 ,49,119,135,43,21,23,117,3,2013-03-27
纺织城 ,59,106,139,36,9,35,143,3,2013-03-25
纺织城 ,47,85,165,27,27,36,142,4,2013-03-24
纺织城 ,53,111,167,43,31,37,186,4,2013-03-23
纺织城 ,48,109,112,34,24,26,110,3,2013-03-22
纺织城 ,48,107,187,33,14,16,172,4,2013-03-21
纺织城 ,43,99,171,24,27,35,143,4,2013-03-20
纺织城 ,42,111,178,35,24,25,159,4,2013-03-19
纺织城 ,36,106,152,53,25,25,124,4,2013-03-18
纺织城 ,40,99,158,67,29,37,138,4,2013-03-17
纺织城 ,51,105,161,66,10,12,198,4,2013-03-16
纺织城 ,58,104,164,60,22,26,192,4,2013-03-15
纺织城 ,53,80,134,54,20,25,162,4,2013-03-14
纺织城 ,59,97,500,58,10,13,396,7,2013-03-13
纺织城 ,55,94,500,49,13,14,362,7,2013-03-12
纺织城 ,66,87,132,41,13,18,124,3,2013-03-11
纺织城 ,31,60,466,30,20,25,190,7,2013-03-10
纺织城 ,27,83,500,36,20,23,426,7,2013-03-09
纺织城 ,52,109,137,42,31,35,118,3,2013-03-08
纺织城 ,38,103,182,47,26,29,165,4,2013-03-07
纺织城 ,59,106,250,52,24,28,195,6,2013-03-06
纺织城 ,64,111,191,52,28,34,203,6,2013-03-05
纺织城 ,53,104,171,43,23,28,153,4,2013-03-04
纺织城 ,47,100,162,44,24,28,152,4,2013-03-03
纺织城 ,67,103,157,40,16,19,137,4,2013-03-02
纺织城 ,47,69,137,21,20,27,90,3,2013-03-01
纺织城 ,67,111,258,53,21,23,254,6,2013-02-28
纺织城 ,76,119,249,60,40,46,307,7,2013-02-27
纺织城 ,88,130,222,70,26,20,298,6,2013-02-26
纺织城 ,65,116,242,56,171,35,320,7,2013-02-25
纺织城 ,58,116,242,56,34,43,306,7,2013-02-24
纺织城 ,40,110,146,49,35,41,227,6,2013-02-23
纺织城 ,32,103,101,40,35,43,144,3,2013-02-22
纺织城 ,42,87,75,37,21,27,118,3,2013-02-20
纺织城 ,13,72,70,32,19,24,114,3,2013-02-19
纺织城 ,12,69,75,35,27,33,118,3,2013-02-18
纺织城 ,64,77,138,67,29,31,252,6,2013-02-17
纺织城 ,67,64,163,78,26,31,295,6,2013-02-16
纺织城 ,9,48,76,52,27,35,77,1,2013-02-15
纺织城 ,43,55,92,57,21,27,134,3,2013-02-14
纺织城 ,39,50,76,53,30,34,100,1,2013-02-13
纺织城 ,44,43,86,57,28,35,155,4,2013-02-12
纺织城 ,8,48,276,68,10,13,276,6,2013-02-11
纺织城 ,7,59,500,74,23,27,496,7,2013-02-10
纺织城 ,6,69,159,65,19,23,298,6,2013-02-09
纺织城 ,8,53,185,51,16,22,144,3,2013-02-08
纺织城 ,41,55,123,65,14,18,186,4,2013-02-07
纺织城 ,41,79,170,88,10,15,312,7,2013-02-06
纺织城 ,34,67,89,73,22,25,137,3,2013-02-05
纺织城 ,10,63,130,73,8,12,175,4,2013-02-04
纺织城 ,26,80,119,88,8,12,268,6,2013-02-03
纺织城 ,49,102,354,98,9,13,375,7,2013-02-02
纺织城 ,52,107,295,101,9,13,413,7,2013-02-01
纺织城 ,44,102,213,86,15,16,333,7,2013-01-31
纺织城 ,68,114,328,89,12,15,414,7,2013-01-30
纺织城 ,61,103,205,73,16,19,324,7,2013-01-29
纺织城 ,40,69,99,51,19,26,93,1,2013-01-25
纺织城 ,42,59,78,32,25,31,57,1,2013-01-24
纺织城 ,64,102,164,65,12,15,254,6,2013-01-23
纺织城 ,42,69,119,46,23,26,173,4,2013-01-22
纺织城 ,47,59,71,38,20,24,79,1,2013-01-21
纺织城 ,48,97,208,89,8,12,333,7,2013-01-20
纺织城 ,70,111,422,105,8,12,420,7,2013-01-19
纺织城 ,72,108,302,97,10,13,307,7,2013-01-18
纺织城 ,54,93,192,68,12,16,219,6,2013-01-17
纺织城 ,51,77,152,46,18,22,139,4,2013-01-16
纺织城 ,61,68,149,39,20,23,85,3,2013-01-15
纺织城 ,74,113,339,90,9,13,382,7,2013-01-14
纺织城 ,65,103,195,78,10,14,294,6,2013-01-13
纺织城 ,77,101,179,67,10,13,228,6,2013-01-12
纺织城 ,64,89,168,64,19,21,228,6,2013-01-11
纺织城 ,81,105,279,76,9,13,332,7,2013-01-10
纺织城 ,61,89,178,69,10,14,250,6,2013-01-09
纺织城 ,66,105,286,79,9,13,326,7,2013-01-08
纺织城 ,75,106,253,79,9,13,316,7,2013-01-07
纺织城 ,73,105,395,92,9,13,372,7,2013-01-06
纺织城 ,91,89,181,65,9,13,251,6,2013-01-05
纺织城 ,93,63,142,25,29,14,148,3,2013-01-04
纺织城 ,44,35,61,45,66,29,70,1,2013-01-03
纺织城 ,67,42,65,5,49,22,82,1,2013-01-02
纺织城 ,72,57,72,11,65,25,100,1,2013-01-01
小寨 ,40,117,151,42,31,41,112,4,2013-04-26
小寨 ,38,125,169,45,31,40,132,4,2013-04-25
小寨 ,31,63,152,46,23,30,125,4,2013-04-24
小寨 ,30,80,132,77,24,28,142,3,2013-04-23
小寨 ,28,52,142,84,9,11,173,4,2013-04-22
小寨 ,44,55,113,76,18,23,138,3,2013-04-21
小寨 ,28,40,81,76,13,18,89,1,2013-04-20
小寨 ,18,37,112,74,16,22,87,3,2013-04-19
小寨 ,36,45,198,71,26,36,144,4,2013-04-18
小寨 ,48,78,149,84,40,54,107,3,2013-04-17
小寨 ,21,44,87,59,33,46,49,1,2013-04-16
小寨 ,25,99,104,76,38,56,68,3,2013-04-15
小寨 ,25,84,91,68,32,43,50,1,2013-04-14
小寨 ,25,99,97,74,29,39,62,1,2013-04-13
小寨 ,32,94,96,75,30,41,63,1,2013-04-12
小寨 ,22,64,90,71,25,36,59,1,2013-04-10
小寨 ,19,45,87,81,25,36,39,1,2013-04-09
小寨 ,22,70,130,96,22,32,72,3,2013-04-08
小寨 ,43,89,114,101,27,34,85,3,2013-04-07
小寨 ,25,62,91,83,25,35,55,1,2013-04-06
小寨 ,15,35,103,84,20,28,54,3,2013-04-05
小寨 ,36,79,161,101,15,20,172,4,2013-04-04
小寨 ,53,98,152,101,34,42,148,4,2013-04-03
小寨 ,62,94,139,96,11,14,114,3,2013-04-02
小寨 ,37,103,192,102,34,42,215,6,2013-04-01
小寨 ,52,82,187,98,29,29,222,6,2013-03-31
小寨 ,54,95,195,101,29,39,204,6,2013-03-30
小寨 ,53,85,172,93,20,27,165,4,2013-03-29
小寨 ,52,103,133,102,30,36,104,3,2013-03-28
小寨 ,46,107,124,102,22,30,99,3,2013-03-27
小寨 ,23,69,118,83,30,40,112,3,2013-03-26
小寨 ,59,84,142,84,11,38,128,3,2013-03-25
小寨 ,50,63,153,76,25,33,102,4,2013-03-24
小寨 ,47,102,181,101,32,38,170,4,2013-03-23
小寨 ,49,102,143,98,22,27,139,3,2013-03-22
小寨 ,50,82,166,86,16,22,143,4,2013-03-21
小寨 ,43,74,135,79,23,32,78,3,2013-03-20
小寨 ,37,104,166,103,25,28,110,4,2013-03-19
小寨 ,40,102,138,100,27,30,83,3,2013-03-18
小寨 ,51,69,141,90,32,44,143,3,2013-03-17
小寨 ,62,94,219,100,10,14,256,6,2013-03-16
小寨 ,86,95,190,89,15,19,219,6,2013-03-15
小寨 ,67,58,174,71,17,21,147,4,2013-03-14
小寨 ,77,73,500,91,11,15,253,7,2013-03-13
小寨 ,52,60,500,78,14,18,190,7,2013-03-12
小寨 ,74,63,143,61,12,14,93,3,2013-03-11
小寨 ,34,47,340,39,22,26,92,7,2013-03-10
小寨 ,35,92,500,66,18,25,196,7,2013-03-09
小寨 ,62,113,152,87,36,39,108,4,2013-03-08
小寨 ,68,113,199,68,25,27,127,4,2013-03-07
小寨 ,52,82,191,35,26,34,127,4,2013-03-06
小寨 ,97,111,209,52,22,24,193,6,2013-03-05
小寨 ,87,101,161,44,23,24,108,4,2013-03-04
小寨 ,46,70,162,45,26,34,95,4,2013-03-03
小寨 ,69,64,148,18,21,27,78,3,2013-03-02
小寨 ,58,55,163,30,18,25,54,4,2013-03-01
小寨 ,58,55,280,59,19,23,251,6,2013-02-28
小寨 ,95,64,358,103,21,30,349,7,2013-02-27
小寨 ,102,68,369,104,24,21,368,7,2013-02-26
小寨 ,102,53,305,62,9,11,347,7,2013-02-25
小寨 ,83,53,178,59,24,28,247,6,2013-02-23
小寨 ,68,43,111,49,28,32,130,3,2013-02-22
小寨 ,59,34,119,28,31,38,158,4,2013-02-21
小寨 ,59,25,93,42,17,22,117,3,2013-02-20
小寨 ,52,25,88,11,11,13,109,3,2013-02-19
小寨 ,35,27,103,22,22,24,110,3,2013-02-18
小寨 ,77,37,177,74,18,22,247,6,2013-02-17
小寨 ,79,39,192,103,21,28,284,6,2013-02-16
小寨 ,63,29,80,78,23,29,78,1,2013-02-15
小寨 ,65,29,101,83,20,25,128,3,2013-02-14
小寨 ,61,24,108,80,20,27,137,3,2013-02-12
小寨 ,71,25,188,88,10,11,275,6,2013-02-11
小寨 ,99,33,500,100,24,27,500,7,2013-02-10
小寨 ,104,38,173,90,18,20,283,6,2013-02-09
小寨 ,76,37,107,87,10,13,163,4,2013-02-08
小寨 ,94,38,134,91,10,12,195,4,2013-02-07
小寨 ,99,53,203,103,9,11,309,7,2013-02-06
小寨 ,78,43,101,97,19,21,138,3,2013-02-05
小寨 ,45,43,119,102,5,7,170,4,2013-02-04
小寨 ,37,50,185,103,5,7,251,6,2013-02-03
小寨 ,75,80,410,107,5,7,359,7,2013-02-02
小寨 ,72,93,451,108,6,8,413,7,2013-02-01
小寨 ,71,65,370,101,11,12,312,7,2013-01-31
小寨 ,105,87,500,102,7,10,389,7,2013-01-30
小寨 ,104,93,332,105,10,12,331,7,2013-01-29
小寨 ,104,74,205,103,10,11,261,6,2013-01-28
小寨 ,103,83,194,103,8,9,223,6,2013-01-27
小寨 ,70,60,129,95,16,19,135,3,2013-01-26
小寨 ,61,50,118,91,18,20,124,3,2013-01-25
小寨 ,49,30,84,59,24,32,49,1,2013-01-24
小寨 ,85,64,178,98,15,18,229,6,2013-01-23
小寨 ,99,63,124,87,13,14,147,3,2013-01-22
小寨 ,61,34,87,63,19,24,74,1,2013-01-21
小寨 ,97,55,292,102,11,12,271,6,2013-01-20
小寨 ,116,101,500,113,10,12,402,7,2013-01-19
小寨 ,123,79,328,106,8,10,273,7,2013-01-18
小寨 ,115,70,199,102,8,9,204,6,2013-01-17
小寨 ,101,63,178,92,15,16,153,4,2013-01-16
小寨 ,70,44,141,42,20,22,83,3,2013-01-15
小寨 ,114,97,484,99,11,15,386,7,2013-01-14
小寨 ,90,69,180,66,28,25,212,6,2013-01-11
小寨 ,101,88,290,81,4,5,288,6,2013-01-10
小寨 ,102,85,300,81,28,33,282,6,2013-01-09
小寨 ,111,101,434,100,4,5,358,7,2013-01-08
小寨 ,110,102,344,112,7,7,309,7,2013-01-07
小寨 ,107,77,293,112,3,4,288,6,2013-01-06
小寨 ,121,78,184,109,3,4,228,6,2013-01-05
小寨 ,122,52,124,102,12,5,149,3,2013-01-04
小寨 ,85,33,69,77,50,19,42,1,2013-01-03
小寨 ,88,35,103,84,33,11,77,3,2013-01-02
小寨 ,97,64,148,104,47,12,127,3,2013-01-01
市人民体育场 ,24,27,168,35,72,92,124,4,2013-04-26
市人民体育场 ,25,94,170,38,49,76,114,4,2013-04-25
市人民体育场 ,15,55,160,46,15,43,166,4,2013-04-24
市人民体育场 ,32,34,85,45,16,23,119,3,2013-04-19
市人民体育场 ,50,52,150,65,27,35,195,4,2013-04-18
市人民体育场 ,9,72,243,79,65,86,142,6,2013-04-17
市人民体育场 ,9,60,86,66,42,53,69,1,2013-04-16
市人民体育场 ,13,87,56,94,45,64,82,1,2013-04-15
市人民体育场 ,15,77,285,23,37,49,67,1,2013-04-14
市人民体育场 ,16,80,289,25,39,46,74,1,2013-04-13
市人民体育场 ,19,80,114,104,37,45,75,3,2013-04-12
市人民体育场 ,28,80,130,104,34,40,88,3,2013-04-11
市人民体育场 ,24,59,117,101,28,42,73,3,2013-04-10
市人民体育场 ,22,43,96,91,30,43,55,1,2013-04-09
市人民体育场 ,20,54,193,101,26,38,107,4,2013-04-08
市人民体育场 ,24,69,145,101,30,35,105,3,2013-04-07
市人民体育场 ,22,59,114,91,33,37,85,3,2013-04-06
市人民体育场 ,21,38,130,83,20,29,70,3,2013-04-05
市人民体育场 ,23,62,139,97,21,20,168,4,2013-04-04
市人民体育场 ,25,82,114,101,49,64,168,4,2013-04-03
市人民体育场 ,26,80,164,97,12,14,128,4,2013-04-02
市人民体育场 ,24,101,199,103,41,46,245,6,2013-04-01
市人民体育场 ,24,78,176,97,39,41,235,6,2013-03-31
市人民体育场 ,24,101,226,96,39,46,220,6,2013-03-30
市人民体育场 ,24,78,199,89,22,29,188,4,2013-03-29
市人民体育场 ,26,103,194,103,37,36,137,4,2013-03-28
市人民体育场 ,27,101,158,103,28,31,110,4,2013-03-27
市人民体育场 ,26,72,98,83,35,41,144,3,2013-03-26
市人民体育场 ,29,73,77,73,11,27,129,3,2013-03-25
市人民体育场 ,26,52,260,64,32,43,115,6,2013-03-24
市人民体育场 ,26,89,208,79,42,47,204,6,2013-03-23
市人民体育场 ,28,105,174,91,27,28,178,4,2013-03-22
市人民体育场 ,29,92,185,81,15,18,173,4,2013-03-21
市人民体育场 ,28,77,226,73,27,35,109,6,2013-03-20
市人民体育场 ,35,107,236,105,25,23,142,6,2013-03-19
市人民体育场 ,34,101,188,97,29,31,93,4,2013-03-18
市人民体育场 ,34,73,148,80,37,48,170,4,2013-03-17
市人民体育场 ,38,92,198,81,11,15,273,6,2013-03-16
市人民体育场 ,41,82,171,74,27,31,213,6,2013-03-15
市人民体育场 ,51,60,155,63,20,25,163,4,2013-03-14
市人民体育场 ,52,82,500,76,11,14,316,7,2013-03-13
市人民体育场 ,52,79,500,71,16,18,265,7,2013-03-12
市人民体育场 ,54,65,148,52,16,20,109,3,2013-03-11
市人民体育场 ,52,47,500,42,26,34,110,7,2013-03-10
市人民体育场 ,47,94,358,77,20,25,306,7,2013-03-09
市人民体育场 ,61,122,101,97,37,39,144,3,2013-03-08
市人民体育场 ,55,111,292,94,30,33,170,6,2013-03-07
市人民体育场 ,55,101,339,70,29,37,166,7,2013-03-06
市人民体育场 ,59,115,304,88,31,38,227,7,2013-03-05
市人民体育场 ,59,101,199,62,31,35,133,4,2013-03-04
市人民体育场 ,56,89,193,57,30,36,125,4,2013-03-03
市人民体育场 ,75,85,192,48,24,27,100,4,2013-03-02
市人民体育场 ,66,123,597,79,40,40,414,7,2013-02-27
市人民体育场 ,90,131,406,103,80,27,428,7,2013-02-26
市人民体育场 ,76,122,305,93,6,8,338,7,2013-02-25
市人民体育场 ,66,128,305,93,7,9,355,7,2013-02-25
市人民体育场 ,29,117,163,80,8,11,245,6,2013-02-23
市人民体育场 ,29,120,125,80,9,12,153,4,2013-02-22
市人民体育场 ,52,89,97,42,8,12,130,3,2013-02-20
市人民体育场 ,94,78,212,67,17,19,299,6,2013-02-17
市人民体育场 ,65,38,198,96,33,39,302,4,2013-02-16
市人民体育场 ,66,54,83,103,48,80,173,3,2013-02-15
市人民体育场 ,59,62,106,103,27,39,173,4,2013-02-14
市人民体育场 ,68,54,88,101,32,43,246,3,2013-02-13
市人民体育场 ,64,33,101,101,38,51,249,3,2013-02-12
市人民体育场 ,6,19,144,103,28,42,307,7,2013-02-11
市人民体育场 ,12,25,429,105,29,37,500,7,2013-02-10
市人民体育场 ,17,23,140,102,21,31,322,7,2013-02-09
市人民体育场 ,55,20,19,93,24,32,176,4,2013-02-08
市人民体育场 ,10,19,114,101,26,34,219,6,2013-02-07
市人民体育场 ,52,27,19,109,10,11,323,7,2013-02-06
市人民体育场 ,6,15,19,110,12,14,144,3,2013-02-05
市人民体育场 ,80,122,165,104,42,51,219,6,2013-02-04
市人民体育场 ,71,74,118,104,40,46,227,6,2013-02-03
市人民体育场 ,92,94,199,109,41,49,375,7,2013-02-02
市人民体育场 ,90,104,379,109,23,28,442,7,2013-02-01
市人民体育场 ,82,88,262,103,43,46,341,7,2013-01-31
市人民体育场 ,85,108,364,107,50,55,341,7,2013-01-30
市人民体育场 ,96,109,199,108,68,80,327,7,2013-01-29
市人民体育场 ,84,106,185,103,35,43,304,7,2013-01-28
市人民体育场 ,66,102,146,89,45,56,219,6,2013-01-27
市人民体育场 ,70,87,118,80,82,85,190,4,2013-01-26
市人民体育场 ,55,81,110,85,114,100,156,4,2013-01-25
市人民体育场 ,51,49,81,47,94,98,54,1,2013-01-24
市人民体育场 ,67,104,250,102,29,32,294,6,2013-01-23
市人民体育场 ,54,77,142,69,70,90,34,3,2013-01-22
市人民体育场 ,62,49,91,43,60,78,80,1,2013-01-21
市人民体育场 ,67,84,302,87,33,41,307,7,2013-01-20
市人民体育场 ,91,109,479,106,18,24,415,7,2013-01-19
市人民体育场 ,83,107,373,101,32,36,310,7,2013-01-18
市人民体育场 ,69,80,194,60,49,75,206,6,2013-01-17
市人民体育场 ,67,103,253,77,42,45,200,6,2013-01-16
市人民体育场 ,72,68,166,40,70,65,78,4,2013-01-15
市人民体育场 ,90,127,481,106,30,31,438,7,2013-01-14
市人民体育场 ,84,116,270,102,30,37,319,7,2013-01-13
市人民体育场 ,100,107,215,70,21,30,269,6,2013-01-12
市人民体育场 ,83,131,190,87,45,53,236,6,2013-01-11
市人民体育场 ,101,128,302,69,19,23,325,7,2013-01-10
市人民体育场 ,74,90,164,34,32,43,202,6,2013-01-09
市人民体育场 ,81,124,354,84,19,23,365,7,2013-01-08
市人民体育场 ,86,169,393,90,20,22,393,7,2013-01-07
市人民体育场 ,90,199,410,106,12,13,416,7,2013-01-06
市人民体育场 ,113,161,169,108,14,20,271,6,2013-01-05
市人民体育场 ,85,59,104,94,68,30,147,3,2013-01-04
市人民体育场 ,50,15,63,62,71,32,69,1,2013-01-03
市人民体育场 ,61,37,96,70,52,25,63,1,2013-01-02
市人民体育场 ,72,131,138,104,58,23,147,3,2013-01-01
高新西区 ,31,125,196,65,50,73,193,4,2013-04-26
高新西区 ,38,125,222,62,44,61,190,6,2013-04-25
高新西区 ,36,113,156,65,35,44,149,4,2013-04-24
高新西区 ,28,98,141,72,27,33,178,4,2013-04-23
高新西区 ,44,94,109,68,22,28,175,4,2013-04-21
高新西区 ,35,83,349,42,29,39,172,7,2013-04-18
高新西区 ,46,106,162,78,59,79,127,4,2013-04-17
高新西区 ,34,62,97,46,38,55,60,1,2013-04-16
高新西区 ,31,97,108,62,42,64,77,3,2013-04-15
高新西区 ,25,83,88,51,37,54,55,1,2013-04-14
高新西区 ,36,100,106,60,32,45,79,3,2013-04-13
高新西区 ,28,103,114,61,33,44,90,3,2013-04-12
高新西区 ,36,100,112,62,33,46,87,3,2013-04-11
高新西区 ,32,88,105,53,29,41,73,3,2013-04-10
高新西区 ,22,70,96,40,30,43,48,1,2013-04-09
高新西区 ,30,84,166,47,27,38,95,4,2013-04-08
高新西区 ,43,102,124,66,30,41,109,3,2013-04-07
高新西区 ,37,87,100,53,30,38,70,1,2013-04-06
高新西区 ,18,47,112,28,22,33,55,3,2013-04-05
高新西区 ,38,101,154,76,19,24,200,4,2013-04-04
高新西区 ,53,109,138,86,43,59,162,4,2013-04-03
高新西区 ,57,106,138,65,15,19,120,3,2013-04-02
高新西区 ,44,111,262,87,37,54,253,6,2013-04-01
高新西区 ,51,103,165,94,32,34,253,6,2013-03-31
高新西区 ,60,110,194,30,32,45,243,6,2013-03-30
高新西区 ,57,55,172,29,25,32,228,6,2013-03-29
高新西区 ,53,75,146,37,31,40,122,3,2013-03-28
高新西区 ,41,105,151,37,29,37,130,4,2013-03-27
高新西区 ,31,87,109,26,33,44,133,3,2013-03-26
高新西区 ,55,104,133,28,9,33,140,3,2013-03-25
高新西区 ,43,78,176,23,30,41,109,4,2013-03-24
高新西区 ,52,110,198,41,38,45,205,6,2013-03-23
高新西区 ,52,112,150,40,27,32,183,4,2013-03-22
高新西区 ,49,104,159,72,20,25,168,4,2013-03-21
高新西区 ,42,92,149,30,28,38,93,3,2013-03-20
高新西区 ,47,105,176,51,28,31,143,4,2013-03-19
高新西区 ,40,103,150,41,31,38,85,3,2013-03-18
高新西区 ,47,89,149,74,39,57,159,4,2013-03-17
高新西区 ,62,112,193,96,12,15,280,6,2013-03-16
高新西区 ,80,113,176,53,19,23,248,6,2013-03-15
高新西区 ,59,89,136,45,20,21,162,4,2013-03-14
高新西区 ,70,102,500,61,14,16,326,7,2013-03-13
高新西区 ,47,89,500,39,18,20,248,7,2013-03-12
高新西区 ,71,95,124,40,13,13,113,3,2013-03-11
高新西区 ,49,70,454,31,18,24,110,7,2013-03-10
高新西区 ,29,94,500,27,25,34,279,7,2013-03-09
高新西区 ,53,114,159,38,50,69,135,4,2013-03-08
高新西区 ,61,109,200,34,39,46,155,4,2013-03-07
高新西区 ,43,95,206,38,36,48,150,6,2013-03-06
高新西区 ,81,123,195,61,29,37,222,6,2013-03-05
高新西区 ,68,112,194,69,34,41,176,4,2013-03-04
高新西区 ,38,93,158,63,39,55,115,4,2013-03-03
高新西区 ,58,93,152,64,31,42,95,4,2013-03-02
高新西区 ,55,84,164,58,26,35,70,4,2013-03-01
高新西区 ,54,108,344,71,24,37,284,7,2013-02-28
高新西区 ,97,130,364,87,35,48,400,7,2013-02-27
高新西区 ,99,121,302,71,35,40,398,7,2013-02-26
高新西区 ,93,117,293,48,18,21,383,7,2013-02-25
高新西区 ,89,119,293,48,40,50,384,7,2013-02-24
高新西区 ,82,117,171,49,38,45,287,6,2013-02-23
高新西区 ,70,110,119,35,40,50,175,4,2013-02-22
高新西区 ,52,101,116,28,43,61,190,4,2013-02-21
高新西区 ,53,73,89,20,26,36,135,3,2013-02-20
高新西区 ,51,68,85,18,20,25,134,3,2013-02-19
高新西区 ,63,79,90,66,30,34,112,3,2013-02-18
高新西区 ,77,95,177,73,21,26,278,6,2013-02-17
高新西区 ,70,69,189,103,31,42,321,7,2013-02-16
高新西区 ,56,57,96,85,35,45,107,3,2013-02-15
高新西区 ,56,59,105,71,29,38,149,3,2013-02-14
高新西区 ,113,75,119,71,19,23,175,4,2013-02-13
高新西区 ,52,42,110,62,30,41,149,3,2013-02-12
高新西区 ,55,45,160,59,13,18,303,7,2013-02-11
高新西区 ,71,58,500,68,41,47,500,7,2013-02-10
高新西区 ,77,59,197,96,29,38,324,7,2013-02-09
高新西区 ,71,72,111,18,15,18,198,4,2013-02-08
高新西区 ,79,74,130,52,15,19,206,6,2013-02-07
高新西区 ,80,88,209,77,16,20,343,7,2013-02-06
高新西区 ,76,77,100,55,30,37,149,3,2013-02-05
高新西区 ,76,77,110,62,8,12,203,6,2013-02-04
高新西区 ,61,89,155,71,9,13,284,6,2013-02-03
高新西区 ,79,110,306,86,9,13,403,7,2013-02-02
高新西区 ,86,118,402,101,10,14,444,7,2013-02-01
高新西区 ,82,108,226,79,16,18,339,7,2013-01-31
高新西区 ,107,118,328,82,15,19,408,7,2013-01-30
高新西区 ,92,117,309,105,17,20,374,7,2013-01-29
高新西区 ,108,107,181,106,17,20,284,6,2013-01-28
高新西区 ,107,113,256,108,12,16,301,7,2013-01-27
高新西区 ,66,85,118,81,27,34,144,3,2013-01-26
高新西区 ,54,77,139,71,27,31,185,4,2013-01-25
高新西区 ,34,48,81,33,34,48,54,1,2013-01-24
高新西区 ,61,96,157,73,30,35,263,6,2013-01-23
高新西区 ,102,102,142,90,22,23,204,6,2013-01-22
高新西区 ,90,84,209,102,18,21,310,7,2013-01-20
高新西区 ,113,118,500,112,8,11,463,7,2013-01-19
高新西区 ,112,113,286,102,10,12,316,7,2013-01-18
高新西区 ,107,104,180,89,13,15,231,6,2013-01-17
高新西区 ,87,104,230,110,20,17,251,6,2013-01-16
高新西区 ,51,59,145,51,27,35,92,3,2013-01-15
高新西区 ,52,83,467,103,15,13,462,7,2013-01-14
高新西区 ,62,87,463,110,10,13,430,7,2013-01-13
高新西区 ,62,80,369,105,9,13,360,7,2013-01-12
高新西区 ,42,58,175,86,30,33,248,6,2013-01-11
高新西区 ,62,74,286,114,9,14,326,7,2013-01-09
高新西区 ,61,78,378,114,10,14,407,7,2013-01-08
高新西区 ,56,72,295,111,11,15,353,7,2013-01-07
高新西区 ,55,60,292,107,10,14,371,7,2013-01-06
高新西区 ,61,52,169,103,11,15,258,6,2013-01-05
高新西区 ,75,35,124,87,39,16,183,4,2013-01-04
高新西区 ,24,18,57,53,71,30,40,1,2013-01-03
高新西区 ,33,25,98,60,51,23,84,1,2013-01-02
高新西区 ,38,39,141,83,65,25,156,4,2013-01-01
经开区 ,54,80,106,43,45,68,78,3,2013-04-26
经开区 ,48,92,145,42,39,55,90,3,2013-04-25
经开区 ,47,106,96,56,38,45,138,3,2013-04-24
经开区 ,23,104,260,63,25,29,147,3,2013-04-24
经开区 ,31,65,93,76,5,5,189,4,2013-04-22
经开区 ,43,55,87,88,13,17,137,3,2013-04-21
经开区 ,39,47,67,72,18,24,93,1,2013-04-19
经开区 ,51,58,317,67,28,38,163,7,2013-04-18
经开区 ,61,63,105,55,33,42,74,3,2013-04-16
经开区 ,66,87,129,64,34,46,103,3,2013-04-15
经开区 ,67,88,99,59,31,44,73,1,2013-04-14
经开区 ,53,102,105,69,40,55,83,3,2013-04-13
经开区 ,45,82,60,77,28,36,108,3,2013-04-12
经开区 ,55,88,121,67,27,36,94,3,2013-04-11
经开区 ,44,70,107,66,24,34,77,3,2013-04-10
经开区 ,38,45,90,67,29,40,53,1,2013-04-09
经开区 ,63,83,106,47,25,35,64,3,2013-04-05
经开区 ,73,102,116,47,28,36,107,3,2013-04-04
经开区 ,91,123,128,47,49,71,122,3,2013-04-03
经开区 ,90,103,136,47,21,31,93,3,2013-04-02
经开区 ,76,115,180,50,40,49,190,4,2013-04-01
经开区 ,65,97,145,46,40,45,153,4,2013-03-31
经开区 ,78,120,148,37,40,55,145,3,2013-03-30
经开区 ,82,104,168,37,30,39,132,4,2013-03-29
经开区 ,74,108,216,72,33,40,149,6,2013-03-28
经开区 ,66,105,174,69,38,41,122,4,2013-03-27
经开区 ,62,108,99,56,33,43,110,3,2013-03-26
经开区 ,65,118,177,85,33,34,180,4,2013-03-22
经开区 ,66,105,131,71,22,32,120,3,2013-03-21
经开区 ,69,110,182,66,34,47,98,4,2013-03-20
经开区 ,63,90,302,62,24,29,209,7,2013-03-19
经开区 ,53,117,169,63,34,39,89,4,2013-03-18
经开区 ,17,48,106,46,25,33,129,3,2013-03-14
经开区 ,47,74,500,51,19,24,278,7,2013-03-13
经开区 ,43,83,500,44,19,21,249,7,2013-03-12
经开区 ,13,54,103,36,22,29,90,3,2013-03-11
经开区 ,15,38,411,28,24,33,112,7,2013-03-10
经开区 ,53,83,500,30,25,32,289,7,2013-03-09
经开区 ,61,121,178,83,45,61,142,4,2013-03-08
经开区 ,62,97,272,63,30,35,178,6,2013-03-07
经开区 ,32,69,195,34,32,45,150,4,2013-03-06
经开区 ,44,101,226,46,32,42,211,6,2013-03-05
经开区 ,31,66,188,36,31,38,144,4,2013-03-04
经开区 ,27,60,164,29,32,41,123,4,2013-03-03
经开区 ,22,57,157,25,25,32,100,4,2013-03-02
经开区 ,15,29,139,13,23,35,55,3,2013-03-01
经开区 ,28,70,213,41,24,32,244,6,2013-02-28
经开区 ,31,105,200,50,40,41,317,7,2013-02-27
经开区 ,31,45,265,63,22,22,386,7,2013-02-26
经开区 ,35,75,173,46,20,20,290,6,2013-02-25
经开区 ,58,78,173,46,42,45,314,7,2013-02-25
经开区 ,45,75,131,36,35,44,223,6,2013-02-23
经开区 ,49,83,111,37,37,41,178,4,2013-02-22
经开区 ,37,68,107,30,27,35,182,4,2013-02-21
经开区 ,53,52,78,19,15,21,128,3,2013-02-20
经开区 ,29,52,72,17,20,26,119,3,2013-02-19
经开区 ,22,23,66,17,25,32,102,3,2013-02-18
经开区 ,39,60,131,101,24,23,280,6,2013-02-17
经开区 ,39,43,129,103,31,41,293,6,2013-02-16
经开区 ,35,40,75,85,30,39,74,1,2013-02-15
经开区 ,39,42,96,98,19,21,159,4,2013-02-14
经开区 ,37,37,69,86,27,33,92,1,2013-02-13
经开区 ,38,38,194,48,28,35,182,4,2013-02-12
经开区 ,66,75,28,90,11,15,144,3,2013-02-08
经开区 ,48,73,28,102,14,17,193,4,2013-02-07
经开区 ,49,95,148,105,10,13,289,6,2013-02-06
经开区 ,49,85,88,103,18,21,152,4,2013-02-05
经开区 ,20,70,28,104,7,10,156,4,2013-02-04
经开区 ,14,59,63,102,7,10,163,4,2013-02-03
经开区 ,17,68,187,109,8,11,360,7,2013-02-02
经开区 ,25,73,332,107,10,12,410,7,2013-02-01
经开区 ,35,57,392,102,9,12,474,7,2013-01-31
经开区 ,64,72,338,105,9,11,379,7,2013-01-30
经开区 ,67,47,179,101,14,16,304,7,2013-01-29
经开区 ,87,50,172,101,8,11,401,7,2013-01-28
经开区 ,66,45,28,75,10,14,207,6,2013-01-27
经开区 ,68,45,132,77,15,15,242,6,2013-01-26
经开区 ,104,33,122,68,19,20,196,4,2013-01-26
经开区 ,45,21,71,51,27,40,69,1,2013-01-24
经开区 ,62,51,188,91,11,13,367,7,2013-01-23
经开区 ,55,31,115,67,20,22,225,6,2013-01-22
经开区 ,54,45,78,54,20,26,110,3,2013-01-21
经开区 ,36,67,283,101,8,10,386,7,2013-01-20
经开区 ,41,70,226,104,7,10,339,6,2013-01-19
经开区 ,64,72,174,98,9,12,293,6,2013-01-18
经开区 ,61,62,116,62,13,17,188,4,2013-01-17
经开区 ,71,53,145,63,13,15,213,6,2013-01-16
经开区 ,53,54,130,35,21,23,127,3,2013-01-15
经开区 ,77,77,479,92,8,11,462,7,2013-01-14
经开区 ,87,59,479,77,9,12,403,7,2013-01-13
经开区 ,92,64,300,55,13,15,309,7,2013-01-12
经开区 ,65,57,252,51,21,22,272,6,2013-01-11
经开区 ,82,64,449,67,10,14,389,7,2013-01-10
经开区 ,48,54,137,37,13,17,211,6,2013-01-09
经开区 ,62,60,344,79,10,15,444,7,2013-01-08
经开区 ,83,69,333,70,10,14,440,7,2013-01-07
经开区 ,63,57,380,74,10,14,466,7,2013-01-06
经开区 ,87,101,182,68,9,14,312,7,2013-01-05
经开区 ,61,85,95,69,17,5,150,3,2013-01-04
经开区 ,22,44,48,48,40,18,48,0,2013-01-03
经开区 ,32,54,74,53,31,13,74,1,2013-01-02
经开区 ,47,113,151,77,38,12,218,6,2013-01-01
长安区 ,40,59,124,58,50,57,99,3,2013-04-26
长安区 ,43,50,150,49,65,70,127,3,2013-04-25
长安区 ,32,55,127,71,37,44,112,3,2013-04-24
长安区 ,14,37,79,87,29,37,88,1,2013-04-23
长安区 ,12,37,95,87,11,11,143,3,2013-04-22
长安区 ,37,39,83,81,31,40,144,3,2013-04-21
长安区 ,13,40,72,71,10,12,112,3,2013-04-20
长安区 ,10,34,77,67,28,27,90,1,2013-04-19
长安区 ,35,38,178,66,30,40,118,4,2013-04-18
长安区 ,40,54,109,79,62,73,98,3,2013-04-17
长安区 ,24,32,13,69,42,67,64,1,2013-04-16
长安区 ,20,35,15,68,46,81,57,1,2013-04-15
长安区 ,25,37,13,58,36,52,60,1,2013-04-13
长安区 ,29,34,13,51,37,20,63,1,2013-04-12
长安区 ,27,35,87,46,43,63,63,1,2013-04-11
长安区 ,15,33,104,30,34,49,65,3,2013-04-10
长安区 ,10,25,100,20,31,45,43,1,2013-04-09
长安区 ,14,34,116,106,27,38,50,3,2013-04-08
长安区 ,23,37,105,104,33,42,85,3,2013-04-07
长安区 ,40,34,93,101,29,39,67,3,2013-04-06
长安区 ,6,20,104,92,24,35,50,3,2013-04-05
长安区 ,15,35,137,102,16,20,160,4,2013-04-04
长安区 ,50,49,151,110,39,46,173,4,2013-04-03
长安区 ,52,47,148,113,15,17,110,3,2013-04-02
长安区 ,28,42,166,113,38,51,218,6,2013-04-01
长安区 ,46,53,191,111,36,30,250,6,2013-03-31
长安区 ,43,47,172,109,36,52,203,6,2013-03-30
长安区 ,40,48,191,107,24,30,201,6,2013-03-29
长安区 ,33,39,124,104,35,47,87,3,2013-03-28
长安区 ,43,42,117,103,29,34,88,3,2013-03-27
长安区 ,16,34,104,102,33,45,122,3,2013-03-26
长安区 ,30,45,141,103,11,22,153,4,2013-03-25
长安区 ,42,44,176,102,25,33,113,4,2013-03-24
长安区 ,39,47,168,105,37,43,176,4,2013-03-23
长安区 ,33,44,187,48,32,26,172,4,2013-03-21
长安区 ,35,43,175,47,24,32,97,4,2013-03-20
长安区 ,31,45,174,31,30,20,103,4,2013-03-19
长安区 ,25,42,159,30,31,39,83,4,2013-03-18
长安区 ,38,38,136,20,34,50,143,3,2013-03-17
长安区 ,39,54,176,43,4,3,286,6,2013-03-16
长安区 ,56,50,187,46,21,27,256,6,2013-03-15
长安区 ,69,44,149,55,12,14,175,4,2013-03-14
长安区 ,69,49,500,17,9,9,287,7,2013-03-13
长安区 ,47,34,500,17,20,26,233,7,2013-03-12
长安区 ,72,39,139,39,10,12,107,3,2013-03-11
长安区 ,56,35,474,-9,18,22,98,7,2013-03-10
长安区 ,25,32,500,14,34,30,232,7,2013-03-09
长安区 ,45,40,124,35,15,18,98,3,2013-03-08
长安区 ,51,45,189,38,16,19,132,4,2013-03-07
长安区 ,52,34,197,46,46,69,129,4,2013-03-06
长安区 ,81,64,185,100,95,122,213,6,2013-03-05
长安区 ,68,54,169,64,48,77,138,4,2013-03-04
长安区 ,28,35,150,36,33,45,107,3,2013-03-03
长安区 ,52,38,153,36,24,31,97,4,2013-03-02
长安区 ,33,29,162,24,23,34,80,4,2013-03-01
长安区 ,38,33,243,123,20,25,262,6,2013-02-28
长安区 ,67,34,215,127,45,50,341,7,2013-02-27
长安区 ,59,34,185,114,38,48,345,7,2013-02-26
长安区 ,47,44,172,102,15,19,339,7,2013-02-25
长安区 ,62,59,172,102,32,38,311,7,2013-02-24
长安区 ,62,57,152,56,35,40,254,6,2013-02-23
长安区 ,53,53,92,42,29,40,119,3,2013-02-22
长安区 ,34,45,93,48,42,63,144,3,2013-02-21
长安区 ,32,37,75,42,25,35,123,3,2013-02-20
长安区 ,33,32,73,48,17,22,120,3,2013-02-19
长安区 ,36,30,74,49,29,37,124,3,2013-02-18
长安区 ,64,34,118,77,29,38,255,6,2013-02-17
长安区 ,62,37,143,87,37,50,284,6,2013-02-16
长安区 ,65,32,13,56,35,44,92,1,2013-02-15
长安区 ,69,29,46,49,36,46,124,3,2013-02-14
长安区 ,79,32,84,49,26,38,140,3,2013-02-13
长安区 ,62,29,62,50,31,45,134,3,2013-02-12
长安区 ,19,29,288,60,16,21,294,6,2013-02-11
长安区 ,37,30,553,70,43,51,472,7,2013-02-10
长安区 ,45,30,332,60,35,44,318,7,2013-02-09
长安区 ,27,33,181,57,28,33,198,4,2013-02-08
长安区 ,20,34,135,66,14,19,208,6,2013-02-07
长安区 ,22,25,145,87,15,19,312,7,2013-02-06
长安区 ,61,13,13,75,2,3,142,3,2013-02-05
长安区 ,17,28,13,85,14,20,182,4,2013-02-04
长安区 ,16,44,137,90,12,16,265,6,2013-02-03
长安区 ,25,53,219,101,6,8,400,7,2013-02-02
长安区 ,34,57,300,102,8,11,433,7,2013-02-01
长安区 ,57,52,183,90,17,19,338,7,2013-01-31
长安区 ,96,60,262,93,24,26,410,7,2013-01-30
长安区 ,80,60,215,101,30,43,362,7,2013-01-29
长安区 ,79,49,159,97,23,27,268,6,2013-01-28
长安区 ,80,49,146,88,25,25,212,6,2013-01-27
长安区 ,42,35,85,72,32,42,82,1,2013-01-26
长安区 ,39,33,75,65,33,43,78,1,2013-01-25
长安区 ,23,26,66,51,40,64,60,1,2013-01-24
长安区 ,54,39,111,80,49,55,172,4,2013-01-23
长安区 ,67,46,111,84,24,28,144,3,2013-01-22
长安区 ,42,29,58,53,39,60,75,1,2013-01-21
长安区 ,58,40,133,100,35,45,227,6,2013-01-20
长安区 ,87,57,230,108,14,18,389,7,2013-01-19
长安区 ,101,50,170,102,21,30,285,6,2013-01-18
长安区 ,86,45,137,84,18,25,208,6,2013-01-17
长安区 ,62,37,137,65,43,52,156,4,2013-01-16
长安区 ,54,34,132,42,38,55,92,3,2013-01-15
长安区 ,107,47,117,87,21,28,118,3,2013-01-12
长安区 ,70,39,140,79,38,48,195,4,2013-01-11
长安区 ,96,52,191,101,27,35,309,7,2013-01-10
长安区 ,101,65,151,103,23,34,239,6,2013-01-09
长安区 ,105,60,161,102,26,36,322,7,2013-01-08
长安区 ,83,40,150,89,19,26,300,6,2013-01-07
长安区 ,71,39,150,86,18,25,284,6,2013-01-06
长安区 ,99,37,126,69,21,29,210,6,2013-01-05
长安区 ,115,37,132,63,62,25,185,4,2013-01-04
长安区 ,77,38,135,33,66,29,118,3,2013-01-02
长安区 ,68,37,138,37,71,30,138,3,2013-01-01
阎良区 ,51,54,90,35,21,30,94,1,2013-04-26
阎良区 ,41,52,87,34,18,25,87,1,2013-04-25
阎良区 ,36,50,142,50,21,32,158,4,2013-04-24
阎良区 ,44,43,163,51,36,13,207,6,2013-04-23
阎良区 ,30,23,155,40,0,0,189,4,2013-04-22
阎良区 ,17,22,105,40,31,48,147,3,2013-04-21
阎良区 ,26,20,82,28,25,37,99,1,2013-04-20
阎良区 ,22,19,119,28,21,32,92,1,2013-04-19
阎良区 ,22,24,233,29,22,32,144,6,2013-04-18
阎良区 ,41,33,181,34,31,43,138,4,2013-04-17
阎良区 ,44,32,85,34,25,31,90,1,2013-04-16
阎良区 ,50,30,107,43,20,26,72,3,2013-04-15
阎良区 ,50,30,109,40,18,24,70,3,2013-04-14
阎良区 ,50,29,99,39,17,25,65,1,2013-04-13
阎良区 ,53,70,110,42,22,30,88,3,2013-04-12
阎良区 ,48,141,106,38,18,25,79,3,2013-04-11
阎良区 ,38,127,93,29,18,27,60,3,2013-04-10
阎良区 ,35,51,88,23,17,26,49,1,2013-04-09
阎良区 ,23,90,145,26,19,27,79,3,2013-04-08
阎良区 ,27,73,120,35,16,22,95,3,2013-04-07
阎良区 ,12,48,113,31,15,22,87,3,2013-04-06
阎良区 ,4,38,102,24,22,26,53,3,2013-04-05
阎良区 ,10,35,160,38,24,36,160,4,2013-04-04
阎良区 ,25,67,162,44,25,33,179,4,2013-04-03
阎良区 ,28,53,129,37,16,25,119,3,2013-04-02
阎良区 ,15,60,171,42,16,24,195,4,2013-04-01
阎良区 ,20,54,185,44,17,28,236,6,2013-03-31
阎良区 ,34,69,190,39,17,25,233,6,2013-03-30
阎良区 ,26,47,177,38,20,30,204,6,2013-03-29
阎良区 ,43,79,144,37,14,19,130,3,2013-03-28
阎良区 ,42,100,161,46,14,19,176,4,2013-03-27
阎良区 ,30,34,142,22,19,26,109,3,2013-03-24
阎良区 ,43,72,190,35,19,23,219,6,2013-03-23
阎良区 ,29,63,168,35,15,21,183,4,2013-03-22
阎良区 ,35,70,162,66,15,20,129,4,2013-03-20
阎良区 ,51,104,179,67,11,14,125,4,2013-03-19
阎良区 ,35,65,152,59,13,16,89,4,2013-03-18
阎良区 ,29,61,157,65,20,25,182,4,2013-03-17
阎良区 ,44,62,198,70,14,21,239,6,2013-03-16
阎良区 ,42,64,155,63,18,26,189,4,2013-03-15
阎良区 ,32,65,158,60,19,28,152,4,2013-03-14
阎良区 ,46,81,500,47,16,19,272,7,2013-03-13
阎良区 ,31,59,500,36,5,5,255,7,2013-03-12
阎良区 ,34,38,123,32,6,8,105,3,2013-03-11
阎良区 ,25,44,258,26,6,7,114,6,2013-03-10
阎良区 ,18,49,500,33,5,8,287,7,2013-03-09
阎良区 ,24,33,181,34,6,7,163,4,2013-03-08
阎良区 ,33,38,185,26,8,8,133,4,2013-03-07
阎良区 ,35,165,156,29,116,161,107,4,2013-03-04
阎良区 ,32,141,180,21,106,130,109,4,2013-03-03
阎良区 ,53,29,172,21,70,107,110,4,2013-03-02
阎良区 ,29,14,118,11,48,90,52,3,2013-03-01
阎良区 ,51,94,295,48,44,67,291,6,2013-02-28
阎良区 ,57,68,374,74,19,25,352,7,2013-02-27
阎良区 ,56,67,458,75,17,22,420,7,2013-02-26
阎良区 ,55,62,182,55,16,24,334,7,2013-02-25
阎良区 ,56,60,182,55,19,27,267,6,2013-02-24
阎良区 ,60,64,184,69,18,26,263,6,2013-02-23
阎良区 ,50,65,141,54,18,24,210,6,2013-02-22
阎良区 ,54,68,147,48,15,18,220,6,2013-02-21
阎良区 ,44,60,114,34,11,13,165,4,2013-02-20
阎良区 ,32,58,101,33,12,17,122,3,2013-02-19
阎良区 ,26,55,97,29,17,26,100,1,2013-02-18
阎良区 ,57,49,199,102,36,47,313,7,2013-02-17
阎良区 ,60,45,203,109,41,65,301,7,2013-02-16
阎良区 ,52,44,96,104,36,57,108,3,2013-02-15
阎良区 ,58,47,117,105,32,47,170,4,2013-02-14
阎良区 ,47,44,88,104,32,48,108,3,2013-02-13
阎良区 ,34,44,119,104,29,43,199,4,2013-02-12
阎良区 ,52,44,185,106,32,47,308,7,2013-02-11
阎良区 ,68,47,338,107,35,55,407,7,2013-02-10
阎良区 ,64,48,228,107,31,44,367,7,2013-02-09
阎良区 ,60,44,105,102,26,39,168,4,2013-02-08
阎良区 ,62,48,124,106,24,37,203,6,2013-02-07
阎良区 ,67,50,182,111,28,39,322,7,2013-02-06
阎良区 ,58,50,120,106,23,31,217,6,2013-02-05
阎良区 ,55,49,109,108,18,23,186,4,2013-02-04
阎良区 ,56,49,126,106,24,36,206,6,2013-02-03
阎良区 ,73,55,169,109,25,36,275,6,2013-02-02
阎良区 ,68,58,270,109,28,39,349,7,2013-02-01
阎良区 ,68,58,263,108,23,33,344,7,2013-01-31
阎良区 ,83,60,292,109,26,38,371,7,2013-01-30
阎良区 ,82,59,188,106,31,44,291,6,2013-01-29
阎良区 ,85,59,158,103,22,29,236,6,2013-01-28
阎良区 ,71,53,111,96,30,45,143,3,2013-01-27
阎良区 ,76,32,117,101,29,38,159,4,2013-01-26
阎良区 ,75,55,119,90,23,32,153,4,2013-01-25
阎良区 ,52,48,72,78,25,37,72,1,2013-01-24
阎良区 ,64,53,156,95,20,25,264,6,2013-01-23
阎良区 ,56,50,103,85,24,34,143,3,2013-01-22
阎良区 ,52,51,106,82,22,29,149,3,2013-01-21
阎良区 ,75,64,401,108,15,22,424,7,2013-01-20
阎良区 ,106,62,299,107,22,29,365,7,2013-01-19
阎良区 ,96,58,180,102,23,33,258,6,2013-01-18
阎良区 ,82,50,131,79,24,33,159,4,2013-01-17
阎良区 ,92,58,173,77,20,26,189,4,2013-01-16
阎良区 ,97,39,155,73,30,38,196,4,2013-01-15
阎良区 ,118,35,253,102,30,41,334,7,2013-01-14
阎良区 ,107,34,186,99,31,39,289,6,2013-01-13
阎良区 ,91,30,145,83,27,38,209,6,2013-01-12
阎良区 ,84,32,170,79,30,37,266,6,2013-01-11
阎良区 ,96,32,158,79,12,16,244,6,2013-01-10
阎良区 ,75,30,112,69,26,36,162,4,2013-01-09
阎良区 ,87,35,191,86,24,29,311,7,2013-01-08
阎良区 ,103,38,324,99,16,18,406,7,2013-01-07
阎良区 ,99,32,183,75,9,13,287,6,2013-01-06
阎良区 ,93,29,157,69,13,16,257,6,2013-01-05
阎良区 ,83,27,95,48,27,11,130,3,2013-01-04
阎良区 ,61,23,61,24,46,22,57,1,2013-01-03
阎良区 ,60,23,61,24,42,20,46,1,2013-01-02
阎良区 ,67,27,85,46,45,19,90,1,2013-01-01
临潼区 ,38,70,103,37,35,41,95,3,2013-04-26
临潼区 ,29,92,110,41,31,42,92,3,2013-04-25
临潼区 ,19,87,121,44,30,35,135,3,2013-04-24
临潼区 ,14,67,99,46,23,29,130,3,2013-04-23
临潼区 ,11,52,95,30,16,18,98,1,2013-04-19
临潼区 ,28,50,249,30,25,34,152,6,2013-04-18
临潼区 ,42,68,150,28,40,51,130,3,2013-04-17
临潼区 ,34,47,96,17,30,43,64,1,2013-04-16
临潼区 ,34,55,78,15,37,48,67,1,2013-04-15
临潼区 ,24,35,81,11,31,41,67,1,2013-04-14
临潼区 ,40,45,71,15,32,38,58,1,2013-04-13
临潼区 ,34,77,81,24,30,42,70,1,2013-04-12
临潼区 ,37,85,87,26,29,39,75,1,2013-04-11
临潼区 ,22,57,77,16,25,39,62,1,2013-04-10
临潼区 ,16,39,81,13,27,38,74,1,2013-04-09
临潼区 ,18,43,143,12,26,38,100,3,2013-04-08
临潼区 ,42,93,101,45,30,39,92,3,2013-04-07
临潼区 ,25,92,99,59,22,25,90,1,2013-04-06
临潼区 ,14,52,110,51,18,25,52,3,2013-04-05
临潼区 ,22,82,124,61,27,25,169,4,2013-04-04
临潼区 ,56,110,129,67,39,46,170,4,2013-04-03
临潼区 ,53,94,128,59,21,29,134,3,2013-04-02
临潼区 ,27,90,137,60,35,45,152,4,2013-04-01
临潼区 ,37,98,148,63,32,28,249,6,2013-03-31
临潼区 ,46,99,156,62,32,38,228,6,2013-03-30
临潼区 ,42,88,146,56,19,26,198,4,2013-03-29
临潼区 ,55,102,112,58,34,40,117,3,2013-03-28
临潼区 ,50,111,120,61,27,28,119,3,2013-03-27
临潼区 ,23,78,95,56,33,42,120,3,2013-03-27
临潼区 ,44,104,124,61,27,30,119,3,2013-03-22
临潼区 ,38,82,135,53,18,22,143,3,2013-03-21
临潼区 ,40,68,126,47,29,38,89,3,2013-03-20
临潼区 ,52,92,138,43,33,46,88,3,2013-03-19
临潼区 ,40,71,140,16,34,47,62,3,2013-03-18
临潼区 ,54,74,126,18,37,55,119,3,2013-03-17
临潼区 ,60,46,156,35,14,17,223,6,2013-03-16
临潼区 ,55,75,133,37,26,32,224,6,2013-03-15
临潼区 ,66,88,500,26,17,21,204,7,2013-03-12
临潼区 ,57,35,98,35,15,20,93,1,2013-03-11
临潼区 ,40,23,296,25,25,32,77,6,2013-03-10
临潼区 ,41,33,500,25,36,27,216,7,2013-03-09
临潼区 ,55,43,107,26,45,56,88,3,2013-03-08
临潼区 ,62,55,156,34,35,54,135,4,2013-03-07
临潼区 ,81,74,138,45,31,33,165,4,2013-03-05
临潼区 ,74,69,126,60,23,27,123,3,2013-03-04
临潼区 ,83,62,212,60,31,43,263,6,2013-02-28
临潼区 ,88,85,216,78,35,44,349,7,2013-02-27
临潼区 ,85,100,191,88,27,23,333,7,2013-02-26
临潼区 ,66,63,98,65,34,42,163,4,2013-02-22
临潼区 ,79,75,108,77,30,31,186,4,2013-02-21
临潼区 ,63,44,80,51,21,25,128,3,2013-02-20
临潼区 ,43,56,83,47,18,26,129,3,2013-02-19
临潼区 ,28,52,90,52,28,37,137,3,2013-02-18
临潼区 ,66,92,145,96,33,39,276,6,2013-02-17
临潼区 ,52,69,148,107,33,40,291,6,2013-02-16
临潼区 ,41,49,77,104,31,37,84,3,2013-02-15
临潼区 ,56,52,80,103,27,37,109,3,2013-02-14
临潼区 ,47,49,84,101,26,33,117,3,2013-02-13
临潼区 ,51,43,104,105,24,31,179,4,2013-02-12
临潼区 ,34,38,57,105,10,15,292,6,2013-02-11
临潼区 ,41,70,95,94,17,19,180,4,2013-02-08
临潼区 ,54,59,106,103,14,19,196,4,2013-02-07
临潼区 ,55,88,198,109,17,19,327,7,2013-02-06
临潼区 ,48,74,82,104,23,25,138,3,2013-02-05
临潼区 ,25,69,53,105,10,14,186,4,2013-02-04
临潼区 ,34,83,58,104,9,13,215,6,2013-02-03
临潼区 ,63,111,169,111,12,16,320,7,2013-02-02
临潼区 ,54,106,263,114,13,16,423,7,2013-02-01
临潼区 ,56,111,176,106,14,17,336,7,2013-01-31
临潼区 ,89,125,250,107,11,15,410,7,2013-01-30
临潼区 ,76,105,184,108,13,17,352,7,2013-01-29
临潼区 ,83,120,152,108,12,16,272,6,2013-01-28
临潼区 ,70,131,128,95,14,19,210,6,2013-01-27
临潼区 ,79,137,118,89,15,20,186,4,2013-01-26
临潼区 ,60,108,80,73,26,37,87,3,2013-01-25
临潼区 ,56,100,71,53,25,36,63,1,2013-01-24
临潼区 ,71,138,152,100,13,18,289,6,2013-01-23
临潼区 ,58,118,112,85,19,24,202,6,2013-01-22
临潼区 ,62,96,53,53,25,32,77,1,2013-01-21
临潼区 ,54,122,355,104,15,20,355,7,2013-01-20
临潼区 ,88,150,444,114,10,16,442,7,2013-01-19
临潼区 ,78,142,220,107,11,17,328,7,2013-01-18
临潼区 ,67,116,127,69,22,24,189,4,2013-01-17
临潼区 ,64,127,126,64,32,26,145,3,2013-01-16
临潼区 ,72,110,135,35,14,13,90,3,2013-01-15
临潼区 ,91,167,210,103,6,5,362,7,2013-01-14
临潼区 ,94,171,177,104,3,4,305,7,2013-01-13
临潼区 ,81,175,177,102,4,4,284,6,2013-01-12
临潼区 ,85,125,137,68,11,12,212,6,2013-01-11
临潼区 ,102,138,171,101,3,4,303,7,2013-01-10
临潼区 ,62,117,111,64,6,7,159,4,2013-01-09
临潼区 ,85,152,171,101,44,52,288,6,2013-01-08
临潼区 ,103,147,196,107,4,5,342,7,2013-01-07
临潼区 ,94,154,188,105,4,5,328,7,2013-01-06
临潼区 ,102,119,135,87,4,6,229,6,2013-01-05
临潼区 ,74,78,96,50,21,8,138,3,2013-01-04
临潼区 ,41,39,55,18,116,39,45,1,2013-01-03
临潼区 ,55,50,79,30,54,18,65,1,2013-01-02
临潼区 ,66,87,107,66,54,18,97,3,2013-01-01
曲江文化集团 ,25,114,133,35,34,41,105,3,2013-04-26
曲江文化集团 ,26,111,140,36,32,39,118,3,2013-04-25
曲江文化集团 ,26,112,132,34,31,38,124,3,2013-04-24
曲江文化集团 ,20,85,106,66,27,32,127,3,2013-04-23
曲江文化集团 ,26,101,121,99,33,39,170,4,2013-04-22
曲江文化集团 ,40,103,94,94,37,44,138,3,2013-04-21
曲江文化集团 ,23,82,64,83,32,39,85,1,2013-04-20
曲江文化集团 ,16,67,70,82,26,25,84,1,2013-04-19
曲江文化集团 ,34,70,182,78,34,48,138,4,2013-04-18
曲江文化集团 ,39,99,144,78,75,90,123,3,2013-04-17
曲江文化集团 ,14,72,91,57,43,66,60,1,2013-04-16
曲江文化集团 ,14,101,109,64,41,76,73,3,2013-04-15
曲江文化集团 ,12,93,96,63,36,56,68,1,2013-04-14
曲江文化集团 ,13,97,91,66,38,50,60,1,2013-04-13
曲江文化集团 ,17,93,92,67,35,42,64,1,2013-04-12
曲江文化集团 ,23,99,98,68,37,45,72,1,2013-04-11
曲江文化集团 ,15,79,86,63,32,46,58,1,2013-04-10
曲江文化集团 ,12,57,78,48,31,45,43,1,2013-04-09
曲江文化集团 ,11,80,125,35,25,30,80,3,2013-04-08
曲江文化集团 ,25,93,97,39,29,35,88,1,2013-04-07
曲江文化集团 ,17,79,81,30,34,43,63,1,2013-04-06
曲江文化集团 ,8,60,96,33,21,29,55,1,2013-04-05
曲江文化集团 ,22,104,131,55,26,17,155,4,2013-04-04
曲江文化集团 ,40,108,118,60,50,59,138,3,2013-04-03
曲江文化集团 ,54,112,117,48,8,9,109,3,2013-04-02
曲江文化集团 ,34,110,166,87,33,39,199,4,2013-04-01
曲江文化集团 ,41,104,134,102,38,34,207,6,2013-03-31
曲江文化集团 ,41,107,145,99,38,50,189,4,2013-03-30
曲江文化集团 ,41,103,135,90,22,28,169,4,2013-03-29
曲江文化集团 ,32,104,113,89,40,48,102,3,2013-03-28
曲江文化集团 ,27,104,106,81,39,47,93,3,2013-03-27
曲江文化集团 ,16,83,88,71,28,34,104,3,2013-03-26
曲江文化集团 ,57,103,106,70,8,41,120,3,2013-03-25
曲江文化集团 ,53,95,135,60,34,43,113,3,2013-03-24
曲江文化集团 ,32,108,159,73,32,39,173,4,2013-03-23
曲江文化集团 ,30,111,116,62,34,41,134,3,2013-03-22
曲江文化集团 ,44,102,127,51,17,20,148,3,2013-03-21
曲江文化集团 ,36,93,126,40,30,36,107,3,2013-03-20
曲江文化集团 ,43,84,120,102,39,49,128,3,2013-03-17
曲江文化集团 ,59,106,154,103,35,42,216,6,2013-03-16
曲江文化集团 ,84,112,153,98,42,50,193,4,2013-03-15
曲江文化集团 ,66,87,122,81,20,24,143,3,2013-03-14
曲江文化集团 ,69,101,500,87,30,36,324,7,2013-03-13
曲江文化集团 ,57,89,500,66,27,32,277,7,2013-03-12
曲江文化集团 ,79,89,112,61,11,12,102,3,2013-03-11
曲江文化集团 ,54,64,368,45,19,23,127,7,2013-03-10
曲江文化集团 ,26,79,500,29,20,25,323,7,2013-03-09
曲江文化集团 ,54,111,163,37,36,43,124,4,2013-03-08
曲江文化集团 ,50,102,188,36,31,37,145,4,2013-03-07
曲江文化集团 ,46,97,228,33,29,35,152,6,2013-03-06
曲江文化集团 ,46,104,172,22,31,37,124,4,2013-03-04
曲江文化集团 ,43,97,179,23,29,35,123,4,2013-03-03
曲江文化集团 ,37,92,151,9,22,25,100,4,2013-03-02
曲江文化集团 ,33,79,155,37,19,26,63,4,2013-03-01
曲江文化集团 ,38,106,317,62,22,23,222,7,2013-02-28
曲江文化集团 ,78,120,322,75,44,37,294,7,2013-02-27
曲江文化集团 ,75,114,273,103,22,21,290,6,2013-02-26
曲江文化集团 ,81,108,225,92,5,6,298,6,2013-02-25
曲江文化集团 ,71,109,225,92,33,37,277,6,2013-02-24
曲江文化集团 ,60,104,146,82,30,34,203,6,2013-02-23
曲江文化集团 ,53,95,95,69,34,36,103,3,2013-02-22
曲江文化集团 ,54,88,106,73,35,36,119,3,2013-02-21
曲江文化集团 ,55,68,84,56,18,23,99,1,2013-02-20
曲江文化集团 ,55,63,78,56,11,14,90,1,2013-02-19
曲江文化集团 ,53,70,89,60,22,26,88,1,2013-02-18
曲江文化集团 ,61,80,151,77,23,24,215,6,2013-02-17
曲江文化集团 ,72,93,167,102,20,25,258,6,2013-02-16
曲江文化集团 ,44,62,79,92,28,33,65,1,2013-02-15
曲江文化集团 ,50,68,92,100,21,22,107,3,2013-02-14
曲江文化集团 ,53,84,98,103,13,14,112,3,2013-02-13
曲江文化集团 ,52,67,103,102,21,27,124,3,2013-02-12
曲江文化集团 ,57,75,144,105,4,3,237,6,2013-02-11
曲江文化集团 ,36,79,442,106,30,30,415,7,2013-02-10
曲江文化集团 ,65,97,148,103,16,19,226,6,2013-02-09
曲江文化集团 ,46,82,85,99,11,14,118,3,2013-02-08
曲江文化集团 ,52,82,113,102,11,11,150,3,2013-02-07
曲江文化集团 ,83,102,166,105,8,8,234,6,2013-02-06
曲江文化集团 ,50,85,104,102,24,25,110,3,2013-02-05
曲江文化集团 ,72,99,111,103,3,3,139,3,2013-02-04
曲江文化集团 ,93,106,166,104,3,3,226,6,2013-02-03
曲江文化集团 ,101,120,330,106,3,4,298,7,2013-02-02
曲江文化集团 ,92,130,463,107,4,5,371,7,2013-02-01
曲江文化集团 ,93,120,308,102,14,12,288,7,2013-01-31
曲江文化集团 ,113,141,338,111,9,10,414,7,2013-01-30
曲江文化集团 ,91,129,314,116,36,43,364,7,2013-01-29
曲江文化集团 ,102,125,162,111,2,3,303,7,2013-01-28
曲江文化集团 ,101,124,152,108,2,3,245,6,2013-01-27
曲江文化集团 ,62,104,116,104,3,4,176,4,2013-01-26
曲江文化集团 ,58,101,91,102,10,7,127,3,2013-01-25
曲江文化集团 ,61,75,73,85,7,8,59,1,2013-01-24
曲江文化集团 ,68,145,156,104,4,5,268,6,2013-01-23
曲江文化集团 ,103,111,190,105,3,3,326,7,2013-01-20
曲江文化集团 ,113,136,403,112,3,4,444,7,2013-01-19
曲江文化集团 ,107,125,226,108,37,44,331,7,2013-01-18
曲江文化集团 ,74,102,177,114,20,8,259,6,2013-01-17
曲江文化集团 ,57,65,157,115,4,5,200,4,2013-01-16
曲江文化集团 ,44,63,145,110,4,5,104,3,2013-01-15
曲江文化集团 ,20,101,447,122,4,6,445,7,2013-01-14
曲江文化集团 ,21,85,408,118,4,6,410,7,2013-01-13
曲江文化集团 ,22,72,240,108,4,6,284,6,2013-01-12
曲江文化集团 ,13,133,215,109,4,6,279,6,2013-01-11
曲江文化集团 ,34,165,379,112,5,7,392,7,2013-01-10
曲江文化集团 ,19,83,432,109,4,6,438,7,2013-01-08
曲江文化集团 ,21,157,398,109,4,6,409,7,2013-01-07
曲江文化集团 ,23,144,285,103,5,7,363,7,2013-01-06
曲江文化集团 ,57,127,189,95,27,12,286,6,2013-01-05
曲江文化集团 ,49,102,128,65,6,3,170,4,2013-01-04
曲江文化集团 ,9,52,64,33,6,3,49,1,2013-01-03
曲江文化集团 ,11,60,103,42,5,3,98,3,2013-01-02
曲江文化集团 ,8,121,166,56,6,3,149,4,2013-01-01
广运潭 ,25,98,135,75,54,85,127,3,2013-04-26
广运潭 ,17,89,108,58,42,63,83,3,2013-04-25
广运潭 ,19,102,179,78,41,45,192,4,2013-04-24
广运潭 ,16,64,132,76,23,27,168,4,2013-04-23
广运潭 ,10,58,155,71,5,5,224,6,2013-04-22
广运潭 ,15,45,121,59,22,18,182,4,2013-04-21
广运潭 ,11,39,77,43,15,19,99,1,2013-04-20
广运潭 ,8,37,91,44,12,17,98,1,2013-04-19
广运潭 ,20,47,310,35,30,39,178,7,2013-04-18
广运潭 ,51,82,160,63,28,34,150,4,2013-04-17
广运潭 ,21,59,86,14,43,55,-76,1,2013-04-15
广运潭 ,18,50,73,16,31,39,-35,1,2013-04-14
广运潭 ,15,49,80,96,52,71,88,1,2013-04-13
广运潭 ,11,62,69,81,29,30,113,1,2013-04-12
广运潭 ,21,74,88,62,35,52,63,1,2013-04-10
广运潭 ,14,58,89,59,35,54,55,1,2013-04-09
广运潭 ,18,74,169,64,34,48,103,4,2013-04-08
广运潭 ,49,100,130,67,37,48,112,3,2013-04-07
广运潭 ,25,80,107,58,38,47,80,3,2013-04-06
广运潭 ,33,57,123,53,26,36,67,3,2013-04-05
广运潭 ,24,82,141,66,33,33,143,3,2013-04-04
广运潭 ,57,105,160,71,75,81,166,4,2013-04-03
广运潭 ,60,101,146,67,20,25,133,3,2013-04-02
广运潭 ,41,108,213,74,42,59,195,6,2013-04-01
广运潭 ,37,88,175,74,52,48,228,6,2013-03-31
广运潭 ,48,101,184,70,52,71,222,6,2013-03-30
广运潭 ,43,99,172,66,31,39,198,4,2013-03-29
广运潭 ,49,112,146,72,41,46,117,3,2013-03-28
广运潭 ,52,115,154,77,46,52,127,4,2013-03-27
广运潭 ,26,98,116,70,41,48,129,3,2013-03-26
广运潭 ,54,93,126,53,13,36,120,3,2013-03-25
广运潭 ,42,70,172,45,35,46,115,4,2013-03-24
广运潭 ,49,107,193,56,44,47,206,6,2013-03-23
广运潭 ,37,104,134,51,34,40,127,3,2013-03-22
广运潭 ,38,95,161,49,25,26,168,4,2013-03-21
广运潭 ,41,89,170,41,30,36,113,4,2013-03-20
广运潭 ,34,115,186,48,30,30,128,4,2013-03-19
广运潭 ,31,106,167,40,37,41,89,4,2013-03-18
广运潭 ,56,92,162,48,44,64,172,4,2013-03-17
广运潭 ,57,104,186,51,15,17,269,6,2013-03-16
广运潭 ,47,94,156,42,32,41,220,6,2013-03-15
广运潭 ,44,73,127,70,25,31,170,4,2013-03-14
广运潭 ,59,89,500,93,15,17,333,7,2013-03-13
广运潭 ,65,94,500,79,18,20,289,7,2013-03-12
广运潭 ,51,70,114,71,19,25,115,3,2013-03-11
广运潭 ,34,55,500,57,20,27,133,7,2013-03-10
广运潭 ,25,93,500,57,24,32,326,7,2013-03-09
广运潭 ,53,111,156,62,62,76,129,4,2013-03-08
广运潭 ,50,107,199,61,34,38,147,4,2013-03-07
广运潭 ,64,97,242,57,34,47,163,6,2013-03-06
广运潭 ,60,107,185,55,40,51,195,4,2013-03-05
广运潭 ,47,95,157,40,33,44,125,4,2013-03-04
广运潭 ,55,95,172,40,34,41,117,4,2013-03-03
广运潭 ,90,105,171,40,20,23,120,4,2013-03-02
广运潭 ,34,58,157,24,23,35,67,4,2013-03-01
广运潭 ,80,109,374,55,25,35,306,7,2013-02-28
广运潭 ,77,112,353,55,64,77,387,7,2013-02-27
广运潭 ,101,129,295,108,37,27,362,7,2013-02-26
广运潭 ,93,121,216,111,15,17,366,7,2013-02-25
广运潭 ,80,115,216,111,43,54,343,7,2013-02-24
广运潭 ,60,113,158,108,41,52,278,6,2013-02-23
广运潭 ,57,108,110,105,44,53,169,4,2013-02-22
广运潭 ,86,112,121,106,36,39,190,4,2013-02-21
广运潭 ,99,100,101,104,16,19,153,4,2013-02-20
广运潭 ,55,67,94,103,25,30,142,3,2013-02-19
广运潭 ,23,67,96,102,27,34,130,3,2013-02-18
广运潭 ,59,82,182,113,35,34,305,7,2013-02-17
广运潭 ,65,73,188,118,37,39,342,7,2013-02-16
广运潭 ,29,53,86,110,32,43,79,3,2013-02-15
广运潭 ,57,67,104,110,22,24,144,3,2013-02-14
广运潭 ,25,53,90,109,34,45,112,3,2013-02-13
广运潭 ,53,47,113,110,30,39,186,4,2013-02-12
广运潭 ,41,53,65,113,7,9,312,7,2013-02-11
广运潭 ,60,78,472,114,20,22,499,7,2013-02-10
广运潭 ,95,99,182,112,25,28,336,7,2013-02-09
广运潭 ,52,83,96,108,17,17,172,4,2013-02-08
广运潭 ,55,80,126,111,13,15,216,6,2013-02-07
广运潭 ,69,107,192,115,12,11,335,7,2013-02-06
广运潭 ,74,97,100,110,22,23,153,4,2013-02-05
广运潭 ,50,85,107,112,5,6,180,4,2013-02-04
广运潭 ,42,101,119,111,3,4,213,6,2013-02-03
广运潭 ,63,115,289,116,7,8,381,7,2013-02-02
广运潭 ,74,125,382,116,10,10,432,7,2013-02-01
广运潭 ,56,116,215,111,12,12,334,7,2013-01-31
广运潭 ,84,132,405,111,14,15,422,7,2013-01-30
广运潭 ,68,116,275,108,22,23,343,7,2013-01-29
广运潭 ,81,127,268,106,8,9,306,7,2013-01-28
广运潭 ,79,111,150,101,15,15,196,4,2013-01-27
广运潭 ,89,116,144,101,12,13,173,4,2013-01-26
广运潭 ,57,106,107,98,17,20,108,3,2013-01-25
广运潭 ,45,81,94,78,30,38,58,1,2013-01-24
广运潭 ,65,86,88,90,25,30,83,1,2013-01-21
广运潭 ,63,124,300,110,4,6,376,7,2013-01-20
广运潭 ,91,138,437,114,5,7,426,7,2013-01-19
广运潭 ,88,139,299,108,6,9,321,7,2013-01-18
广运潭 ,66,111,188,98,39,27,231,6,2013-01-17
广运潭 ,58,111,161,79,32,27,169,4,2013-01-16
广运潭 ,51,99,163,63,43,41,99,4,2013-01-15
广运潭 ,57,117,372,104,108,25,411,7,2013-01-14
广运潭 ,70,119,220,96,12,11,316,7,2013-01-13
广运潭 ,83,111,178,78,14,14,245,6,2013-01-12
广运潭 ,86,115,184,80,26,23,232,6,2013-01-11
广运潭 ,101,125,263,90,7,8,315,7,2013-01-10
广运潭 ,62,103,167,74,10,12,219,6,2013-01-09
广运潭 ,71,122,270,85,4,5,310,7,2013-01-08
广运潭 ,82,131,340,96,6,8,342,7,2013-01-07
广运潭 ,81,127,354,97,6,8,370,7,2013-01-06
广运潭 ,103,113,186,67,8,9,239,6,2013-01-05
广运潭 ,65,88,102,43,26,10,144,3,2013-01-04
广运潭 ,14,54,27,21,57,25,43,1,2013-01-03
广运潭 ,38,68,46,29,41,17,82,1,2013-01-02
广运潭 ,37,94,64,33,60,23,104,3,2013-01-01
草滩 ,44,44,82,56,64,78,80,1,2013-04-26
草滩 ,38,44,85,50,42,60,90,1,2013-04-25
草滩 ,43,49,105,68,37,48,182,4,2013-04-24
草滩 ,42,49,234,59,28,35,232,6,2013-04-23
草滩 ,25,35,230,52,12,15,236,6,2013-04-22
草滩 ,23,28,82,45,15,19,134,3,2013-04-21
草滩 ,16,24,59,36,8,10,87,1,2013-04-20
草滩 ,18,25,78,32,11,14,83,1,2013-04-19
草滩 ,26,28,160,15,18,23,143,4,2013-04-18
草滩 ,55,38,129,22,59,90,118,3,2013-04-17
草滩 ,44,57,122,18,40,58,80,3,2013-04-16
草滩 ,54,60,143,39,38,59,103,3,2013-04-15
草滩 ,51,100,240,49,36,49,110,3,2013-04-14
草滩 ,63,58,13,69,35,46,108,3,2013-04-13
草滩 ,48,58,147,50,34,45,103,3,2013-04-12
草滩 ,44,47,128,56,35,46,103,3,2013-04-11
草滩 ,24,38,13,70,32,44,67,1,2013-04-10
草滩 ,26,28,13,80,30,44,43,1,2013-04-09
草滩 ,26,32,119,75,28,35,94,3,2013-04-08
草滩 ,59,47,122,79,34,39,102,3,2013-04-07
草滩 ,18,25,93,88,26,26,87,1,2013-04-06
草滩 ,21,24,95,79,18,20,57,1,2013-04-05
草滩 ,23,25,100,76,23,23,133,3,2013-04-04
草滩 ,56,44,139,105,42,61,173,4,2013-04-03
草滩 ,47,42,115,117,23,30,105,3,2013-04-02
草滩 ,50,58,178,120,37,51,253,6,2013-04-01
草滩 ,40,40,125,114,35,43,203,6,2013-03-31
草滩 ,45,45,124,113,35,46,198,4,2013-03-30
草滩 ,46,38,136,111,27,39,183,4,2013-03-29
草滩 ,53,59,169,108,41,43,180,4,2013-03-28
草滩 ,51,59,131,103,33,39,127,3,2013-03-27
草滩 ,31,43,108,101,31,40,153,4,2013-03-26
草滩 ,38,33,93,99,15,23,115,3,2013-03-25
草滩 ,33,25,120,89,31,43,113,3,2013-03-24
草滩 ,60,54,137,101,33,39,183,4,2013-03-23
草滩 ,52,57,153,101,30,35,216,6,2013-03-22
草滩 ,41,48,131,94,21,30,162,4,2013-03-21
草滩 ,50,43,168,80,29,40,140,4,2013-03-20
草滩 ,67,75,272,94,23,24,212,6,2013-03-19
草滩 ,61,59,263,70,26,32,150,6,2013-03-18
草滩 ,53,47,148,55,32,43,192,4,2013-03-17
草滩 ,53,49,157,62,18,26,247,6,2013-03-16
草滩 ,49,40,109,62,31,42,180,4,2013-03-15
草滩 ,37,30,102,48,24,33,147,3,2013-03-14
草滩 ,52,43,405,57,18,23,260,7,2013-03-13
草滩 ,52,50,500,105,14,16,246,7,2013-03-12
草滩 ,31,33,80,116,16,21,89,3,2013-03-11
草滩 ,26,25,164,113,15,21,102,4,2013-03-10
草滩 ,47,44,500,109,16,22,256,7,2013-03-09
草滩 ,59,69,189,107,35,34,200,4,2013-03-08
草滩 ,56,72,272,104,21,25,203,6,2013-03-07
草滩 ,51,54,183,85,20,29,183,4,2013-03-06
草滩 ,55,60,177,76,26,30,218,6,2013-03-05
草滩 ,51,53,155,61,22,28,173,4,2013-03-04
草滩 ,50,57,175,49,21,25,192,4,2013-03-03
草滩 ,48,52,131,29,15,20,117,3,2013-03-02
草滩 ,35,29,82,9,14,20,58,1,2013-03-01
草滩 ,56,59,179,79,15,36,271,6,2013-02-28
草滩 ,57,63,210,73,39,41,380,7,2013-02-27
草滩 ,64,74,278,105,23,18,426,7,2013-02-26
草滩 ,52,52,173,101,19,17,309,7,2013-02-25
草滩 ,59,54,173,101,32,38,333,7,2013-02-24
草滩 ,45,48,123,96,32,38,235,6,2013-02-23
草滩 ,37,44,106,89,29,34,205,6,2013-02-22
草滩 ,31,48,110,87,24,30,212,6,2013-02-21
草滩 ,37,35,13,85,17,21,162,4,2013-02-20
草滩 ,32,33,13,83,11,10,144,3,2013-02-19
草滩 ,24,30,13,84,11,14,130,3,2013-02-18
草滩 ,91,40,169,121,34,38,327,7,2013-02-17
草滩 ,79,32,13,129,33,48,311,7,2013-02-16
草滩 ,50,20,68,121,34,50,103,3,2013-02-15
草滩 ,81,34,97,121,29,39,188,4,2013-02-14
草滩 ,76,24,13,119,34,45,103,3,2013-02-13
草滩 ,77,22,13,119,32,45,221,6,2013-02-12
草滩 ,74,27,13,117,21,31,299,6,2013-02-11
草滩 ,98,34,212,114,32,42,464,7,2013-02-10
草滩 ,82,32,50,108,34,45,320,7,2013-02-09
草滩 ,69,35,13,105,17,25,170,4,2013-02-08
草滩 ,85,40,13,105,17,26,223,6,2013-02-07
草滩 ,103,59,162,107,18,20,324,7,2013-02-06
草滩 ,89,54,93,104,25,30,180,4,2013-02-05
草滩 ,89,48,13,106,9,13,201,6,2013-02-04
草滩 ,102,57,13,106,9,13,219,6,2013-02-03
草滩 ,109,77,179,108,14,18,396,7,2013-02-02
草滩 ,100,97,308,106,14,17,430,7,2013-02-01
草滩 ,107,93,159,103,11,15,315,7,2013-01-31
草滩 ,108,105,368,114,14,18,460,7,2013-01-30
草滩 ,104,83,170,114,24,26,327,7,2013-01-29
草滩 ,83,99,222,113,11,15,349,7,2013-01-28
草滩 ,35,73,107,108,2,3,192,4,2013-01-27
草滩 ,30,83,156,109,10,14,272,6,2013-01-26
草滩 ,30,67,122,105,16,20,185,4,2013-01-25
草滩 ,38,40,58,100,17,23,67,1,2013-01-24
草滩 ,59,85,161,109,12,16,286,6,2013-01-23
草滩 ,57,61,98,106,13,17,123,3,2013-01-22
草滩 ,52,47,63,114,14,17,75,3,2013-01-21
草滩 ,71,89,205,135,6,6,398,7,2013-01-20
草滩 ,84,102,279,135,5,6,410,7,2013-01-19
草滩 ,88,102,172,123,5,7,300,6,2013-01-18
草滩 ,66,69,119,112,9,12,196,4,2013-01-17
草滩 ,65,78,158,106,12,10,222,6,2013-01-16
草滩 ,51,49,127,101,10,10,200,4,2013-01-15
草滩 ,57,60,248,111,6,8,404,7,2013-01-14
草滩 ,38,40,199,110,5,7,390,7,2013-01-13
草滩 ,41,38,115,102,6,7,217,6,2013-01-12
草滩 ,52,45,145,102,11,11,272,6,2013-01-11
草滩 ,38,40,159,105,5,8,317,7,2013-01-10
草滩 ,33,30,113,93,5,6,216,6,2013-01-09
草滩 ,57,70,299,107,8,11,446,7,2013-01-08
草滩 ,68,84,307,104,7,10,373,7,2013-01-07
草滩 ,71,73,240,99,6,8,419,7,2013-01-06
草滩 ,68,59,167,76,9,11,303,7,2013-01-05
